Title,Integration Status,Category,Website,Description,Total Awarded,Total Paid,Regions of Operation,Submissions,Awarded Submissions,Submission URL (from All Submissions),Submission URL (from Awarded Submissions),Round (from Submissions),Round (from Awarded Submissions),Open-Source?,Github,Discord,X,LinkedIn,Analytics,Public Audit Report (from Audits) (from Audit Bank),Team Description,Soroban?,Thumbnail
Ebioro,Mainnet,Applications,https://ebioro.com/,Financial Freedom for all Cubans,$236763.00,$239164.32,,Ebioro,OrunPay,https://communityfund.stellar.org/dashboard/submissions/recsWgGMe0r36Gza0,https://communityfund.stellar.org/dashboard/submissions/recsWgGMe0r36Gza0,SCF #8,SCF #8,"No, my project does not need to be open-source, now or in the future",,,,,,,,checked,62eaf5460396e76802e8e74c_6140c98a2150312dad4be26d_OrunPay_Thumbnail_final.jpeg (https://v5.airtableusercontent.com/v3/u/50/50/1771855200000/8Fhc_bSpXNEKGseYeRfvMA/EBh9SfiBiLN0s6EDiEffK8Pfl3NzUpVHYTEpwOTpDUbeQcX_UFb3kJmeI5JUAke0oLk8BAiSp0AOWKdm6rrkQvp0Vx9Tlgd18SQQwCjxMwBTGHmLE-NeaMy0FMv6EpeRz0-20mfqZ6-Ty-G463dyxvWk5z30fyXHzwPw57Opm4XtFbzCqyc0N4xOfOednlULPtnPVcxUiCuXbI4oWhMXzyZ9FIHPCmAIMwRus9L5kSU/ErVkUWlFhqt6ITvHsttAWQYSawOpY8e8lvjdLfztJAM)
ScopeX,Mainnet,Applications,https://scopex.money,Simplified fiat remittance app for web2 users without exposing complexity of crypto world,$78000.00,$78000.00,,"ScopeX,ScopeX","ScopeX: Remittance for Indians, Building no-cost money remittance service for India","https://communityfund.stellar.org/dashboard/submissions/recVBPIbN6ojsDcHK, https://communityfund.stellar.org/dashboard/submissions/recQqSzJ9ggbbyirH","https://communityfund.stellar.org/dashboard/submissions/recVBPIbN6ojsDcHK, https://communityfund.stellar.org/dashboard/submissions/recQqSzJ9ggbbyirH","SCF #26, SCF #30","SCF #26, SCF #30","No, my project does not need to be open-source, now or in the future",,,https://twitter.com/0xScopeX,https://www.linkedin.com/company/0xscopex/,,,,,Screenshot 2024-05-14 at 1.55.30 PM.png (https://v5.airtableusercontent.com/v3/u/50/50/1771855200000/haLVHW40WkYzWJ0BM4DPbA/FcfgRv7SEtkTLovgEHsbET35e5TRUEm42wnsaYUFItMNfPvY1cayTvpGzN0AL_99IC-VQ8VGDTGblfIpTdBDOfk1T6QCPpU-cW-0LJND3woRnIGMSr_43Uq0b_Az456XFK476KT5gfj8w5oYYIaMJdG_1mrHQL_hko-RefM-bPPSy_6uUu97NYvREoAacWdC/QXpKXJ5luy7Gwwfits6Tb15RxGwciEeDYWIsg1ATImQ)
Perun State Channels,Mainnet,Applications,https://polycry.pt/,We extend Perun State Channels in the Stellar ecosystem so they can utilize off-chain and cross-chain transactions.,$174800.00,$174800.00,Europe & Central Asia,"Perun State Channels,Perun State Channels","Perun State Channels, Perun Cross-Chain Swaps","https://communityfund.stellar.org/dashboard/submissions/recka4IUGyCSpMaKW, https://communityfund.stellar.org/dashboard/submissions/recWpw21bCgqWztUk","https://communityfund.stellar.org/dashboard/submissions/recka4IUGyCSpMaKW, https://communityfund.stellar.org/dashboard/submissions/recWpw21bCgqWztUk","SCF #17, SCF #24","SCF #17, SCF #24","Yes, fully open-source with Github",https://github.com/perun-network/perun-soroban-contract,https://discord.com/channels/897514728459468821/1082054199187083264/threads/1129011157789851748,https://twitter.com/PolyCrypt_,https://www.linkedin.com/company/perun-network/,https://stellar.app.perun.network/staging/,,"The PolyCrypt GmbH is a spin-off of the Technical University of Darmstadt, Germany. The team has extensive experience in applied cryptography and blockchain research as well as in software development. Core areas for our team include the research and development of interoperability and scalability solutions. In addition, our team members are the main developers of the Open-Source go-perun library and therefore provide over 5 years of experience specifically in developing software in the blockchain space. 

We have successfully built the Perun Channels SDK on Stellar during SCF#14 enabling developers to utilize Payment Channels for their applications. In SCF#24 we have successfully built and deployed a cross-chain swapping solution between Stellar and Ethereum.",checked,87cd92e6 (https://v5.airtableusercontent.com/v3/u/50/50/1771855200000/4M0M6k3hZUY_BYa9hpIffw/SB4llYv6HOknA3XEHoXt6BGjecOk9lvvI6yAZtyKpCPt6RrqYAreGn6pNNfqDo5tBEtdcbjjkf0NYYLxIMk8s_TStOrp_VKCd_zkWwhxruJusEdchKFulOTQnk4nrBqqO_oCU-68LNkpY9WS-A4kew/ortbZAXbPo13bWAS30ApCt8OLv05yQx-WrtoizRXrig)
Token Tails,Mainnet,Applications,https://tokentails.com,Play to save - Play with your virtual cat to save a cat in the shelter,$144000.00,$144000.00,Europe & Central Asia,"Token Tails,Token Tails","Token Tails, Token Tails - Play to Save gaming franchise that is all around cats","https://communityfund.stellar.org/dashboard/submissions/reco9b4GbncGKoSNb, https://communityfund.stellar.org/dashboard/submissions/recEC30UHrhQ3h2Ue","https://communityfund.stellar.org/dashboard/submissions/reco9b4GbncGKoSNb, https://communityfund.stellar.org/dashboard/submissions/recEC30UHrhQ3h2Ue","SCF #26, SCF #30, SCF #41","SCF #26, SCF #30","Partly, I do have a public Github",https://github.com/zbagdzevicius/tokentails,https://discord.gg/4FVYmnd7Hg,https://x.com/tokentails,https://www.linkedin.com/in/zygimantas-bagdzevicius/,https://tokentails.com,,"Žygimantas Bagdzevičius - Founder, CTO and full-stack developer  
Ernest Rimkevičius - Frontend and game engineer  
Artūras Drūteika - AI engineer and smart contracts developer  
Dženeta Šalkauskaitė - tester",checked,64350894f147c78d7680cdb9f4c78004.png (https://v5.airtableusercontent.com/v3/u/50/50/1771855200000/0-6VEW4IhW4wDOwCPq-xbw/hitgClJhbzVrgtnMAeBDkuKFcs6Ehy8lbpv_Phkau1BGrhKOews-_NYBXc6t7EaIZQC4NOXBHqLWE0EdUHLMfAXKLZiDOuSoAcMG2AQv7jEkuOOQ7OWRr4pnBgRnP1QJ09eU-ZKckPr4-B-tw0HMCQ/5HOWSropae-7JBlUAQB2QQycfVUtbpmoGfvvkBSd7XA)
Synced Geo-Bounties,Mainnet,Applications,https://synced.to/,Crowdfunding geospatial dashboards through Stellar-powered bounties.,$128375.00,$76125.00,,"Synced Geo-Bounties,Synced Geo-Bounties","Synced Geo-Bounties, Geo-bounties large-scale deployment",https://communityfund.stellar.org/dashboard/submissions/reckgIzUF9nRueLhU,https://communityfund.stellar.org/dashboard/submissions/reckgIzUF9nRueLhU,"SCF #10, SCF #39","SCF #10, SCF #39","No, my project does not need to be open-source, now or in the future",,,,,,,,,image.png (https://v5.airtableusercontent.com/v3/u/50/50/1771855200000/ZYuYfr7C8DcFwwiaMnhIoA/2IZKX4nkFQOKXWDoQadFrCc7sk9h6gm6p-KpPG66yc7KBzVEzzZdtjFH3Y6BsW9sOfIt_hWkXaNGIMjG2Mgcl9UmXf3fCVsN2oZKBCocWcqg47u4CsJ4ag-f14-K5cDWnCbN-sQpugbl9oZ1OemU2g/WcFpAa6lq-KEFip4RVJ1frsVcNZPB02Ss-kRsJsT168)
xBull,Mainnet,Applications,https://xbull.app/,"The most versatile Stellar Wallet in the whole network… Created by demanding developers, for demanding users.",$56200.00,$52340.82,,xBull,xBull Market,https://communityfund.stellar.org/dashboard/submissions/recFqkCcGL7ABiF7G,https://communityfund.stellar.org/dashboard/submissions/recFqkCcGL7ABiF7G,SCF #9,SCF #9,"Yes, fully open-source with Github",https://github.com/Creit-Tech/xBull-Wallet,,https://twitter.com/xBullWallet/,,,,,checked,image.png (https://v5.airtableusercontent.com/v3/u/50/50/1771855200000/r7ymuPhzc_-geIM7oyIQ4g/_qX5fHA1nXdEW2fpwqo83aBjDvIdj3Z23a6Pmjt4NR7pyRjv4qwtd-NYAEC931jxI8tVvDi6MEk3DJpj1C1f90ZTiaIkHC1j3I6QVDOWJXlowqog2L9NjHtEHpwbqfZT5BX7wRuTqktu0oLJI0J7UQ/yp206U2zZp-AuZTb9hFcTyELZv9uGO0qXSaqjqBESs4)
Paychant,Mainnet,Applications,https://paychant.com,"Paychant is a payment gateway that helps Africans on-ramp and off-ramp right inside any self-custodial wallets, DEX, or dApps using Africa's localized payment methods.",$150000.00,$150000.00,Sub-Saharan Africa,"Paychant,Paychant","Paychant, Anchor On & off-ramp in Africa","https://communityfund.stellar.org/dashboard/submissions/recu3dRuCQUZY1U4Y, https://communityfund.stellar.org/dashboard/submissions/rec0PwqUKV2KdEvpm","https://communityfund.stellar.org/dashboard/submissions/recu3dRuCQUZY1U4Y, https://communityfund.stellar.org/dashboard/submissions/rec0PwqUKV2KdEvpm","SCF #16, SCF #21","SCF #16, SCF #21","No, my project does not need to be open-source, now or in the future",https://github.com/paychant,https://discord.gg/YUXPAJfZaN,https://twitter.com/paychant,https://www.linkedin.com/company/paychant/?viewAsMember=true,https://blockscan.com/address/0x3436df7f0bDE08b8911A9A41E20a5235e5A3638f#transactions.,,"Paychant is founded by Moses and Gabriel, brothers and seasoned engineers, bring over 14 years of combined experience in the tech industry. In 2017, they played a pivotal role as founding members of Tigereum, a London-based blockchain remittance startup. At Tigereum, they led the development of an AI-powered chatbot that enabled cross-border remittances to Africa via popular social media platforms like Facebook, Telegram, and Skype. Their work at Tigereum provided invaluable insights into the practical applications of blockchain in solving real-world payment challenges.",,image.png (https://v5.airtableusercontent.com/v3/u/50/50/1771855200000/Tt5zu_dc1NjsWhHc6lOREw/pGWk87gq9MQdup-obF3cueS10NhkvRgtMpSZxLKn6oLvFUjdL0HgshsoTUbWh9MsbhXWmNSsgoTiEKtI-hQj1munf0ZCDeetLAsuvpgsY7JLA7290DWBC-I_nydjnRgZJcJb-GdDeqTrlqsQbYUmGg/V5TTnlAbqHlVbK44UFfLWEcTqINnsO3FjuHDG-rUmO0)
Kotani Pay,Mainnet,Applications,https://kotanipay.com/,Stablecoin payments without the need for an Internet connection or a bank account.,$100000.00,$100000.00,,Kotani Pay,Kotani Pay,https://communityfund.stellar.org/dashboard/submissions/rec9ylKAGxTVT4Lex,https://communityfund.stellar.org/dashboard/submissions/rec9ylKAGxTVT4Lex,SCF #11,SCF #11,"No, I don’t have a public Github",,,,,,,,,image.png (https://v5.airtableusercontent.com/v3/u/50/50/1771855200000/pBak3Qe45mu9B-QudjG0hQ/NQbnYXZJ1PccMZvGEdAh9cAeHETDTTJNrmsHjeIG0-hi7oB8fe58ur_S1lr_o4bz7z75f3_8vjChMM7jvO-whxSae6akcO_Wv9cJl9BQyq4-ITLYQ8a-YV5AOykd8Jz_JzJWP6H-WDyNPun69lP4vQ/EB-PQBOjL__9Y2zKsV7UARnFUNpLIa9u35xgg4zi6GY)
Sentit,Mainnet,Applications,https://sentit.io/,Move money across Africa in seconds.,$55000.00,$55000.00,,Sentit,Sentit,https://communityfund.stellar.org/dashboard/submissions/rec54XD3QmAUoMA1r,https://communityfund.stellar.org/dashboard/submissions/rec54XD3QmAUoMA1r,SCF #10,SCF #10,"No, my project does not need to be open-source, now or in the future",,,,,,,,,image.png (https://v5.airtableusercontent.com/v3/u/50/50/1771855200000/kI5wmW5Kz7VubCMZFfE5lA/NGuG_iHH_BV_O744p02F7VJ-d7KOpzUcbwMbhfeeVm5YGoTrlCdpGBlJxXqB7QGyyYpb5pX3d58gjkQSxBhPf1WPkcyHIwizD8RyxxRbUlU2448IUW_H4NiOPQo5NwNp92sXHKNzu_Rtrwi6F_tRPQ/C6-qTZazUBOpBtfUoFkNdzqSljabrajfveAVx9iSmoY)
Source of Tales,Mainnet,Applications,https://www.sourceoftales.org/stellar/,Own your virtual self in a friendly retro world.,$7500.00,$7500.00,No specific region of operation,Source of Tales,Source of Tales,https://communityfund.stellar.org/dashboard/submissions/recMAwrPuhoeSNk05,https://communityfund.stellar.org/dashboard/submissions/recMAwrPuhoeSNk05,SCF #10,SCF #10,"Yes, fully open-source with Github",https://gitlab.com/tales,,,,https://plausible.io/sourceoftales.org,,"I'm the main developer on the Source of Tales team at the moment. I mainly code in C++, Lua and Rust. I'm a senior software developer with experience developing both professional software and games, with over 15 years of experience working on various projects for Nokia and Ubisoft. My main other project is Tiled, a flexible 2D level editor.",,tales0.png (https://v5.airtableusercontent.com/v3/u/50/50/1771855200000/Uik8BVpEGiirX1XrvXrkCg/q53Hzamoo3ecZ_ZuCfgLGNrin063VCvwuNGN0erpS3rpDcVj2zh8pPrH0Q169HpVGjoIVtcDVRLYREF3ldld0CJsrvDGcEJd_nvbX2vpCuuT6YN8aWb1H0EX5sctwcDljbXOrvaJ9m8KECIKCvCZpg/ramiSRqovVVBsGL5bM0hfkqVELGHO32-tiVGQ7lWExY)
Upesa (formerly utoken),Mainnet,Applications,https://upesa.app/,Upesa is a digital wallet leveraging local stablecoin for everyday and cross-border payment.,$59979.00,$59979.00,"Europe & Central Asia,Sub-Saharan Africa,North America (without Mexico)","Upesa (formerly utoken),Upesa (formerly utoken)","Utoken, Utoken [Phase 2]","https://communityfund.stellar.org/dashboard/submissions/rechwhwWyyUgGgDlC, https://communityfund.stellar.org/dashboard/submissions/recoXcJa1XNn4Av0j, https://communityfund.stellar.org/dashboard/submissions/recJL5rfQmkRwUh93",https://communityfund.stellar.org/dashboard/submissions/rechwhwWyyUgGgDlC,"SCF #28, SCF #30, SCF #31, SCF #32, SCF #34 , SCF #35, SCF #37, SCF #38, SCF #39, SCF #41","SCF #28, SCF #35","No, my project does not need to be open-source, now or in the future",https://github.com/utokens,,https://x.com/UpesaHQ,https://www.linkedin.com/company/utoken-app,https://github.com/Utokens/,,"'-   Boyejo Oluwafemi (founder and product manager):
    

Boyejo is a trained mechanical engineer turned product manager with a strong passion for the real-world application of blockchain technology. He was a freelance engineer for over 4 years before co-founding the Wasset Protocol, former CTO of Novus X LLC, and has led several projects, including Inclusive Blockchain for Africa (https://dfmlab-1661264159599.hashnode.dev/all-you-need-to-know-about-inclusive-blockchain-for-africa-ib4a).

LinkedIn: https://www.linkedin.com/in/hardwareguy/

-   Ray King (Frontend and mobile application developer)
    

King is a talented front-end and mobile application developer. He is a highly skilled full-stack developer adept in JavaScript, Ruby, Solidity, TypeScript, and Node.js. He has worked on several blockchain projects, including Wasset and Beam. He is also an instructor at the Blockchain Innovation Hub.

LinkedIn: https://www.linkedin.com/in/king-ray/

-   Owolabi Bassit (Backend developer)
    

Backend engineer at Wasset with over three years of experience. His experience spans building server-side applications with Node.js, Express.js, MongoDB, Amazon Web Services (AWS), and PostgreSQL.

LinkedIn: https://www.linkedin.com/in/bassitowolabi/

-   Emmanuel James (DevOps Engineer)
    

DevOps engineer at Vascon Solutions and Wasset with over four years of relevant experience.

LinkedIn: https://www.linkedin.com/in/jomoflash/",checked,01036a95 (https://v5.airtableusercontent.com/v3/u/50/50/1771855200000/ZjtrVUU8RPJ6DB2KwlUIqA/loPbhrZDsaLIh-Pi2Hg62tZl-GlVUybl12JaU4F5RIKtf9kD1Qj6Emo-NC0fUWschfxzxQvB2KOJdfQQDQ03PM5tsxExkVM9ckfaY5GBRvZYogxOxpAJXS4T6WQLBIXSy9ToaBTXZk-lxvf6o9eiFg/1R_I2eNg9H-5Bb-AWjO5IlPRv83GAEAtAFQoKA4G-r0)
Unalivio,Mainnet,Applications,https://www.unalivio.com,"Unalivio is a payments method that allows migrants to pay families’ bills from abroad with stablecoins, increasing sales for SMEs ",$150165.00,$150165.00,,"Unalivio,Unalivio,Unalivio","Unalivio Stablecoin payouts, USDC payments for LatAm stores, Venezuelan fiat cash-in for Unalivio","https://communityfund.stellar.org/dashboard/submissions/recf9SxVKM35hZWQj, https://communityfund.stellar.org/dashboard/submissions/rec4s8vcXcD1RHTSl, https://communityfund.stellar.org/dashboard/submissions/recr8lMAr4tFTrfDt","https://communityfund.stellar.org/dashboard/submissions/recf9SxVKM35hZWQj, https://communityfund.stellar.org/dashboard/submissions/rec4s8vcXcD1RHTSl, https://communityfund.stellar.org/dashboard/submissions/recr8lMAr4tFTrfDt","SCF #16, SCF #29, SCF #32","SCF #16, SCF #29, SCF #32","No, my project does not need to be open-source, now or in the future",,,https://x.com/somosunalivio,,,,,,image.png (https://v5.airtableusercontent.com/v3/u/50/50/1771855200000/2NAL26OkZ0wyR-DuudUE2w/GTXD4xf5LHI-vd3YQp7c69F6Kfy-yIHLUfXXvlBwfYWAjwub0kh-CvXLTdyvYOjqDqcetuVkLC1S-Cmwn6tKd74KTk0IoGZ6vJMAzI7sqP5ROHFKLu7SdU7D7M8CLzZ8JUM5ZZNsjHg2lywC6iNDWA/HJJq5L2RJ5XxPQkbU89hiteyz7V1Qp_HiEOA2qI9V6Y)
Stellarcarbon,Mainnet,Applications,https://www.stellarcarbon.io,"Stellarcarbon provides transparent nature-based carbon offsetting with proof of retirement on Stellar and in the Verra Registry. With Stellarcarbon, anyone with a Stellar account can do a voluntary carbon offset that is registered both on-chain and off-chain. We have been building the infrastructure needed to connect legacy carbon markets with the new digital economy taking place on public ledgers. Other companies building on Stellar are able to integrate our backend service into their products and services, to give users easy access to carbon offsets. On top of this infrastructure, Stellarcarbon itself wants to develop and launch a retail shop for carbon offsetting aimed at individuals and small businesses.",$150000.00,$150000.00,No specific region of operation,"Stellarcarbon,Stellarcarbon,Stellarcarbon","Stellarcarbon, Stellarcarbon Fractional, Stellarcarbon Launch","https://communityfund.stellar.org/dashboard/submissions/recLcwrhYkZd6qH2o, https://communityfund.stellar.org/dashboard/submissions/recenP9txM5nrDzjs, https://communityfund.stellar.org/dashboard/submissions/recv1OdCUKlERWHLi","https://communityfund.stellar.org/dashboard/submissions/recLcwrhYkZd6qH2o, https://communityfund.stellar.org/dashboard/submissions/recenP9txM5nrDzjs, https://communityfund.stellar.org/dashboard/submissions/recv1OdCUKlERWHLi","SCF #11, SCF #25, SCF #33","SCF #11, SCF #25, SCF #33","Partly, I do have a public Github",https://github.com/stellarcarbon/,,https://x.com/stellarcarbon,,https://api.stellarcarbon.io/sink-txs/?order=desc,,"Adam Menary (xpollinate)

Co-Founder & Director

Adam has a Bachelor of Agricultural Science with Hons. Adam has 30 years of experience in supply chain management and has developed an assortment of related technology solutions. Adam undertook the first ISO 31000 supply chain studies for Beef and Dairy from Australia to the USA, which was tabled as the basis for a bilateral trade agreement under the Bioterrorism Act. Adam has overseen the integration of blockchain technologies into existing commercial products. He is passionate about real action on climate change and a co-founder of Beyond Zero Emissions, which has become one of Australia's leading think tanks on climate action.

-   LinkedIn: adammenary
    
-   X: @AdamMenary
    
-   Keybase: @Xpollinate
    

Alex Olieman (convergence)

Co-Founder & Lead Engineer

Since 2020, Alex has become more active in the Stellar community because he got absolutely hooked on Stellar Quest. After a decade of commercial software development and academic research, he wants to introduce regenerative projects to the Stellar ecosystem. Alex is a generalist with a background in Industrial Design Engineering, a Bachelor of Science in Future Planet Studies, and a Master of Science in Information Studies. Several of Alex’ long-term interests have come together in Stellarcarbon, and he is very much looking forward to launching it.

-   LinkedIn: alexolieman
    
-   Google Scholar: Alex Olieman
    
-   GitHub: aolieman
    
-   Keybase: @alioli
    

Hendrik Grondijs (henkieee2606)

Lead Developer

Hendrik has extensive experience in full stack web development, data science, and mobile app development. He has a Bachelor of Science in Econometrics and a Master of Science in Statistics. In his spare time he produces his own music, and has fun tinkering with new applications of AI, or ""superpowered statistics"", as he would call it.

-   Website: hendrikgrondijs.nl
    
-   GitHub: hlgrondijs",checked,01de4160 (https://v5.airtableusercontent.com/v3/u/50/50/1771855200000/FIidMXSKuHcd-wc_ChT7MA/qZMa3qlhQV2bf6SK5KcUozDhv8G2l7rOoX9P0AgMP7kiopAr_yXVW1yhA4YDuB4i9lrFFv-ux8uh5oqtHxhausu_EzxhSBtzJjUtAMpWtqcFjXXt2xwOGMm785_NswbeZc1uUH1P64mhmsLyfhMjSQ/XvO3ZiQsBqxxFAOo4xFcKOv1BPFNgpcH6Uehrgp7QaU)
SocketFi,Mainnet,Applications,https://app.socket.fi/,"SocketFi is a smart wallet and one-stop dApp built on the Stellar Lumen ecosystem and Soroban Blockchain. Designed to seamlessly connect millions of social media users to Web3, it provides access to hundreds of dApps and Web3 tools—all in one place.",$88200.00,$88200.00,"North America (without Mexico),Middle East & North Africa,Sub-Saharan Africa,Europe & Central Asia",SocketFi,SocketFi: Soroban Smart Wallet App,"https://communityfund.stellar.org/dashboard/submissions/recIdIkgSxrZGuFy2, https://communityfund.stellar.org/dashboard/submissions/recs9qGnchF6Ealxu",https://communityfund.stellar.org/dashboard/submissions/recs9qGnchF6Ealxu,"SCF #31, SCF #32, SCF #39",SCF #32,"Yes, fully open-source with Github",https://github.com/orgs/Socket-Fi/repositories,,https://x.com/Socket_Fi,,https://www.socket.fi/,,"The SocketFi team comprises four highly skilled developers with extensive experience in blockchain and decentralized application (dApp) development across multiple platforms, including Soroban, Solana, and EVM-compatible blockchains. Our team has worked on innovative DeFi solutions, including staking protocols, algorithmic money markets for permissionless overcollateralized loans, and multichain bridges utilizing advanced interoperability protocols and infrastructure.

Beyond DeFi, we’ve developed other types of dApps, such as GameFi applications, showcasing our versatility across blockchain use cases. At SocketFi, we are united in tackling industry challenges that slow Web3 adoption, developing solutions to drive growth and reduce friction in the blockchain ecosystem.

This dedication fuels our vision for SocketFi: to create a seamless pathway for millions to join Web3 using their social media accounts.

Our Team Members includes:

*   Shola Otitoju: Co-founder and Lead Developer – LinkedIn: https://www.linkedin.com/in/shola-otitoju/
    
*   Nurpais Orozulbaev: Web3 frontend Developer – LinkedIn: https://www.linkedin.com/in/nurpais/
    
*   Sameer Aleem: Blockchain and Backend Developer – LinkedIn: https://www.linkedin.com/in/sameer-aleem-8673b1155/
    
*   Sandeep Sonare: Full-stack Blockchain Developer – LinkedIn: https://www.linkedin.com/in/datascience1010/
",checked,364adbd6 (https://v5.airtableusercontent.com/v3/u/50/50/1771855200000/-iWzfFMB85CHO7RGlgAfRw/hyv0R0J3HvkU0Sbw8b6HDHfjrif__EE2BJN-ABjq5waca9cV9BCtT1xdb187663PzMe9uLC7Akpoxq1G9fCTBtEo0b-ejKkNZ6kUwfI5EMAd1w4cle8fLIVO8d-S_XBJ13WRnbv1AAV7B_P5eIpo1A/csvZmUjWryl-mfr08X1oO30iLKz8a42PWvb54V0gJUs)
XCAPIT Smart Pay,Mainnet,Applications,https://www.xcapit.com/,"A UNICEF-backed wallet enabling secure, SMS-based digital asset distribution and management for NGOs and users with no internet access. *Open Source & Certifiable as a Digital Public Good (DPG)",$147000.00,$147000.00,"North America (without Mexico),Latin America & Caribbean",XCAPIT Smart Pay,DPG Offline Smart Wallet on Stellar,"https://communityfund.stellar.org/dashboard/submissions/reckwNbxSswwvydzb, https://communityfund.stellar.org/dashboard/submissions/recPqwg9CKoHwlg3L",https://communityfund.stellar.org/dashboard/submissions/recPqwg9CKoHwlg3L,"SCF #31, SCF #32",SCF #32,"Yes, fully open-source with Github",https://github.com/xcapit/shelter,https://discord.gg/R6KVz5RFjy,https://x.com/xcapit_,https://www.linkedin.com/company/xcapit,https://drive.google.com/file/d/1xfWRhBJLTvOWQJINZ_IR3YurzgW5kOfY/view,,"STRATEGY & OPERATIONS

Fernando Boiero

CTO and Co-Founder. With over 20 years in the tech industry, founder and director of Blockchain Lab and a university professor at Universidad Tecnológica Nacional (UTN)—top ranked University in Argentina. Expert and thought leader in cybersecurity, blockchain, and AI.

https://www.linkedin.com/in/fboiero/

Antonella Perrone

COO. Formerly at Deloitte, with a background in civil engineering, corporate finance and global business. A leader in leveraging blockchain for social good, featured speaker at UNGA78, SXSW 2024 and Re:publica.

https://www.linkedin.com/in/antonella-perrone/ 

ENGINEERING TEAM 

Maximiliano César Nivoli

Technical Leader. With 13 years of experience, he specializes in working with Blockchain Engineers, Data Engineers, Python, Solidity, JAVA, PHP, Javascript, and developing Hybrid Apps for mobile (Android & iOS) and PWAs. 

https://www.linkedin.com/in/maxi-nivoli-66695143/ 

Martin Brunori  
Full Stack Software Developer with expertise in software architecture, APIs, and GUIs. Proficient in HTML5, Angular, GraphQL, Express.js, and experienced in algorithms, Unit Testing, PostgreSQL, and InfluxDB. He also engages in Blockchain projects using Solidity and SOLID design principles.  
https://www.linkedin.com/in/martinbrunori/ 

Franco Schillage  
SRE/DevOps specialist experienced in CI/CD, infrastructure management with Docker, Kubernetes, AWS, GitLab, and Terraform. Also a Full Stack Developer skilled in architecture and application development.  
https://www.linkedin.com/in/francisco-anuar-arduh-192393174/ 

Francisco Anuar Ardúh  
Machine Learning Engineer, Data Science Researcher, and Quantitative Analyst with a Ph.D. in high-energy physics. Specializes in AI and blockchain.  
https://www.linkedin.com/in/francisco-anuar-arduh-192393174/ 

Arnoldo Benitez  
Cybersecurity Specialist with expertise in industrial cybersecurity and critical infrastructure protection. Focuses on Ethical Hacking, Osint, Cyber Threat Intelligence, and compliance with standards like ISO 27001 and ISA/IEC 62443.  
https://www.linkedin.com/in/arnoldobenitez/

Matias Genre  
Full Stack Developer with proficiency in front-end and back-end development. Skilled in building scalable web applications and enjoys working in team environments while continuously expanding his technological expertise.  
https://www.linkedin.com/in/matias-genre-4901a6176/ 

Andres Matterson  
Full Stack Developer specializing in E-Wallet and blockchain applications, including IoT integration with Lorawan networks. Experienced in developing multipurpose blockchain wallets with automated asset management based on machine learning (DRL).  
https://www.linkedin.com/in/andres-matterson-71b919229/ 

Natalia Gatti  
QA Specialist focused on ensuring the quality and reliability of blockchain projects. Skilled in creating comprehensive test plans, executing test cases, and ensuring product integrity.  
https://www.linkedin.com/in/natalia-gatti/ 

Lucía Ansaldi  
QA Specialist responsible for reviewing and testing software projects. Pays close attention to detail, identifying and fixing issues to ensure system health and functionality, particularly in blockchain technology.  
https://www.linkedin.com/in/luciaansaldi/",checked,625f4b52 (https://v5.airtableusercontent.com/v3/u/50/50/1771855200000/iOt_3_05_nI0QI-qPg87Hw/KoNHeLiDTSz7NpugCHtf4R3GF7KVYSg27JKcxZyUUrXHo3sxK6o6-6EAX1KeF5oJV0BL1GOFzb7kF558OwaBR5lOjmluSHJXl1EhSoWt5N740p5if_6TLCgWClCXGcvLrSqK6yxKLnv33Wpogky3FA/stKmGP8JvmA_MJVvqHSaF5t8wAyw3lCtNyHB3EF7sd0)
Rehoboth Finance,Mainnet,Applications,https://rehobothfinance.com,Crypto Savings and Payments,$23300.00,$23300.00,Sub-Saharan Africa,Rehoboth Finance,Rehoboth Finance,"https://communityfund.stellar.org/dashboard/submissions/recHJGfP4QX8paLWp, https://communityfund.stellar.org/dashboard/submissions/recyllDrUlRRUmHAi",https://communityfund.stellar.org/dashboard/submissions/recHJGfP4QX8paLWp,"SCF #27, SCF #30, SCF #34 ",SCF #27,"No, my project does not need to be open-source, now or in the future",https://github.com/Rehoboth-Finance,,,,https://github.com/Rehoboth-Finance,,"Lucky Nweke

Founder and CEO

Lucky, is a next-generation blockchain innovator in web3 development and blockchain technology. He is certified in Emerging Tech, Blockchain, and Leadership by IBM, Buffalo University, Duke University, and McKinsey & Company. He is an expert in blockchain, product development, IT management, enterprise software, automating learning processes, and creating decentralized networks. He has worked with multiple companies around the world like Crowdbotics, Nu10, Nivapay, Swapbitssa, Suncontract, Unimoon Network, and Simple Studios to create outstanding solutions. He is an expert in Rust and has led development teams to build and launch projects and also worked on two Soroban projects as the only blockchain and backend developer to help them launch on the current Soroban Testnet.

To provide more context, he has handled the full stable coin integration for two big crypto payment companies - Nivapay and Swapbitssa. Even if this was a gigantic problem for them, he was able to tackle the problem in a short period. He is well known and recommended for his speed and excellence in delivery. Aside from development, he also does Cybersecurity and has protected web3 and web2 companies with full-proof security architecture and audits. He also is the Founder of Havilah Blockchain Studios and is a Top Smart Contract Consultant at Deep Guard.

LinkedIn: https://www.linkedin.com/in/kingfavourjudah/

Github: https://github.com/kingfavourjudah

Twitter: https://twitter.com/thefinancelion

Ben Charles 

Co-founder and Lead Product Designer

Charles is a design genius and has been able to work on multiple products producing success. He is currently the Leader Designer at Havilah Blockchain Studios and leading Product Design for the Venture Studio. He is focused on enhancing user experiences in blockchain and decentralized technologies, simplifying and enhancing Web3 software, by designing secure, scalable, and user-friendly interfaces.

LinkedIn: https://www.linkedin.com/in/bencharlesx/",checked,84024d7e (https://v5.airtableusercontent.com/v3/u/50/50/1771855200000/rEQERL9BQ7B_6IPwcd7vnA/DJWfLl1H62vGC5ZFGRPIkvCSAWrfZLkbU0WeIangxkXqVcN7pPSQk79I0zNNKhgpwJWrDb63hKbsixSkGejlKlINYug6p3IRG1CYu5lZ1V9ETB70AUDDJ7Ih6ImVRDs7WQtMs5xNI__iglQvmZSq6w/2EupVHrhZ1NANdS_0zQBs2pSkYx3IK2YvmbXaHvNqpk)
Litemint,Mainnet,Applications,https://litemint.com,"Gives creators the power to distribute their work directly to their fans, no middleman allowed!",$376834.53,$402119.80,,"Litemint,Litemint,Litemint","Litemint, Litemint – Gaming Platform and NFT Marketplace","https://communityfund.stellar.org/dashboard/submissions/recTdRTrjdI0eg1BW, https://communityfund.stellar.org/dashboard/submissions/recpYqqIa55PTnKF3, https://communityfund.stellar.org/dashboard/submissions/recNYpfzGg7h2uLau","https://communityfund.stellar.org/dashboard/submissions/recTdRTrjdI0eg1BW, https://communityfund.stellar.org/dashboard/submissions/recpYqqIa55PTnKF3, https://communityfund.stellar.org/dashboard/submissions/recNYpfzGg7h2uLau","SCF #3, SCF #19, SCF #7","SCF #3, SCF #19, SCF #7","Partly, I do have a public Github",https://github.com/litemint,https://litemint.gg,https://twitter.com/LitemintHQ,https://www.linkedin.com/company/litemint,,,,checked,minting-with-royalties (1).png (https://v5.airtableusercontent.com/v3/u/50/50/1771855200000/PkwHjVHz6xcoTByhhmBfmg/j7_vjtBH6yGJP-_tbSmgiVrQAul10GmaZ7vyi7qrT4Yq6k3iPS9Df0jvxwJUmCRoxohvYlpY__W_IVgz9K3x9vHMuv-8c7ZlHMyavuJWFY-rRbghMCIiGBxNBIrztmSGznDuGE9T9uEXzNDE2mlyQtRO1Ax0UcUr4kcNTOyZmEQ/eZOllTA5GALfl6LdRfR0wuLyLld-i_ixOBTATC5w1BQ)
COCA.XYZ,Mainnet,Applications,https://www.coca.xyz/,"Non-custodial Debit Card and IBAN powered by MPC and anonymous biometrics. Stats: 100,000+ Users and 250,000+ Wallets",$50000.00,$50000.00,,COCA.XYZ,COCA.XYZ,https://communityfund.stellar.org/dashboard/submissions/rec2VJOCKxuBhs62G,https://communityfund.stellar.org/dashboard/submissions/rec2VJOCKxuBhs62G,SCF #25,SCF #25,"No, my project does not need to be open-source, now or in the future",,https://discord.com/invite/AVxksnCubn,https://x.com/coca_wallet?s=11,,,,,,Screenshot 2024-04-17 at 4.31.29 PM.png (https://v5.airtableusercontent.com/v3/u/50/50/1771855200000/XTvzeKGNLb8-_7hXN3ft3A/RrQS_La_l5LIzuQ7TRQAaoi0f9M0XNlEpB6rtQuZgNWfm-pYqlTfpFtH9uDXrxxq7hSOIKzyog5ECeFZTN_WefqoHdSbBLJ-7Dm3e-dE-HqK3xffdKrmL-YTHmFbFhVSity_NQG43rFLF2h2jiPr3mOF4QGJGHX-CvFZwwUSMPixCM34p6GaeqZ1XeeeBs25/VHYApVHmMjuUT84Cq9JK7H60IHT-8KLfu6tOHQaY2cE)
Alfred,Mainnet,Applications,https://alfredpay.io,B2B Last mile payments infrastructure for LATAM,$335000.00,$335000.00,,"Alfred,Alfred","Alfred Pay, alfred ","https://communityfund.stellar.org/dashboard/submissions/recGGvGWEBcaG43xj, https://communityfund.stellar.org/dashboard/submissions/recJEHkfUrrbLVcg8","https://communityfund.stellar.org/dashboard/submissions/recGGvGWEBcaG43xj, https://communityfund.stellar.org/dashboard/submissions/recJEHkfUrrbLVcg8","SCF #9, SCF #19","SCF #9, SCF #19","No, my project does not need to be open-source, now or in the future",,,https://x.com/alfredlatam/,https://www.linkedin.com/company/alfredpay/,,,,checked,Thumbnail (1).png (https://v5.airtableusercontent.com/v3/u/50/50/1771855200000/e8Xn5qE-ep0OxPcDFvnK8Q/Awc_hvsq2NHCLb2ie_xKUMpcpUc1zFq7BWNwUv9lYuBGn8n1vbnlWvon6nKi6OzERUezPzztEKKP027k97i5mww1HQtunp4WWI9SX-Mf1OA0lblbbqu0BMinuG8hcmTS1kM1pFOQcZwLcAgyfRRpgw/uu8WTrXMK9tg6743ib8T_i_TSvjoWLnnrwuQuBQXXwM)
MUWPAY,Mainnet,Applications,https://www.muwpay.com/,"MUWPAY simplifies cross-chain token swaps with all-to-one and one-to-all functionality, enhancing liquidity and interoperability",$133950.00,$74716.67,Europe & Central Asia,"MUWPAY,MUWPAY","MUWP - Unleash Stellar’s DeFi, MUWP: Cross-Chain Liquidity SDK",https://communityfund.stellar.org/dashboard/submissions/rec0qoMTxCX2xgOAZ,https://communityfund.stellar.org/dashboard/submissions/rec0qoMTxCX2xgOAZ,"SCF #26, SCF #33, SCF #34 , SCF #35","SCF #26, SCF #35","Not yet, I don’t have a Github yet but my project will be open-source",https://github.com/Muwpay-uniswapper/Muwp-Stellar,https://discord.gg/wmZUxJtuad,https://twitter.com/muwpay,https://www.linkedin.com/company/muwpay/,https://docs.google.com/document/d/1D3G7JaeVObTBftofIHveMsqryXYkChlE/edit?usp=drive_link&ouid=106523447923430205156&rtpof=true&sd=true,,"1) Gaël BOKONGO - CEO:

Gaël is the Co-Founder and CEO of Muwpay. He has a PhD in Financial Mathematics from the University of Minnesota and a BA in Finance from North Dakota State University. He also holds a Certificate of Alternative Finance from Harvard. With over a decade of experience in the energy market, Gaël honed his skills in commodities trading at ENGIE, a leading energy company, where he lived in 5 different countries including Turkey, Colombia, Singapore, France, and Italy. Additionally, he gained valuable experience working with major banks and stock exchanges such as The New York Stock Exchange, Bank of America, and BNP Paribas.

Apart from his financial background, Gaël is also a tech-entrepreneur and videographer who has traveled to 100+ countries, allowing him to gain a deep appreciation for world cultures. He founded EyesTale Studio, a production company that created content for renowned media companies such as Lonely Planet, National Geographyl and France Television.

In 2018, Gaël leveraged his professional background and passion for the crypto industry to create INGWAZ Studio, a WEB3 videogame company.

Linkedin : https://www.linkedin.com/in/gabbok/

2) Mohammed FRIHAT - CTO:

Mohamed is the co-founder and CTO of MUWPAY. He holds a PhD in Applied Mathematics from ENS Paris Saclay, a Master's degree in Mathematics from École Centrale Paris, a Master's degree in Finance from Paris Dauphine University and an MBA in Business Management & Administration from Sorbonne University.

With experience in various sectors such as gas, finance, and machine learning, Mohamed has worked with international companies like Gaztransport and Technigaz and has contributed to significant research centers such as CNRS. Over the last five years, he has focused on WEB3.0 and excelled in various projects in DeFi and NFT on multiple blockchains, including Ethereum, BSC, and Tezos.

Mohamed has a deep passion for different fields of mathematics. From financial mathematics to operational research, from fundamental Mathematics to applied mathematics and scientific computing Mohamed wanted to learn them all to solve real-world problems. As a result, Mohamed has a combined academic background in scientific computing (Master degree at @CentraleSupélec), applied mathematics (PhD at @École normale supérieure Paris-Saclay), Economics and Finance (Master Degree at @Université Paris Dauphine - PSL), Financial Mathematics (master’s degree at @Université Paris Cité) and MBA (@IAE Paris - Sorbonne Business School).At the start of his career, Mohamed worked as a data scientist at @Banque International Arabe de Tunisie. 

After that, Mohamed joined a Tunisian Industrial Group as an operational researcher for 4 years in order to optimize complex production processes using mathematical models, and Gaztransport & Technigaz (GTT) for 5 years as the R&D Researcher and Scientific Computing Engineer where he studied a very complicated physical problem “Sloshing” using both numerical simulations and experimental investigations. Moreover, Mohamed worked as a researcher on pricing models at different universities: he studied the local stochastic volatility models “LSV” at  LPSM Laboratory (Pierre and Marie Curie University) and the martingale optimal transport problem at CEREMADE Laboratory (Dauphine-PSL university).

Since 4 years ago, Mohamed has participated in DeFi projects, NFT marketplace projects, and P2E gaming projects as blockchain developer and researcher. Since April 2022, Mohamed has been Co-Head of DeFi at @PyratzLabs to build the DeFi Labs

Linkedin: https://www.linkedin.com/in/mohamed-frihat-53a191201/

3) Xavier GOMEZ - COO:

Xavier is the co-founder and COO of MUWPAY, where he leverages his expertise in finance and fintech to drive the company's growth and success. He holds a Master's degree in Finance from the ISC and has also earned specialized certifications in Fintech (2016) and Cryptocurrency (2021) from the prestigious Massachusetts Institute of Technology (MIT). He further honed his skills in private equity by graduating from HEC Paris.Before joining MUWPAY, Xavier co-founded INVYO, a cutting-edge data management start-up that employs machine learning and Natural Language Processing (NLP) to unlock the potential of big data in finance. 

He also served as a global multi-asset portfolio manager at Pictet & Cie, where he was responsible for global asset allocation and the implementation of European regulations (MIFID and FATCA). In his previous role as a Director and global banker at Credit Suisse, Xavier oversaw the operations of various departments in Investment Banking and Wealth Management, including Trading in London, Sales & Trading in Derivatives in Switzerland, and treasurer (Basle III) in Credit Suisse with operations in Geneva, London, Paris, and Zurich.

Xavier is a sought-after speaker in the fintech industry and is considered a global fintech influencer by Onalytica and Refinitiv. He frequently participates in prestigious fintech events such as the Paris Fintech Forum, Finovate Europe, Finnovation Africa, Open Banking World Congress, etc.

Linkedin: https://www.linkedin.com/in/xavier-gomez-xg/

4) Dhruv MALIK :

Dhruv is a Solution Architect and Backend Developer at MUWPAY. He holds a master's degree in cybersecurity from École Polytechnique and has gained extensive experience over the past three years working on various projects in the web3 space (e.g. Request , Equisafe , newOrder DAO , Baseline protocol and D/labs). Dhruv's expertise spans across public and permissioned blockchains, where he has excelled in smart contract development, technical writing, audits, and MVP dapp creation.

Outside of his primary responsibilities, Dhruv is an active member of the web3 developer community ecosystem with his role as leader of the Polygon France guild and contributor to the Kernel Block community. Dhruv spends his free time participating in blockchain related events and has won some such as the ethglobal hackmoney and gitcoin hackathons.

He is also an avid researcher and stays abreast of the latest developments in web3 technology such as ZkProof, ML use cases and DeFi adoption cases. He actively contributes to open-source projects and is committed to driving innovation in the blockchain industry. 

Linkedin: https://www.linkedin.com/in/dhruvthegr8/

5) Mélissandre MONATUS:

Mélissandre is the co-founder and CMO of MUWPAY. She has a diverse background in applied sciences for automated systems, marketing and media/communication.

She spent more than 15 years working in marketing, communication, media and events at an international level, including 8 years in London where she worked for major video game publishers such as Activision Blizzard, Capcom, power tool manufacturers (Black&Decker) and media companies (DDB Agency). 

She then continued her experience in Paris mainly in the indie video game industry working on MOBA games, the esport field and within indie studios for the European and African markets.

Since 2019, she has been teaching marketing, business, and event management in high schools. In 2021, she continues her work within the WEB3 industry in the field of video games and fintech.

6) Cédric MAGNE:

After many years in e-commerce, Cédric accessed the Blockchain fields in early 2019, working on NFT marketing projects developing smart contracts on Ethereum, Solidity and Javascript. He acquired skills on Cloud architectures, he also became a DeFi specialist on TypeScript, NextJs, Tailwindcss, Web3.js / Ethers.js, Truffle / Hardhat, Google Cloud.",checked,b59c2e55 (https://v5.airtableusercontent.com/v3/u/50/50/1771855200000/xxzTCbXSDYWDPuE4DOCb9w/m-JDvLsGP-UrdviX6acjvkZCRBEts8yob8JFqc7ETgM5dxyO5XZfxURNd6ECCrd2je2FvU4vlWJ8x_YXZQtj1ebykDDDySMZ6bqJ0tUxQIKK1FetWxbUGbRnGkYpg1IfHif1oEL4wnoOhFyf0QaZBw/IZBGpZNuQntrRiSDUFl0N_qXP3HtbEBi9rA-4UL5DDM)
TokenOps,Mainnet,Applications,https://tokenops.xyz/,"Token distribution management platform (Vesting, airdrops, staking, onchain salaries)",$60000.00,$60000.00,"Europe & Central Asia,North America (without Mexico),No specific region of operation",TokenOps,Deploy TokenOps platform on Stellar,https://communityfund.stellar.org/dashboard/submissions/recq4UtMlUBoNw4TP,https://communityfund.stellar.org/dashboard/submissions/recq4UtMlUBoNw4TP,SCF #30,SCF #30,"Yes, fully open-source with Github",https://github.com/VestingLabs/stellar_vesting,,https://x.com/TokenOps_xyz,https://www.linkedin.com/company/tokenops,https://tokenops.xyz/,https://amp.runtimeverification.com/public-report/tokenops,"FOUNDERS:  
Fabio Mancini: Co-founder & CEO of TokenOps.

Previously PM at Verily (Google/Alphabet Group), Management Consultant at McKinsey & Company, Co-founder, Gwoth/Product of Rebo (Blockchain-enabled smart bottle for plastic/carbon offsetting credits minting)  

Mike Rudek: Co-founder & CTO of TokenOps

Previously founding engineer / 1st hire at Windmill (YC S22), Upciti, Dolphin Vision; Software developer and researcher at Ecole Normale

Sorbonne University MSc and Researcher in distributed systems, into BTC mining since 2015

GitHub: https://github.com/lplit  
  
Plus 3 engineers and 1 BD.",checked,a9bxbyndacfj6zd6m8vx.png (https://v5.airtableusercontent.com/v3/u/50/50/1771855200000/LygMyWiqmq2rxWaLY1JFJg/Hw_7G0nxkKFcEiwMJSuLQnns-Ji29wpJ5-hWhgFpm26H-F_oOU7SrZHUY25evfhMXVSreUGrNPMpayFI1HYI-Yta1oRtmIISa0PZlbiqgTn21ik0Elx5nDWjFf2EzxUAM1kGOTY5Ip8a5rUH9n6X1Q/8EFHSQEqxuN7xYvv0fRT1AEghMMA7YdRIm468zHTohk)
Nauta Land,Mainnet,Applications,https://www.nauta.land/,Transforming Real Estate: Unlocking Convenient and accessible Investments for All,$122867.40,$122867.40,,"Nauta Land,Nauta Land","NAUTA (P2P) SECONDARY MARKET, Nauta Land","https://communityfund.stellar.org/dashboard/submissions/recClpF9C92a0bLMd, https://communityfund.stellar.org/dashboard/submissions/rectnpnWufE42Gm1r","https://communityfund.stellar.org/dashboard/submissions/recClpF9C92a0bLMd, https://communityfund.stellar.org/dashboard/submissions/rectnpnWufE42Gm1r","SCF #18, SCF #27, SCF #21","SCF #27, SCF #21","No, my project does not need to be open-source, now or in the future",,,,,,,,,image.png (https://v5.airtableusercontent.com/v3/u/50/50/1771855200000/p8ZGeSV52uwXVdBqMZdW6A/IVmOiyt6um05UYF50iRSdv5PRifgS0dDzTm-ehlhOnQKLKwmkeHM29LyFWpSpntuTTRJ7TvuwPCEpfGG5MoS-5LQQxTI0c2ogsKHtH4f7r1ogHT_C3iZAboxZeXRh_7Pu7b9bc_Pisi9LSq3H0i1Ig/ZK58C397uM21XOf7AhWEtDAU034eXAUdF6TpZd-oQh4)
Decaf Pay,Mainnet,Applications,https://www.decaf.so/,The cheapest and fastest way to send money internationally,$150000.00,$150000.00,,Decaf Pay,Decaf Pay,https://communityfund.stellar.org/dashboard/submissions/recp4q5jA9dXq7to6,https://communityfund.stellar.org/dashboard/submissions/recp4q5jA9dXq7to6,SCF #17,SCF #17,"No, my project does not need to be open-source, now or in the future",,,,https://www.linkedin.com/company/decafpay,,,,checked,image.png (https://v5.airtableusercontent.com/v3/u/50/50/1771855200000/yhFK_UQX6kOQXt_Wm7k98Q/vb9YInnGCyz5DcnpFmiCI38V8iKIafV9ls0bZkmuos7PEThlyM0D0QCOTaeOB6Uac1t0JSbCyGWJOXAcuW_jgNkHkWgs_7iv6bgN0RtwE7qmQ_-17SnBxncX-R0Xj-MU10ecBagKHIC5HsrCsC6eAQ/sGy7DZYVdw_mVy_7Hefo-wAjiR4mpIN7DBdY-udRu1U)
Convexity Humanitarian Aid Transfer Solution (CHATS),Mainnet,Applications,https://chats.cash/,"CHATS offers blockchain-based cash and voucher solutions to improve programs by MercyCorps, UNICEF  and other iNGOs partners and donors to ensure transparent, secure, and efficient aid distribution.",$89500.00,$59666.66,Sub-Saharan Africa,Convexity Humanitarian Aid Transfer Solution (CHATS),"A pilot with MercyCorps Mauritania to demonstrate the viability of CHATS for use in the USAID funded Nafoore Initiative, as well as other MercyCorps and UNICEF programs across West and Northern Africa. ",https://communityfund.stellar.org/dashboard/submissions/recsfR7WfhvD7zd8o,https://communityfund.stellar.org/dashboard/submissions/recsfR7WfhvD7zd8o,SCF #30,SCF #30,"Partly, I do have a public Github",https://github.com/team-convexity/chatspy; https://github.com/team-convexity/contracts,,https://x.com/withconvexity_ ,https://www.linkedin.com/company/convexity/ ,https://drive.google.com/file/d/1Eg2gBNn6CwT5gzSUNE60_j83bA3Rv2u8/view?usp=sharing,,"Convexity Technologies is a Nigerian-based web3 solutions company known for leveraging blockchain to enhance transparency, especially in humanitarian aid and financial transactions. Founded by Adedeji Owonibi and Charles Okaformbah in 2021, Convexity has since gained some global recognition for its solutions, including CHATS.

We currently are thirty three (33) full time team members, including a Certified Enterprise Architect, Certified Cloud Engineers,  Chartered Accountants (CNA; ACA), Certified Fraud Examiners (CFE), Certified Cryptocurrency Compliance Specialists (CCS), Lawyers (B.L; LL.B), and Senior Forensics Consultants. Our team members have contributed to various global initiatives such as the Digital Euro Association, KYC/AML/CFT Working Group, Global Digital Finance, SEC's Virtual Assets & Fintech Regulatory Framework Drafting Committee and The Director of Investigations and Compliance for the Cryptographic Development Initiative of Nigeria (CDIN).

Some projects we’ve built include: 
1. We designed the GIGA Connectivity marketplace, an Initiative of UNICEF and the International Telecommunications Union (ITU) to provide internet connectivity to every school in the world by creating a marketplace for Governments and Internet Service Providers (ISPs) to trade services and incentives. 
2. Central Bank of Nigeria’s CBDC Upgrade: We built a wallet and transaction system for the disbursement of $800 million (USD) to 5 million beneficiaries through the Federal Ministry of Humanitarian and Disasters Management.
3. Emtech CBDC Platform: We developed Central Bank Digital Currency (CBDC), Central Bank Fintech Sandbox for startups and cross-border payment platforms currently in use by several Central Banks.
4. We developed and own Africa’s first regulated stablecoin issuing platform, the https://cngn.co as well as an Automated Multichain Transfer protocol (AMTP) allowing users to execute seamless cross-chain transactions; a custom MPC wallets that’s been white-labeled by several of our Government and enterprise clients. 
5. Compliance-as-a-Service product (CaaS) for Web3 startups - https://caaservice.io/ 
6. Aeropaye - https://aeropaye.com/ - An automated system to process refund claims on the Aeropaye refund engine within seconds of delayed or cancelled flight.
7. HouseAfrica - https://houseafrica.io - A blockchain & NFT-powered system using satellite mapping to verify, select and purchase digital titles to landed property.
8. Chainkeeping - https://chainkeeping.com/ - A web3 taxation and accounting solution for individuals, businesses, accountants and governments.
9. VesselTrust - https://vesseltrust.com/ - A blockchain-based marketplace for trading petroleum commodities and renewable energy.
10. Fintech NGR - https://nfw.fintechng.org/ - We built a website for the Fintech Association of Nigeria, an association of financial institutions, fintechs, and financial industry players.
11. Umrah Cash - https://www.umrahcash.com/ - A platform that provides hajj pilgrims a wallet to deposit local currency and withdraw SAR in Saudi Arabia.
12. MojaaEx: A licensed web3-based security exchange platform in Nigeria
13. Scrybit - Scrybit is a cutting-edge cryptocurrency wallet designed to revolutionise the way individuals manage their digital assets. With a primary focus on security, usability, and versatility, Scrybit aims to provide a seamless and user-friendly experience for crypto enthusiasts and investors alike.",checked,Copy of convexity logo colour.png (https://v5.airtableusercontent.com/v3/u/50/50/1771855200000/3KvUJB4CdZ21F_eRBPq4uQ/zZpxsP3U0ylq3fky3zQAptJNsGgcY1yUIh9kaelgWBYfaVZ9XMlx10Q6a_W4AoWQfeU__N3I4sKLlV1tuP166zuZOWOn61fLtltgGarCfk5IbgymgHDARoIVEHJ-z-9E9HphnYHkxSiCazOlY3HbuvMfuYp8eL2CvVbTQluVZC_krC94z1SCocB3WJBz4TcB/4KZg-hxAo6j9itv-UBZ0E_oSQ_j1FvZGhatem2OgKzs)
BitGifty,Mainnet,Applications,https://bitgifty.com,Enabling Crypto GIfting and Bill Payment in Africa,$35200.00,$35200.00,,BitGifty,BitGifty,https://communityfund.stellar.org/dashboard/submissions/recUleqROhGvokHEf,https://communityfund.stellar.org/dashboard/submissions/recUleqROhGvokHEf,SCF #27,SCF #27,"Yes, fully open-source with Github",https://github.com/damzylance/bigiftyxsoroban,,,,,,,checked,1080 (https://v5.airtableusercontent.com/v3/u/50/50/1771855200000/eMZhMRM00Qu2ISWOeNCY8g/tAC6FvaewCLA0VNyyNOMvNLgvTE6zhWK5lB7wGFlfnFaVx2LCa5lUJgmYD9mx0-b9x82Ov-te4cd-mcPgeE2rt8FMAXS2xJ3hUF_ihCD46Bid91OWH2hFFSfqCzJObQir2bJXXErNvxkgyWvc7Im9g/-PFeXQXo8oyPNs3CKBTzKDk5LJuBA2SuZfhMdV5194w)
Ripe,Mainnet,Applications,https://www.ripe.money/,Stellar anchor to GCash in the Philippines,$100000.00,$100000.00,,Ripe,Stellar USDC to GCash off-ramp,https://communityfund.stellar.org/dashboard/submissions/reczm3NWCRztmpQAK,https://communityfund.stellar.org/dashboard/submissions/reczm3NWCRztmpQAK,SCF #17,SCF #17,"Partly, I do have a public Github",https://github.com/ripe-money,,https://twitter.com/RipePayments,https://www.linkedin.com/company/ripemoney/,,,,,image.png (https://v5.airtableusercontent.com/v3/u/50/50/1771855200000/VW70GTbnhG3FGiqaGsm4mQ/yDIpeTFr66vaqZNyLRg_Mp798eBiSryXOsKi4R75u3jv1t7wgUmI8hP-cphUYJTgr8qOpaLxsuIRJowmrzmNZJPPfFHrn4_VEMDlWygpXdN1vRmvE381suEdNoTbDBD5B-i2TOqMfet6ePtR-imUSg/kIpu_Y-miFGDeImz1xt6xAXcswEeTO5FwVl4VlIa25w)
Wadzzo,Mainnet,Applications,https://www.wadzzo.com,"Wadzzo is an innovative geolocation-based app that connects users with their surroundings by rewarding them for discovering and engaging with digital pins, which can be created and placed by brands and organizations. Featuring its own marketplace, Wadzzo enhances user experiences through interactive campaigns, enabling seamless exchanges of digital assets while allowing brands to foster community engagement and track participation effectively. ",$5000.00,$5000.00,North America (without Mexico),Wadzzo,"Wadzzo - Explore, Collect, Win","https://communityfund.stellar.org/dashboard/submissions/rec9df0gMcvT7weQ2, https://communityfund.stellar.org/dashboard/submissions/recLKgZTxN54CkAt3",https://communityfund.stellar.org/dashboard/submissions/rec9df0gMcvT7weQ2,"SCF #27, SCF #31, SCF #32, SCF #33",SCF #27,"Yes, fully open-source with Github",https://github.com/Wadzzo2023,,,,https://www.wadzzo.com,,"Roger Williams – CEO

Expertise: Strategic Vision, Leadership

Tiffni Williams – Corporate Partnerships

Expertise: Partnership Development, Corporate Outreach

Jeremy Brooks – Board Member / Co-Owner

Expertise: Governance, Strategic Guidance

Kelly Brooks – Board Member / Co-Owner

Expertise: Governance, Strategic Planning

Terri VanOosten – Board Member / Co-Owner

Expertise: Governance, Business Strategy

Jeff VanOosten – Board Member / Co-Owner

Expertise: Governance, Financial Strategy

Hannah Rosenbaum – Operations + Community Manager

Expertise: Community Engagement, Operational Management

Jose Urquiza – Chief Technology Officer

Expertise: Technology Development, System Architecture

Has also built on Action Tokens as CEO

Arnob Dey – Lead Software Engineer

Expertise: Stellar Network Implementation, Full-Stack Development

MD Zonaid – Blockchain Specialist and Software Engineer

Expertise: Software Engineering, Full-Stack Development

Sheikh Foysal – Frontend Engineer

Expertise: UI/UX Development, Frontend Engineering",,12b101c8 (https://v5.airtableusercontent.com/v3/u/50/50/1771855200000/r9o-hoBQvLsfRtJ8Sl9yRA/cMq9GJvee0cdP0wIlerZAxYkZdIa3mUqRTFQv2Vf7gn_NCZlWd8jYmJWKLu0HqN-TDO_fuwhCNV51lJrykZb45K7X1k-3f6MtGcoddH_atr1Inr0g4C1UgCSb0Gv7GdRlKziq3wioHmOL1WybB57ag/n069bLayZEalN9LcUmHGOhiUDPXHws5xSEPHfsr1GUA)
LINK IO,Mainnet,Applications,https://www.linkio.world/,Web3 cross border payments infrastructure for Africa,$277000.00,$277000.00,,"LINK IO,LINK IO,LINK IO","LINK, LINK Business, WAVY by LINK","https://communityfund.stellar.org/dashboard/submissions/recWONcXU1LVBGZfQ, https://communityfund.stellar.org/dashboard/submissions/recIf1jFrLDhF2wvL, https://communityfund.stellar.org/dashboard/submissions/recM5WNSe47TmTcfA","https://communityfund.stellar.org/dashboard/submissions/recWONcXU1LVBGZfQ, https://communityfund.stellar.org/dashboard/submissions/recIf1jFrLDhF2wvL, https://communityfund.stellar.org/dashboard/submissions/recM5WNSe47TmTcfA","SCF #10, SCF #15, SCF #28","SCF #10, SCF #15, SCF #28","No, my project does not need to be open-source, now or in the future",https://github.com/linkioafrica,,https://twitter.com/Link_IO,,,,,checked,645961463c3459589b7b0a7a_DASHBOARD 1.png (https://v5.airtableusercontent.com/v3/u/50/50/1771855200000/enXTPj9-vzFUnw-ZVXt9Tg/kYo-F89eI9RWF0n3wOddGh5_HbZhgFnmYjVY06IRo00Gl-hYXUfECB3BUmk8fKoxMhTnuwnTUtpvYGALtK25d8NCPCP0gG-gBCkxL7w2JDr50N8-ny3wqnd-d7vu5mudNgcpyt3Nj9yDhPTYCAlHBXfgZJ3RdbQHT90xOjcqxk-dyY3R5DwN8_SzgX0rB_zl/9ptidNxh4qfsYUNXPbr8IL2epVO5aTIBI-P4Did-o_Q)
Hana Wallet,Mainnet,Applications,https://hanawallet.io/,"Hana Wallet: Simple multi-chain crypto on-the-go, Like MetaMask, Polkadot.js, ICONex, Keplr, all in one, for everybody.",$132000.00,$132000.00,East Asia & Pacific,"Hana Wallet,Hana Wallet","Hana Wallet, Hana Wallet: Defi Integrations","https://communityfund.stellar.org/dashboard/submissions/recQxCaMDVhJL85AO, https://communityfund.stellar.org/dashboard/submissions/recryJTSYRWHf1GqJ","https://communityfund.stellar.org/dashboard/submissions/recQxCaMDVhJL85AO, https://communityfund.stellar.org/dashboard/submissions/recryJTSYRWHf1GqJ","SCF #21, SCF #22, SCF #25","SCF #22, SCF #25","No, my project does not need to be open-source, now or in the future",https://github.com/Hana-Technology,,https://twitter.com/hanawallet,,https://hanawallet.io/,,"The Hana team is a team of 5 with skills across engineering, product and growth.",checked,frame1841.png (https://v5.airtableusercontent.com/v3/u/50/50/1771855200000/ZWS-eqL_bAncsCEHc9W0uw/KkQlw4BSOuV3KlE2G1bQ5sq2HKEtUhnj0zvLJX7aa8AhCBmyr9r7a6YO1_S5wD3zWn7nb_m2TYnXgr-Wc3ncFZh8hBEneTxREgr64TCSxGlOnAQLmgnvmVbh5KzxbtFFQ9F9T-7YZzXY8_sWFPC4tA/Qz04wso13bS1aTLx1F5r5HOEc7HI6JfuHyLTa6U-u20)
Bebop,Mainnet,Applications,https://bebop.cash,"Bebop is the future of finance for Africa's 500 million unbanked and underbanked youth, by building a bank on chain and leveraging the power of stable coin technology.",$148970.00,$148970.00,"North America (without Mexico),Sub-Saharan Africa","Bebop,Bebop",Bebop,"https://communityfund.stellar.org/dashboard/submissions/recisU9Kvy1ORE0BX, https://communityfund.stellar.org/dashboard/submissions/rec4Ae95oRI0kTbVL","https://communityfund.stellar.org/dashboard/submissions/recisU9Kvy1ORE0BX, https://communityfund.stellar.org/dashboard/submissions/rec4Ae95oRI0kTbVL","SCF #28, SCF #31","SCF #28, SCF #31","Partly, I do have a public Github",https://github.com/christopherkarani/escrowcotract,,https://x.com/bebopcash,https://www.linkedin.com/company/bebopcash/posts/?feedView=all,https://app.segment.com,,"Christopher is a highly skilled software engineer with an impressive track record. He has worked with successful startups such as Premise Data, Andela and The Bleacher Report, building mobile solutions for clients around the world and impacting over 300 million users in the process.

Christopher's expertise lies in building intuitive user interfaces and modern blockchain solutions. He stays up-to-date with the latest technologies like Rust, allowing him to develop cutting-edge solutions that are both efficient, secure and innovative.

In addition to his technical skills, Christopher has a talent for leadership. He has successfully led and mentored teams of developers, ensuring that they deliver high-quality work on time and within budget.

Christopher's ability to communicate complex technical concepts in a clear and concise manner has earned him the respect of his peers and clients alike. He is known for his collaborative approach, working closely with stakeholders to understand their needs and develop solutions that exceed their expectations.

Kayima, a young law graduate in East Africa, saw the potential of blockchain to transform the financial sector. With his deep understanding of the legal landscape in Uganda and East Africa, he co-founded a blockchain-fintech startup that navigated regulatory challenges while offering innovative solutions. Kayima's passion for technology and legal expertise helped develop groundbreaking blockchain solutions and navigate the complex legal landscape of East Africa.

Kiannah is a talented and driven individual who brings a unique combination of creativity and technical skills to the team. Currently studying at the University of San Francisco, Kiannah has a strong background in design and has honed her skills through various internships and freelance projects.

As the lead designer of the startup, Kiannah is responsible for creating intuitive and visually appealing interfaces that enhance the user experience. She is known for her ability to translate complex technical concepts into designs that are easy to understand and use.

In addition to her design skills, Kiannah has also shown impressive leadership qualities. She is adept at managing teams of designers and developers, ensuring that projects are completed on time and to the highest standards.

Kiannah's passion for design and technology is evident in everything she does. She is constantly exploring new ideas and experimenting with different techniques to push the boundaries of what is possible. Her commitment to excellence and her drive to make a positive impact make her a valuable member of the team.

together we’ve assembled a team capable of navigating the technical and regulatory challenges inherent in redefining finance for Africa's future.",checked,
Wirecash,Mainnet,Applications,https://wirecash.com/,"Wirecash offers virtual currency payments to suit all your needs, whether you're a small or large company, or an individual.",$100000.00,$100000.00,,Wirecash,Wirecash,https://communityfund.stellar.org/dashboard/submissions/rectAXtdhsFXyPWfP,https://communityfund.stellar.org/dashboard/submissions/rectAXtdhsFXyPWfP,SCF #11,SCF #11,"No, my project does not need to be open-source, now or in the future",,,,,,,,checked,image.png (https://v5.airtableusercontent.com/v3/u/50/50/1771855200000/-7mZX9NOJpK5uCFx6aQZxw/u1lL-lomD805f7JRAX3ggh1FMpfybwnKdRYuoMYk2XOfK0AWNWjzp3aBRHP1j_tzVfhhSNYKnE_4-0j-WLkKEX7QIaSSk5pUrmjVO4iYuv2bePj7H_ikJQZRIYK0tGL7MO-jnnKM42AmPzYW8RVw2A/GocyGCUBqNOgW1aC8QyfLu4vlcKWzDKlTkRMSN_ozTI)
DevTrak - Developer Onboarding,Mainnet,Applications,https://www.mowblox.com,"We are launching Africas first gamified platform for developers to Learn, Build, and Earn real rewards on the Stellar network.",$14000.00,$14000.00,Sub-Saharan Africa,DevTrak - Developer Onboarding,DevTrak - Developer Onboarding,https://communityfund.stellar.org/dashboard/submissions/reczkFN5xjflJPlb8,https://communityfund.stellar.org/dashboard/submissions/reczkFN5xjflJPlb8,SCF #25,SCF #25,"Not yet, I don’t have a Github yet but my project will be open-source",https://github.com/mowblox,,https://twitter.com/mowblox,https://ng.linkedin.com/company/mowblox,"https://analytics.google.com/analytics/web/?requestAccessEmail=KayBari233%40gmail.com&requestAccessPermissions=GA_READER&utm_source=RequestAccessEmail&utm_medium=email&utm_campaign=RequestPropertyAccess#/p321216870/reports/dashboard?params=_u..nav%3Dmaui%26_u.date00%3D20240601%26_u.date01%3D20241231&r=lifecycle-acquisition-overview&ruid=lifecycle-acquisition-overview,life-cycle,acquisition&collectionId=4391348314",,"Mary Okwong - CEO

LinkedIn Profile - https://www.linkedin.com/in/maryokwong/

I am Mary, the CEO and Business Development Lead at Mowblox. I have extensive experience in the blockchain ecosystem spanning 4+ years. I have participated in DAO governance, deployed several smart contracts, managed a few communities as well as interacted with diverse protocols across various blockchains. Coming from a family of teachers and having first-hand experience with how difficult it is to navigate the blockchain ecosystem as a non- technical person, I grew to make it my life's mission to provide simplified education for as many Africans as I can reach. This is my Why.

Kelvin Bariche - Product Lead

LinkedIn Profile - https://www.linkedin.com/in/kelvin-bariche-42b199206/

Kelvin has over two years of experience as a self-taught web developer and product designer. He has prior experience in sales analysis as well as tutoring in the Information and Communication Technology discipline. He is the product lead at Mowblox Inc, which aims to increase Blockchain and Crypto adoption in Africa.  
When he is not designing or coding, he enjoys painting, riding motorcycles, and reading.

Michael Hammond - Technical Lead

LinkedIn Profile - https://www.linkedin.com/in/mickeymond/

Michael is a two-time founder and CTO at Shopa, a company that is solving the fragmented informal retail market in Africa. He is the Lead Engineer at Mowblox. He is a versatile blockchain engineer as well as a full-stack developer who has extensive experience with building and deploying smart contracts.

Other Projects: https://truecast.vercel.app/",checked,tlltjyugl3opyj3ted2y.png (https://v5.airtableusercontent.com/v3/u/50/50/1771855200000/L1gUQYrUNDeecRlekL3kyA/1zcdKLQO6chKAI03R-ER17iza6UMcWQSLgusSmZ96kES3CSrw7LS6GvZ8aMBeWCpTkQ7lO-Rc3B6ZA-YH1wgRwlzkPT_97yPXXR7q4j0FQz_hQc_KwmzwBSg8cQTEw4tFSwG69M7dFAG72Ale-rRHw/bf8EmGTCg6u0jNkBvnrK4x2OzIKH0XQaQ0wIIz4lQC0)
Sytemap,Mainnet,Applications,https://sytemap.com,"Sytemap is building tokenized savings for property access in Africa, enabling underserved people—especially women—to own real estate with as little as $40 upfront and flexible 24-month payment plans.",$35000.00,$35000.00,Sub-Saharan Africa,Sytemap,HouseAfrica’s Sytemap,"https://communityfund.stellar.org/dashboard/submissions/recW5iwiFOUUejYvP, https://communityfund.stellar.org/dashboard/submissions/recR9VgO0TSsQOVgZ, https://communityfund.stellar.org/dashboard/submissions/recV87eBKAhHuMuic",https://communityfund.stellar.org/dashboard/submissions/recW5iwiFOUUejYvP,"SCF #29, SCF #30, SCF #31, SCF #33, SCF #36, SCF #37, SCF #39",SCF #29,"No, my project does not need to be open-source, now or in the future",https://github.com/houseafrica/steller-blockchain-integration/tree/main/stellar-blockchain/contracts/sytemap,,,https://linkedin.com/company/sytemaphq,https://docs.google.com/document/d/1NyuZ6_nu_9FVV9mAdiVw5M0ZQQ-HBEotgqQz5i6FZyQ/edit?usp=sharing,,"Nnamdi Uba

Role: Co-Founder & Chief Executive Officer (CEO)

-   Tech entrepreneur with extensive experience in real estate technology
    
-   Background in Software Engineering and Business Development
    
-   Passionate about making land ownership accessible to every Nigerian
    
-   Vision: To revolutionize land buying in Africa through technology
    

Key Responsibilities:

-   Strategic leadership and vision
    
-   High-level partnerships
    
-   Company growth strategy
    
-   Investor relations
    

Ndefreke Ikokpu

Role: Co-Founder & Chief Operations Officer (COO)

-   Operations expert with deep understanding of business processes
    
-   Strong background in business operations and strategy
    
-   Experience in scaling operations and team building
    
-   Vision: To streamline real estate processes through efficient operations and technology
    

Background:

-   Experienced Operations Professional
    
-   Business Strategy Expert
    
-   Tech-focused Operations Specialist
    
-   Track record in operational excellence
    

Key Responsibilities:

-   Operations management
    
-   Business strategy implementation
    
-   Process optimization
    
-   Team development
    
-   Operational efficiency
    

Achievements Together:

1.  Launched Bitpaya( crytpo exchange in 2017)
    
1.  Successfully launched Sytemap in 2023
    
1.  Pioneered 20-minute land buying process in Nigeria
    
1.  Developed proprietary blockchain integration for land documentation
    
1.  Created one of Nigeria's fastest-growing property technology platforms
    

Combined Experience:

-   15+ years in technology
    
-   10+ years in real estate
    
-   Multiple successful startups
    
-   Strong network in Nigerian tech ecosystem",checked,3ed20f4f (https://v5.airtableusercontent.com/v3/u/50/50/1771855200000/cKVsW5u8OK1lhU5D8fnbxg/xnyhVh6b6eWpnl_RJsDQGHe50brMlxw-XAjiaqIBquuw6IXWiKcw6DchQPi4wmle9uPqJT1yy5BBl2TQyceRkdBfavvOgm7pSggDH36rIWrUC94kd5squmWMAqo1fI3dffw6uw5gw0f4D6DcCthPGg/1vvdxem2BCF7XcoHMlMz4oP03hCbwCiWVXCTuIKFpzQ)
Beans app,Mainnet,Applications,https://www.beansapp.com,"Beans is a non-custodial payments and savings app built on Stellar. Most blockchain based apps have targeted the crypto community. We have taken a different approach and will target the general public. Inside the app all blockchain-related things have been abstracted away, offering a bank experience using blockchain technology! We are aiming to be the first app to get significant traction on blockchain payments! ",$490160.00,$490160.00,,"Beans app,Beans app,Beans app,Beans app","Beans app, Beans app - Cards & passkeys","https://communityfund.stellar.org/dashboard/submissions/reclezdtsxQM16L25, https://communityfund.stellar.org/dashboard/submissions/recoZCxDJu6l9Sy9S, https://communityfund.stellar.org/dashboard/submissions/recCm6EsKKmPbx6ow, https://communityfund.stellar.org/dashboard/submissions/recl9kp1khhJSoxKF","https://communityfund.stellar.org/dashboard/submissions/reclezdtsxQM16L25, https://communityfund.stellar.org/dashboard/submissions/recoZCxDJu6l9Sy9S, https://communityfund.stellar.org/dashboard/submissions/recCm6EsKKmPbx6ow, https://communityfund.stellar.org/dashboard/submissions/recl9kp1khhJSoxKF","SCF #10, SCF #15, SCF #21, SCF #29","SCF #10, SCF #15, SCF #21, SCF #29","Partly, I do have a public Github",https://github.com/Beans-BV,https://beansapp.medium.com/,https://twitter.com/BeansApp,,,,,checked,62eaf533d64a626e8373f415_629e49054271c44c360f476a_Beans%20Thumbnail.png (https://v5.airtableusercontent.com/v3/u/50/50/1771855200000/zAANhKwwqMgfMEwmmMT7VA/Rbjk0RA_L9NPDJBbRx_9Xsb9HNRxZQ0cm_ioxLLNOXjlyYeCixIXznuaW7Le5wGs1xV24LqEdNGy4LM38rP8cp4Ql5SGZWpUK5RxUBZRg0rOebMNobPVoXct8T5mMsbSpaoFoT9Rl7hoerpxmacfD6L98JLFQ4DeY82_lfpbPN44JRPPDK005C-DeVSkJ-zFZDq7-t7hScFfGDKWjgIY7SL7cQnV9AJU1LpZdIRSgbU/KA3lOXLd-I7p7Ar6J_xdui3T2sTzEpyYl6RAb9vp9TE)
GrantPicks by PotLock,Mainnet,Applications,https://potlock.org -> soon https://stellar.grantpicks.com,GrantPicks by Potlock is a Soroban-enabled funding platform using pairwise voting to easily allocate grants to Stellar projects.,$50000.00,$50000.00,,GrantPicks by PotLock,GrantPicks by PotLock,https://communityfund.stellar.org/dashboard/submissions/recd8I7PUKkkPIO6d,https://communityfund.stellar.org/dashboard/submissions/recd8I7PUKkkPIO6d,SCF #27,SCF #27,"Yes, fully open-source with Github",https://github.com/potlock/grantpicks,,,,,https://veridise.com/audits-archive/company/potlock/,,checked,1080 (https://v5.airtableusercontent.com/v3/u/50/50/1771855200000/5RADLQijbzMVTypHw6PLyw/QPDJNbZSdCG_br6k72j_Q6S965JESR5CkvqIwtqefw40ygiNDb-In-tFWjFPvNLX0M1iI6_WEiLWkgeL7unPggntToQztbLyl5xkSyrOaC1-lD7H8LcmJ4fkoDYvTjW91EOR3MbC-Z2z1A83sShnXA/N5Jzy4bekl42zw5RI0Yt3joxkOxo--Jb9FkIbgc67D8)
Skopa,Mainnet,Applications,https://www.skopa.io,Your money around the world in 3 clicks!,$37840.00,$37840.00,,Skopa,Skopa,https://communityfund.stellar.org/dashboard/submissions/recagcYqPo0lfLMtO,https://communityfund.stellar.org/dashboard/submissions/recagcYqPo0lfLMtO,"SCF #19, SCF #20",SCF #20,"Partly, I do have a public Github",,,,https://www.linkedin.com/in/silvina-saranz-216ba7143/,,,,checked,image.png (https://v5.airtableusercontent.com/v3/u/50/50/1771855200000/DWXPg6nAS4NRfHuveHlHRg/sA9CD1LcO4meB8hHj0rnaUpYtV1LU6-7ebOzU_OW6nFEzcsI05UOF7jIJcuUsaJn_09BvbEi5aEPsbqJe-x5gzVEy2tshUERkDAZ_JCJ9AjqN2qu4Gk_qiKRgS-cUDUIuq162Vs3yn3vayyvLZ_QxA/c0HW4nV-b-iYW586saV6hIdLeaPhboCPArbdsBkowCE)
SendIN,Mainnet,Applications,https://github.com/SendIN-Org/sendIN,"US to India money transfers made easy, cheap &amp; lightning fast.",$104500.00,$82166.67,East Asia & Pacific,"SendIN,SendIN","SendIN, SendIN [Phase 2]",https://communityfund.stellar.org/dashboard/submissions/reclOpHi3CxBBYPaO,https://communityfund.stellar.org/dashboard/submissions/reclOpHi3CxBBYPaO,"SCF #29, SCF #36","SCF #29, SCF #36","No, my project does not need to be open-source, now or in the future",https://github.com/SendIN-Org/sendIN,,,,https://sendin.app/,,"Arsalaan Alam - CEO 

-   Fullstack blockchain developer with 3 years of experience working in Non EVM chains
    
-   PBA (polkadot blockchain academy) graduate. 2 years of experience with Rust
    
-   Competitive Hackathonist: Won over 20 international hackathons
    
-   Was introduced to Stellar by Esteban (founder of Palta Labs) at PBA
    
-   Github: https://github.com/Arsalaan-Alam
    
-   Linkedin: https://www.linkedin.com/in/arsalaan-alam-375b281bb/
    
-   Twitter: https://x.com/arsalaanalam2  
    

Antariksh Verma - Core Team & Fullstack dev

-   Fullstack dev with over 4+ years of experience in writing smart-contracts. 
    
-   Worked as a software dev at 2 early stage web3 startups. One startup raised millions.
    
-   10x Hackathon winner
    
-   Received grants from Solana & Cudos to build dev-tools.
    
-   Github: https://github.com/yummyweb
    
-   Linkedin: https://www.linkedin.com/in/antarikshverma/
    
-   Twitter: https://x.com/arsalaanalam2  
    

Tanvi Sanghai - Chief Product Officer & Frontend dev

-   Fullstack dev with over 2 years of experience in React JS
    
-   Professional Designer, worked as a Product lead at an Indian startup.
    
-   5x hackathon winner. Also participated in Stellar’s builders residency 2024
    
-   Github: https://github.com/tanvi-sanghai
    
-   Linkedin: https://www.linkedin.com/in/tanvisanghai/
    
-   Twitter: https://x.com/TanviSanghai  
    

Mohammed Noor Alam - Fullstack developer

-   Fullstack developer working in the indurstry for past 5 years
    
-   Handles backend, and devops
    
-   Github: https://github.com/nooralam014
    

We have 2 other people: a smart contract engineer & a designer in the team who're working on a contract basis.",,cd1af5d2 (https://v5.airtableusercontent.com/v3/u/50/50/1771855200000/4sYZ7kh9iGLMztc55G02Nw/I-c5_TLjxf8AeKChpnVe2Nx1g9tZP_r23fqnbeojpRZjoCjgkLxbCC0ZvsTyVLquLDF8d1cEV3HKLixaagYJjBbjKnWIfenAetV1ZIOHm8StlruKwk190ApaC2MLL2i2vcYjbUyhzmsIJM9DS8vxcA/r_3padsVJcG4To3I2WqRpm4up2NT3KGzUasvv3t2FSw)
Nobak,Mainnet,Applications,https://nobak.net,"Dive into Soroban's universe on Stellar, where the digital realm becomes your playground",$34500.00,$34500.00,"Latin America & Caribbean,Europe & Central Asia,North America (without Mexico)",Nobak,Nobak: Custodial Wallet Signer,"https://communityfund.stellar.org/dashboard/submissions/recsBO1vLdYFZMucB, https://communityfund.stellar.org/dashboard/submissions/rec4vPfIcKlmIAPyw",https://communityfund.stellar.org/dashboard/submissions/recsBO1vLdYFZMucB,"SCF #23, SCF #31",SCF #23,"No, my project does not need to be open-source, now or in the future",https://github.com/nobak-net,https://discord.com/invite/GR5cB3y2,,,https://nobak.net,,"Julian Clatro - (#jclatro): Head of Product

Julian is an integral member of the Stellar community with a three-year tenure. Beginning with Stellar Quest, he quickly honed his skills in Stellar development. His project, originally named Wally and now rebranded as Funskill, was recognized in SCF #8. Julian has also contributed to the Stellar Turrets project, showcasing his growing expertise in the field.

Jeronimo Lanza - (#jerolanza): Head of Growth

A disciplined leader aligning sales, marketing, and product development strategies to drive results. With extensive experience managing multidisciplinary projects and teams, he excels as a resilient team player in cross-functional situations. At Nobak, he focuses on growth within the Stellar ecosystem, offering creative solutions in challenging environments. Committed to making the world a better place.

Andres Fiorito - (#andres924): Design Engineer

  
Andres specializes in designing interfaces and systems for large-scale applications. With a focus on user-centric design, he excels in building systems that are not only functional but also aesthetically appealing, ensuring a seamless user experience.",checked,18b52c32 (https://v5.airtableusercontent.com/v3/u/50/50/1771855200000/gkbJG_QuzopYWeTu4UBFIw/Fsqk4jC4gDuLkTytYo8ZpIQGHdadJGqIyDZzq51QYcBu4KKk-k0hxjdSiHH4yJFK-Aw7MeqYQoPntaN4Qswa4uiOp9tVgv5btIX8Xa3va81RoEeVVR6lH4TgxtVl6uFJkh2MwH2lW9eGnyXTVte7_A/tU3z7HiUh668Bf29JOHpIGnmCVx6Tlr7MyJEPoUHX54)
Anticipatory Aid on Soroban,Mainnet,Applications,https://coalapay.org,Building a Coala Pay smart contract for aid funding on Soroban.,$50000.00,$50000.00,,Anticipatory Aid on Soroban,Anticipatory Aid on Soroban,"https://communityfund.stellar.org/dashboard/submissions/recVeAOrdY2HNMbY3, https://communityfund.stellar.org/dashboard/submissions/recuBy4Xd02yNOtwl",https://communityfund.stellar.org/dashboard/submissions/recVeAOrdY2HNMbY3,"SCF #22, SCF #31",SCF #22,"No, my project does not need to be open-source, now or in the future",https://github.com/pellartech/coala-pay-weather-oracle,,,,,,,checked,Screen Shot 2024-01-04 at 12.25.15 PM.png (https://v5.airtableusercontent.com/v3/u/50/50/1771855200000/zkaDOcivFkqPeZ6UZb0AMw/oA5a1NLYI6aiA0PzqOHZoF3RPG35UgnMo14DcXwimLwthwDuz9ZGP_mYdsWh-6Tsiy7FDN1B3OpcUmHqK3w8QgS7O8Oaq-IaELHSHh1VzjYH3jAGpn1aE8yIN2OP2VxRNa3XEVAR1S_4qZzAdyitFZb6GCqCKdR5f3k1-NeUZXM/Ej-qu1jTiWrx9dRPuzUQqzUjEXMiHsAU0iWVmzflnFI)
Blaze,Mainnet,Applications,https://useblaze.app,"Blaze is building the best payments app on the planet for modern nomads. It will utilize Stellar and Soroban to deliver swift, secure, and cost-effective transactions no matter where and with no matter whom a traveller may find themselves transacting.",$180000.00,$180000.00,,"Blaze,Blaze","Blaze, Blaze: LatAm Launch","https://communityfund.stellar.org/dashboard/submissions/recQVkzclAdYosQ1y, https://communityfund.stellar.org/dashboard/submissions/recxcytdsU9FsAjTA","https://communityfund.stellar.org/dashboard/submissions/recQVkzclAdYosQ1y, https://communityfund.stellar.org/dashboard/submissions/recxcytdsU9FsAjTA","SCF #18, SCF #24","SCF #18, SCF #24","No, my project does not need to be open-source, now or in the future",,,https://twitter.com/blaze_payments,https://www.linkedin.com/company/96206784,,,,checked,image.png (https://v5.airtableusercontent.com/v3/u/50/50/1771855200000/sE7jemtaXIn9I-rDKw6AzA/iKewQ87txYG--hznd1hCqgv7pfS-KKyIQMn1z3dd5kPH5BhsTo_Gk7chWmGvazrTZuCg-HaH13mmNj_AQrTta8RqLVVcnq-cxfNH__Q3V0qCFuRuFu03UA3Kurk-KDzD8q1tjYk3GcuXVLB-Vnn1aw/M5KPPM4aK4-wwJKrw2zzGjMs7_jA0Zo6vKGX63rgZlY)
Wellspring,Mainnet,Applications,www.rampmedaddy.com,"RampMeDaddy is integrating Stellar Passkey Smart wallets directly into Telegram, offering a seamless user experience with Face ID for creating and managing self-custodial wallets. This allows us to provide each user with a unique wallet to hold funds and send low-cost, global peer-to-peer payments using USDC.xlm—all within Telegram. Our mission is to empower underbanked regions and revolutionize international remittances, leveraging Telegram’s global reach of over 1 billion users.",$150000.00,$150000.00,"No specific region of operation,North America (without Mexico)",Wellspring,RampMeDaddy - Bringing Stellar Passkey Wallets to Telegram Globally,https://communityfund.stellar.org/dashboard/submissions/recu5pymuQTqCQDZ2,https://communityfund.stellar.org/dashboard/submissions/recu5pymuQTqCQDZ2,SCF #30,SCF #30,"No, my project does not need to be open-source, now or in the future",https://github.com/trustek-io/rampmedaddy-frontend/,,,,https://docs.google.com/document/d/1ijVv0C-RGzjx1asVQGV-L0s3OSKHur35jpDfa6WMkc0/edit?usp=sharing ,,"RampMeDaddy’s team consists of three co-founders who were early members of iTrustCapital, the largest Crypto IRA platform in the U.S., where they helped grow it into a $1.3B unicorn with over $4B AUM and 50,000 users. We’ve extended our team by 4 to include members with backgrounds from Acorns, Amazon, and BNY Mellon. With RampMeDaddy, we’ve won the Consensus 2024 Hackathon, completed the Stellar Kickstart Camp (receiving the Kickstart Award), completed University of Southern California’s Venture Accelerator and most recently finished the DraperU and Stellar Astro Hacker House accelerator program. Our founders have first-hand experience with the pain points of international payments and we have the experience and knowledge of building a successful fintech startup before, giving us the perfect opportunity to make RampMeDaddy a powerhouse.",,RampMeDaddy Thumbnail SDF Sep 2024.png (https://v5.airtableusercontent.com/v3/u/50/50/1771855200000/ehhmdQSURnTrnG6XM9gbvw/qRaSgSTt1YtT1wmthgFlyXa7GsV_DzU33-Y1vFiM02T_3oENl7mE5XBwm1XcvKD2C8yvwqNw2GzqatRG_gbUERVIAxSogIj2TBQZOI6lMU3KJOo0fr2W2Jb3U0i-kykl1NlG7s3JOgItDbWTMdLW02c7z9S282sS1rFd88KfMUaZala3j7VWOt_d7vAHQ-wR/Tnxny0gP5makVmeDRChNbSzM55aTMlBrLbgQ69LgUVE)
Smilepay Global,Mainnet,Applications,https://smilepay.app/,"Smilepay is an app and API that makes it easy for diasporas, travelers, expats and anyone that uses stablecoins to pay bills and send money to local bank accounts and mobile money networks across Africa, starting with USA - Ethiopia.",$100000.00,$83333.33,"North America (without Mexico),Sub-Saharan Africa","Smilepay Global,Smilepay Global","Smilepay, Send stablecoins like a text, globally!","https://communityfund.stellar.org/dashboard/submissions/reccZhjIQWWzQ12PS, https://communityfund.stellar.org/dashboard/submissions/recHBZ6AZsfOhVrXe",https://communityfund.stellar.org/dashboard/submissions/reccZhjIQWWzQ12PS,"SCF #10, SCF #31, SCF #32, SCF #35, SCF #37","SCF #10, SCF #37","No, my project does not need to be open-source, now or in the future",,,https://x.com/smilepay_global,https://www.linkedin.com/in/mulukenmengesha/,https://docs.google.com/document/d/1rtohjk95bkAFfKHdh8gjsAn3_5GQtkGWyuI-L3TyeBk/edit?usp=sharing,,"We’re a three-person founding team working full-time since early 2024. I’ve been building Smilepay since 2021, leading it through several pivots. My younger brother Eyob joined from day one, initially part-time and now full-time. He’s a skilled backend developer who helped build our early integrations. Eyob brought in his college friend Fikremariam (Fike), who joined in 2023 and became our full-time CTO in 2024. Fike has strong technical expertise in blockchain, mobile, and backend systems. Together, we operate from the same office (my mom’s house) and have deep trust and alignment. This is our first venture together, but we’ve all worked on side projects in crypto, payments, and infrastructure.",,e9adea82 (https://v5.airtableusercontent.com/v3/u/50/50/1771855200000/XWdhsPK5Z-VRDHtYinDfiQ/lbhqXBQsnEAYzdfXpbHgw3SNP32AReB4V96P5XEMaDPBR1lzeiKGJtN0k0uJ-XKW16rsh2vszl9r2aMJZT4fF1pSrk3yW8smXYBfG_3ry5r1reAzbkRGfjzA6wBgJkWQNswGIJ73-lF-494gdH7ysA/ciaG7yUhvedW0FiiMkVUh1hmZ2DZFtJGoYYCJpdvxG4)
CodeLnPay,Mainnet,Applications,https://pay.codeln.com/,CodeLnPay offers cross-border salary payments to help African-based remote workers seamlessly collect their income. ,$128023.00,$128023.00,,"CodeLnPay,CodeLnPay","CodeLnPay, CodeLn Pay for Crypto Payroll","https://communityfund.stellar.org/dashboard/submissions/reco3cXFlyDt53B0u, https://communityfund.stellar.org/dashboard/submissions/recTVqF2c55OQ2a7V, https://communityfund.stellar.org/dashboard/submissions/rec3FrEortd8lYq6R, https://communityfund.stellar.org/dashboard/submissions/rec5hY727ovjmxujE","https://communityfund.stellar.org/dashboard/submissions/reco3cXFlyDt53B0u, https://communityfund.stellar.org/dashboard/submissions/rec5hY727ovjmxujE","SCF #25, SCF #30, SCF #31, SCF #33","SCF #25, SCF #33","No, my project does not need to be open-source, now or in the future",,,,,,,,,f03bf5a80721b5528f17a3d42077f555.png (https://v5.airtableusercontent.com/v3/u/50/50/1771855200000/3Vw7esgvGORjvQJlp9yATA/SGuaiYXzRvi0cdhYYdJbz5aGjwCREeYASu3B0pPOO0zXtEMdS5_Afny_cb4IJ36DhPwY91C5sKk0l28ADebfBtq2CeSsEuIJQXYSGoN8QZEht_a4bYFB05HzofT2ToshdjlCnlSHVqJy2Zc0sM6HVT9GElWv02ykNY7wAsF6VqI0BpXevUPl7ptRMErrsPIV/eqjKaeV0-1n9aGSbqn82qWFQhZZAe4hPZbzUyat2-g4)
Myaza | Transact Across Africa,Mainnet,Applications,https://www.myaza.co,"Myaza is transforming how individuals and businesses across Africa manage money and make payments. By providing a seamless platform for cross-border transactions, we empower users to send, receive, and exchange money affordably and efficiently. Our innovative use of financial infrastructure ensures fast, reliable transactions while addressing the unique challenges of intra-African payments. With a focus on financial inclusion, we aim to connect the continent, enabling economic growth and mobility.",$146371.00,$146371.00,"Sub-Saharan Africa,Middle East & North Africa","Myaza | Transact Across Africa,Myaza | Transact Across Africa","Myaza, Stellar-Powered Cross-Border Payment","https://communityfund.stellar.org/dashboard/submissions/rec7so7Dp8MsWFhTS, https://communityfund.stellar.org/dashboard/submissions/rechFtsB6sYINIUpf, https://communityfund.stellar.org/dashboard/submissions/rec3sQBgctMIdAhJ7","https://communityfund.stellar.org/dashboard/submissions/rec7so7Dp8MsWFhTS, https://communityfund.stellar.org/dashboard/submissions/rec3sQBgctMIdAhJ7","SCF #26, SCF #30, SCF #32","SCF #26, SCF #32","No, my project does not need to be open-source, now or in the future",https://github.com/myazahq/,,https://twitter.com/myazahq,https://www.linkedin.com/company/myazahq/,https://app.amplitude.com/analytics/share/dbc01e076fdf4af39a794c2562701854,,"Charles Archibong (CEO): A visionary leader with expertise in fintech innovation and cross-border payments. Charles has a proven track record in scaling financial solutions tailored to Africa’s unique needs, including leading projects like Tender Merchant, which processed over $3M in crypto transactions within six months.

Cyril Uket (CTO): An experienced technologist and blockchain enthusiast with deep knowledge of the Stellar ecosystem. Cyril specializes in developing scalable, secure, and user-friendly platforms, ensuring seamless integrations for payment solutions.

Richard Ingwe (COO): A strategic operator with a strong background in business operations and market entry strategies. Richard has successfully led operations for growing startups, optimizing processes, and driving measurable results.

Ibi Mboto (Compliance and Legal Lead): A detail-oriented professional with expertise in compliance, regulatory frameworks, and legal advisory. Ibi ensures Myaza adheres to all applicable regulations, safeguarding trust and credibility in the financial ecosystem.",,xdx2wxhxacqhxuqhtaak.jpg (https://v5.airtableusercontent.com/v3/u/50/50/1771855200000/ZJksg2orD5GnAYZ3BLzVgw/6GY8A2_pQO1Ju-8vK7MrU8QdCFB_RDSoLEZ5OXj6-j7qWs0jPy-rKGP1_5GphSX63g85aZ4cI6rcIQ77rAdRzoAmsPMhI-dcIdoLxIbTtPwiZ7T3ZU7DmW3SomsMLmSloaSI63HvYJkbp0-bB0AjGA/UIxC3LtVyqAz4VVY4CNXrn3RDCtsCKf0EWE5Q2VA9PY)
Meru,Mainnet,Applications,https://www.getmeru.com,Financial services app for Freelancers and remote workers in Latin America,$225360.00,$225360.00,,"Meru,Meru,Meru","Meru, On-ramp thru US bank account, Meru - Beyond Latin America","https://communityfund.stellar.org/dashboard/submissions/reck9KKpu9MWkU3Bf, https://communityfund.stellar.org/dashboard/submissions/recdQqHy4AR9ZBWyO, https://communityfund.stellar.org/dashboard/submissions/recNGVuHLxCxlKmzw, https://communityfund.stellar.org/dashboard/submissions/receglVZJLDcUweAv","https://communityfund.stellar.org/dashboard/submissions/reck9KKpu9MWkU3Bf, https://communityfund.stellar.org/dashboard/submissions/recdQqHy4AR9ZBWyO, https://communityfund.stellar.org/dashboard/submissions/recNGVuHLxCxlKmzw","SCF #14, SCF #22, SCF #25, SCF #31","SCF #14, SCF #22, SCF #25","No, my project does not need to be open-source, now or in the future",,https://discord.gg/AJwxuhGY,@getmeru,https://www.linkedin.com/company/88967421/admin/feed/posts/,,,,checked,image.png (https://v5.airtableusercontent.com/v3/u/50/50/1771855200000/aChWe_zs4eto1Z5QkRhctA/swT8dpd2WeMgDJJmOUpSC1lxlCa2a4pGSzOeKhCSrOEhMh1ZlcD_Hj7NcfEbqnNFyCjxWH96wWDFWkYBTgkzoVdY3vZdeM81Tl7L2rkckRYjYejbI1B7o0y-Uu-tV1Vh--u82zrjGdikX6TbASx5qQ/znvWuzYK3GRg2bNDVVRr0hB55FJPWPKVuSG5BCIhW9A)
Rahat,Mainnet,Applications,https://rahat.io/ ,"Integrate Rahat, a financial access platform on Stellar to help humanitarian agencies empower vulnerable communities with efficient, transparent, and low-cost aid delivery with automated weather triggers event before the onset of a climate disaster. ",$149962.00,$149962.00,"South Asia,East Asia & Pacific",Rahat,Stellar Integration for Rahat’s Open-Source Financial Access Platform,https://communityfund.stellar.org/dashboard/submissions/rec1ZJuYde6wkjlWJ,https://communityfund.stellar.org/dashboard/submissions/rec1ZJuYde6wkjlWJ,SCF #30,SCF #30,"Yes, fully open-source with Github",https://github.com/rahataid,,https://x.com/rahataid,https://www.linkedin.com/company/rumsan,https://rahat.io/reports,,"Our women-led executive team brings over 70 years of combined experience in blockchain development, finance, technology, and social impact. We excel in blockchain solutions, open source, digital public goods, smart contract development, project management, and humanitarian innovation. We believe in the philosophy of doing well by doing good. Here's the profile of executive team members - https://bit.ly/4gvKoQu We currently have 40  members in Rahat.

We have successfully managed and delivered Web3.0 projects with a total fund value of $500K and were recognized as a 2023 MIT Solver team. We also mentor and train in Web3.0 through our eSatya community, funded by the Ethereum Foundation.

Our portfolio also includes supporting impactful blockchain projects with Citopia (MOBI), UNICEF’s Giga NFT project, and Plastic Bank. Over the past five years, we've focused on Rahat, partnering with local and international organizations to support vulnerable communities.",checked,Rahat_SCF-Build.png (https://v5.airtableusercontent.com/v3/u/50/50/1771855200000/W-gkSvq5Q529sbmtQuCcKg/p_A1AmXmWbPtNrYl5WcL7GcgqI7Li-bogEHfaeRh1VeX4wbsSd9MkXuEEIZxHKmSFD7vxXz8N1TxSAeGo71eQlIeS-QHiLRtNLg0yAhF7E2d9gQH3eQBvM_vC-CKQ4NNSFXHwZMHpaB0yWgwVM-9__kQHtDwbEF60hixomS223c/ntreQSp4zDzaiOC1Ir30Vdbzc_cYtOeUZgZ9nVHZLSo)
Fluxity,Mainnet,Applications,https://fluxity.finance,Offers businesses and individuals unprecedented payment customizability through a precision-crafted token streaming platform.,$82750.00,$82750.00,,Fluxity,Fluxity,https://communityfund.stellar.org/dashboard/submissions/recDXtqYuR8g9FMXt,https://communityfund.stellar.org/dashboard/submissions/recDXtqYuR8g9FMXt,"SCF #18, SCF #21",SCF #21,"Yes, fully open-source with Github",https://github.com/luanlabs,,,,,,,checked,image.png (https://v5.airtableusercontent.com/v3/u/50/50/1771855200000/l7DkCPxgNPuQQNV6kHa86w/KVA_VXmfpZ0aGgQpOXgnYwaJTQvrHhOOrpxYgre2dttKZzXKuV-Fmj13a3Oy2E0jQhL2sj_ZZGIJNmfph5n-r-POuqAgq59Jdf0xotmYNRMwR-1Dvq8_jDe8UWTUAruW8V0yw0CdJZ_Nw1E5-rCfAQ/vQZ9jHdm2majrZQfLxaMnCpbfII1D-qcYFuogrpazFA)
Coindisco,Mainnet,Applications,https://coindisco.com/,Galaxy Ramp offers an onramp for any token on the Stellar network to help users simplify the purchase of Stellar tokens with fiat using Soroban. Existing solutions do not allow direct purchase with a card or bank account on Stellar any tokens except XLM or USDC.,$96000.00,$96000.00,No specific region of operation,Coindisco,Galaxy Ramp - fiat onramp to any token on Stellar,https://communityfund.stellar.org/dashboard/submissions/rec7yuazvycNZIcvj,https://communityfund.stellar.org/dashboard/submissions/rec7yuazvycNZIcvj,SCF #30,SCF #30,"Yes, fully open-source with Github",https://github.com/coindisco/galaxy-ramp,,https://x.com/coindisco,,https://x.com/coindisco,,"The Coindisco team consists of 10 members, including experienced developers specializing in web, Android, and iOS. We also have two in-house developers specializing in Rust, who are working on new services based on Soroban smart contracts. Our team's expertise spans financial systems, product development, and regulatory compliance, ensuring a robust and compliant platform.
Two key members of our team are Clarence and Vitaly. Clarence specializes in financial systems, strategic partnerships, and regulatory compliance, while Vitaly, our Technical Project Manager, oversees all aspects of product development and mobile app management.
Our portfolio's main product is the Coindisco app, which combines the best tools to help users explore, discover, and buy crypto on mobile and web. With Coindisco, we have successfully partnered with over 12 ramp providers, including industry leaders like Revolut and Moonpay, to provide the best rates and experience for our users.",checked,galaxyramp2-noborder.png (https://v5.airtableusercontent.com/v3/u/50/50/1771855200000/XnKtmNUnsSdTT8bLCCegMQ/VKh4LdurAwQ1AitU2KIglcuq17oP6UoJKc-pQQnJ0Nihq-sNaif4-WN-Hcw4ToaE77TPDgYx4hQ3PSGCYq0mOapKACdxPyMNtlz_riIRUlEtTl6e8cHogvH6Ckm7NhvdeP2Q0_NdH3aYVTDUR4hgHiYEK9mfKrq0e1XcXILqwKM/KcWjgO9mOEn08zzhvrC8my6fOo9Fn0P6cIvxuRpAlR0)
Kwickbit,Mainnet,Applications,https://kwickbit.com,"Enhance DeFi accounting with full transaction history, reconciliation, financial reports via UI/API, expand protocol integration",$119000.00,$119000.00,,"Kwickbit,Kwickbit","KwickBit: Compliance made easy, Kwickbit: Corp DeFi Accounting","https://communityfund.stellar.org/dashboard/submissions/rec4NbrgB4FWGVIm4, https://communityfund.stellar.org/dashboard/submissions/recrcyLc9CBiDZ8Ev","https://communityfund.stellar.org/dashboard/submissions/rec4NbrgB4FWGVIm4, https://communityfund.stellar.org/dashboard/submissions/recrcyLc9CBiDZ8Ev","SCF #20, SCF #24","SCF #20, SCF #24","No, my project does not need to be open-source, now or in the future",https://github.com/kwickbit,,,,,,,checked,KwickBit-Idea-1536x936.png (https://v5.airtableusercontent.com/v3/u/50/50/1771855200000/2zJXELf6geIUwOchmUOONQ/sS67D1uo14yJZMCMpbOUPkCsWJFPLjzOo1cx4DWjGAvDjLM_br1x9-d9-gUHdnBHoXNT3fNlWey3DWBJlC8H2ghZQobhJtzNQ3UTndwPFyYiijQxiCDsAxEvudAxFhy-lH9H7-SURMWa3DE_UItpYWKg1o98GTG4aJUWAp8SBaM/csFjsFgaAOiJzEwf7pYV-2r4pQR_b0bGdlAgI8w1t1w)
PayQin,Mainnet,Applications,https://payqin.com,"PayQin is a financial platform offering a USD wallet powered by USDC on the Stellar network, tailored to users in emerging markets. Our platform allows users to store, send, and receive funds seamlessly, providing a reliable alternative for those in cash-dependent economies. Through our integration with MoneyGram, users can fund their wallets in over 183 countries, making cross-border transactions faster, easier, and more affordable. By leveraging the Stellar network's low transaction fees and speed, PayQin brings financial inclusion to underserved markets, empowering users with modern financial tools.",$150000.00,$150000.00,"Sub-Saharan Africa,North America (without Mexico),Europe & Central Asia","PayQin,PayQin",PayQin: Blockchain made simple,https://communityfund.stellar.org/dashboard/submissions/recQjC4JOmJ9hfjD9,https://communityfund.stellar.org/dashboard/submissions/recQjC4JOmJ9hfjD9,"SCF #31, SCF #28","SCF #31, SCF #28","No, my project does not need to be open-source, now or in the future",,,https://twitter.com/PayQinn,https://www.linkedin.com/company/payqin/,https://analytics.google.com/analytics/web/?utm_source=marketingplatform.google.com&utm_medium=et&utm_campaign=marketingplatform.google.com%2Fabout%2Fanalytics%2F#/p286637802/reports/dashboard?params=_u..nav%3Dmaui&r=reporting-hub,,"Team with Fintech experience and market knowledge -  Fabrice Amalaman  Founder CEO  Ex BNP Paribas - Middle office - Wealth management - Part of team with Eur 1.6B assets under management.    Patrick Ouraga  COO  Ex Société General, Business account manager with up to 150 companies in portofolio.  Serge Ayepi  CTO  Senior Java Software Engineer with 10 years Experience - Previously at Disneyland Paris.",checked,230ad033 (https://v5.airtableusercontent.com/v3/u/50/50/1771855200000/Ekb5Y73_et4QbxOLHpKC0g/6Yk_6bUdMUScMkffWKP0X-4MkdammAKA9hjYCwZOunFw2mh6usj8_d46XMNaN4tCXER3gCnFLW8xd-ldmScHbZe27yM4aMT4tWGBDtgKPA3qVS3RW6Kb_JSnDSqVsRyKaZoRyUFKokhXucjx3CPmOA/5AjveCOOyOab49pbVZV7s72w9IXkQRcarM-5iG0BoFM)
CashAbroad,Mainnet,Applications,https://www.cashabroad.one/,Do Abroad business as easily as with locals for exporting and importing businesses in LATAM. CashAbroad facilitates cross-border payments with USDC and Fiat.,$180025.00,$180025.00,,"CashAbroad,CashAbroad,CashAbroad","CashAbroad, CashAbroad Letter of Credit","https://communityfund.stellar.org/dashboard/submissions/recRhRDNW8zDJZBPA, https://communityfund.stellar.org/dashboard/submissions/recrIwocQMrQbXS41, https://communityfund.stellar.org/dashboard/submissions/recr6JGgzX8IHBgA5","https://communityfund.stellar.org/dashboard/submissions/recRhRDNW8zDJZBPA, https://communityfund.stellar.org/dashboard/submissions/recrIwocQMrQbXS41, https://communityfund.stellar.org/dashboard/submissions/recr6JGgzX8IHBgA5","SCF #11, SCF #14, SCF #21, SCF #41","SCF #11, SCF #14, SCF #21","No, my project does not need to be open-source, now or in the future",,,https://twitter.com/CashAbroadApp,https://www.linkedin.com/company/cashabroad/,,,,checked,Donations.png (https://v5.airtableusercontent.com/v3/u/50/50/1771855200000/WxaN3uAP0SVhVamlDWRuHg/EV3v7eppwJLo-OG3AqfJiob1xZs8wXAUskqPwHrHXT4NWgT-9ndVAuyo2z_b1b3kUpUuY_0v2aI3hKZWh0WJDKhd8KwFNfxCi-sp60SSoMaYpeqPXfmVSVU2cYieDWXQ4CLEkz3DSMyPq-LuMaD2hQ/8fI7dJ1GWl5LYDrkJk-LNxbp0GPiNEbG8hg6Etdj_E8)
Dogstar,Mainnet,Applications,https://app.dogstarcoin.com,Dogstar is a DeFi play & learn platform that gamifies your crypto experience,$165407.50,$165407.50,,"Dogstar,Dogstar","Dogstar, Dogstar League","https://communityfund.stellar.org/dashboard/submissions/recDYN78xOLfo2AUv, https://communityfund.stellar.org/dashboard/submissions/recmn1pHr7N7jqA9D, https://communityfund.stellar.org/dashboard/submissions/recOcOlGlsC6BUFmx","https://communityfund.stellar.org/dashboard/submissions/recmn1pHr7N7jqA9D, https://communityfund.stellar.org/dashboard/submissions/recOcOlGlsC6BUFmx","SCF #13, SCF #16, SCF #24","SCF #16, SCF #24","Partly, I do have a public Github",https://github.com/dogstarapps,https://discord.gg/wtA4hnDp2j,https://twitter.com/dogstarcoin,,,,,checked,6470fa5cbb86adbb8afa632e_2023_09PAG_presentacion_dogstar_v6.001.jpeg.001.jpeg.001-p-500.jpg (https://v5.airtableusercontent.com/v3/u/50/50/1771855200000/QRUBSEZdOfaAm_gntcaVpg/mPAa1mx6b71z58AZ0nAjwKKsQIRC6vACFpSldruV9MgkclBcyd9Bl9C9rziPjfbSBkt5-2z0xj17GUe5bLJQcpzhHXzb9hQ9DzTOM0YgRRBALHYNWSnwffhJ6IX9W0DXsHJJiFRgBJ_kUoROv-R1hkX17nsSi8tJ_3HnJG12MDU3cwFPmkrIvz2c8AorRgBy2CirJmt-KpFMpsqeEBXTXIbPAzNLZzp2LE2q1X2CQEVQC5TwgQkvoaehcqcWKVhl/Ska19FKKiZeF-zeb_mvqRdMU-rLw5iNYWbP3JiqgYDA)
Lobstr,Mainnet,Applications,https://lobstr.co/,"Ultra Stellar, established in 2014, is a software engineering company specializing in financial solutions for the Stellar network. The company’s main products include LOBSTR, StellarX, and StellarTerm — three leading Stellar wallets and interfaces. These secure and user-friendly products empower individuals and businesses alike, enabling anyone in the world to achieve financial freedom. Ultra Stellar also offers professional services, assisting businesses in their transition into blockchain technology, integrating with the Stellar network, and developing ready-to-launch solutions.",$232000.00,$267462.64,,"Lobstr,Lobstr,Lobstr","LOBSTR, LOBSTR: new Soroban features, Ultra Stellar / Soroban Integration","https://communityfund.stellar.org/dashboard/submissions/reckAPLIsrEDIE0Zb, https://communityfund.stellar.org/dashboard/submissions/recLPGmYh7sNVjRz7, https://communityfund.stellar.org/dashboard/submissions/recWR4fbwZYJ72i34","https://communityfund.stellar.org/dashboard/submissions/reckAPLIsrEDIE0Zb, https://communityfund.stellar.org/dashboard/submissions/recLPGmYh7sNVjRz7, https://communityfund.stellar.org/dashboard/submissions/recWR4fbwZYJ72i34","SCF #2, SCF #22, SCF #17","SCF #2, SCF #22, SCF #17","Partly, I do have a public Github",https://github.com/lobstrco,,https://twitter.com/ultrastellar,,,,,checked,StellarX AMM screen (1).png (https://v5.airtableusercontent.com/v3/u/50/50/1771855200000/dmw9pS56IVMbNjW9dLDnyQ/v8Ektb3EYvuKR4fJ8R2g_C8qlE23ATReE364v5ObyshWhhvDzO547E8Uhdap0XoIfMppicWvOoT5s1v7v1DCm-96rwaBsAxWHL3Q3HvFti3eZ0ePxwv0SHe6kU7GU-NRkmgKv9QNQr6fgd0S4SVOVG_0n_biPWFaLoHB_GsSTRU/fqcQnjkMilYSXfouSxe5ijncIWZftqM-MgojrQ6C28I)
Giveth,Mainnet,Applications,https://giveth.io,Bring Quadratic Funding and 1000s of projects to Stellar by integrating Giveth.,$50000.00,$50000.00,,Giveth,Giveth,https://communityfund.stellar.org/dashboard/submissions/rechcT1UmtJlod9ec,https://communityfund.stellar.org/dashboard/submissions/rechcT1UmtJlod9ec,SCF #28,SCF #28,"Yes, fully open-source with Github",https://github.com/Giveth/giveth-dapps-v2,https://discord.giveth.io/,https://twitter.com/giveth,,,,,,f71069718a155194b9e6bfe72a882f7c.png (https://v5.airtableusercontent.com/v3/u/50/50/1771855200000/O6bZ7AUDGBq2Rgxybdl1sQ/OyHk27-kauusAXtJxzoRpa9EC8k8g-mSWpcQ3ivoXe2eg2qDP2f6GOdtG1TIBdGFuLh6U95uYiZum4Bjc-C4Y0FvoqAo8MkjzI-x_urqRtFN0PUzznXOntKCDFhrn5cNWOQuE_iDaT4QOYz_1CGuZPgQdCu1wliX9WDGr1z83tTwZIxI8y5fWR-0nssARyR3/tJUQPpXY-TjAkwb1wGLYvpUYm0tsHn9t5E-08mhDnvA)
Gearup - Marketplace,Mainnet,Applications,https://gearup.market,"GearUp is a Stellar-based P2P marketplace for African creators to rent, buy, sell gear, studio spaces, courses, and find gig opportunities.",$124500.00,$124500.00,"Sub-Saharan Africa,Middle East & North Africa","Gearup - Marketplace,Gearup - Marketplace","Gearup - Marketplace, The Peer-2-Peer Marketplace","https://communityfund.stellar.org/dashboard/submissions/rec6upUevElzRhgCs, https://communityfund.stellar.org/dashboard/submissions/recDUwhmUUpxLUbK1, https://communityfund.stellar.org/dashboard/submissions/recDsUIvFwd7tIAXc","https://communityfund.stellar.org/dashboard/submissions/rec6upUevElzRhgCs, https://communityfund.stellar.org/dashboard/submissions/recDsUIvFwd7tIAXc","SCF #28, SCF #30, SCF #32","SCF #28, SCF #32","Not yet, I don’t have a Github yet but my project will be open-source",https://github.com/Gearup-Market,,https://twitter.com/Gearupmarket,https://www.linkedin.com/company/gearupmarket,https://docs.google.com/spreadsheets/d/13Q5jZlPlSPIWXT9YzDEYnHU1toMS7Y8O/edit?gid=1380641571#gid=1380641571,,"The GearUp team is composed of 8 dedicated professionals with diverse expertise and over 30 years of combined experience. Together, the team combines expertise in leadership, product management, technology, operations, and marketing to drive GearUp's mission of empowering creators with access to essential gear and creative resources.

Mary Odogbo - CEO:

A visionary leader with extensive experience in driving business growth and building strategic partnerships. Mary is focused on scaling GearUp's presence in the creative marketplace.

LinkedIn Profile

Philip Akhilome - CTO:

Philip is a highly skilled technologist with over 10 years of experience in software development, systems architecture, and blockchain technology. He has successfully led the development of several high-impact tech solutions in fintech and e-commerce.

Key Achievements:

Led the development of a blockchain-based payment solution that processed over $5 million in transactions within its first year.

Architected and deployed a scalable e-commerce platform used by thousands of customers, featuring robust security and seamless user experience.

Industry Experience: Philip's extensive experience in integrating blockchain technology with traditional systems has been crucial in building GearUp's decentralized escrow and transaction system on the Stellar Network. He has previously worked with both startups and established tech firms, contributing to their technological growth and innovation.

Education: Holds a degree in Electronics and Electrical Engineering and has certifications in blockchain development and cloud computing.

LinkedIn Profile

Obasi Francis Ifegwu - CBO: He possesses over seven years of experience in leadership, business development, and sales across various industries. Previously founded and led multiple successful ventures, including Kwikpik, a peer-to-peer delivery marketplace for underserved regions of Africa and the Middle East.

LinkedIn Profile

Oyakhilome Godstime Einstein - Head of Product & Design:

An experienced product manager with a strong background in user experience and digital product development. Einstein is responsible for the overall product strategy and execution at GearUp.

LinkedIn Profile

Ighodaro Umaigba - Chief Operating Officer (COO):

An operations expert with a keen eye for process optimisation and operational efficiency. Ighodaro ensures the smooth functioning of GearUp’s day-to-day activities.

LinkedIn Profile

Adebisi Abidemi - Gear & Studio Rental Manager:

Manages the logistics and coordination of gear and studio rentals, ensuring that users have seamless access to the resources they need.

Instagram Profile

Judith Ehikalomeh - Photography & Videography Manager:

Leads the photography and videography division, managing a team of creatives and coordinating media coverage for events and projects.

Instagram Profile

Covenant Otafu - Marketing Head:

A strategic marketing professional responsible for driving brand awareness, user acquisition, and community engagement for GearUp.

LinkedIn Profile

Revival Nano Adolor - Frontend Developer:

A skilled front-end developer specialising in creating intuitive and responsive user interfaces. Revival plays a key role in enhancing user experience on the GearUp platform.

LinkedIn Profile",checked,06ea4be4 (https://v5.airtableusercontent.com/v3/u/50/50/1771855200000/-h7CJfWGqeTBQ_3IGFpgqg/j36UAYtcN7nUjFkqxwIhz7YpUUkqiDDXjkEbsmIDnNmh82btlmozBVKSFIWewDUZj1BHmMnsF87E5r5Wmc1Ob5r2CM7F2m8VFEZ22rXoYeNqZUnj9jedhmw4DVmFeBPQgdPuvzjQrQwuWFnfEJF8Ng/9r-QZkoffoKc_zSIeBwcMRCoJVGcPWRcgETDNSFOM5A)
Wagent,Mainnet,Applications,https://wagent.app,Offers merchants effortless reception and management of crypto payments and easy checkout for the buyers.,$43400.00,$43400.00,No specific region of operation,Wagent,Wagent,https://communityfund.stellar.org/dashboard/submissions/recyhHu5bchmieL0C,https://communityfund.stellar.org/dashboard/submissions/recyhHu5bchmieL0C,SCF #26,SCF #26,"Yes, fully open-source with Github",https://github.com/luanlabs,,https://x.com/wagentofficial,,https://github.com/luanlabs,,"We are a team of two, Ceyda and Ruveyda, who have been active in the Stellar ecosystem for over a year. Additionally, we collaborate remotely with experienced professionals worldwide, including UI designers, motion graphic artists, branding experts, and other specialists to bring our projects to life.",,6f5f69b1 (https://v5.airtableusercontent.com/v3/u/50/50/1771855200000/h5kg9Rl7-pSfxTnRs56GcA/7YJaDsC2sQCzVjwyix12NLQ5ZfaGIklH3S36eoDkEBhqPF6ao4kfyoWpdChVAG3xtnD-TAWorOU7_C8i0u3iXnfPAE6gsiHK7I4Uq09CJIi_au3E2Io5uoWN6rdaE-IdmjpiqYBt1cbRmCALtd-B1Q/VECHetBywbAvHOw2TOn1zClO_Oys3_wYvAJvuNuujIA)
Globachain,Mainnet,Applications,https://www.globachain.com,On and off ramps for individuals and businesses; Merchant services and cross border payments for businesses; All on Stellar.,$138500.00,$108833.33,"Middle East & North Africa,Sub-Saharan Africa,Europe & Central Asia","Globachain,Globachain","Globachain Payment Ecosystem, Making money move on Stellar","https://communityfund.stellar.org/dashboard/submissions/recuYdA4IXkFUtuLI, https://communityfund.stellar.org/dashboard/submissions/recviFClrXrpTwVST",https://communityfund.stellar.org/dashboard/submissions/recuYdA4IXkFUtuLI,"SCF #29, SCF #31, SCF #34 , SCF #34 , SCF #35, SCF #36","SCF #29, SCF #36","Not yet, I don’t have a Github yet but my project will be open-source",https://github.com/globachain,,https://x.com/globachain,https://www.linkedin.com/company/globachain,https://dappradar.com/globachain,,"The team exhibits a well-rounded and synergistic dynamic, blending visionary leadership, technical prowess, operational excellence, and legal expertise:

-   Visionary Leadership: Cairon Clarke, our CEO, guides the overall strategic direction of the company. His forward-thinking approach and deep understanding of the blockchain landscape help align the team’s goals with market opportunities. Cairon’s active involvement in community projects, as reflected on his GitHub profile, underscores his commitment to innovation and transparency.
    
-   Technical Excellence: With Oluchi Charity as CTO, the team benefits from her strong technical background and hands-on experience in blockchain development. Her contributions on GitHub demonstrate a deep commitment to building robust, scalable solutions, ensuring that our platform stays at the cutting edge of technology.
    
-   Operational Efficiency: Kola Andoyi, the COO, provides the operational backbone that drives execution. His expertise in managing day-to-day operations ensures that strategic initiatives are implemented effectively, maintaining alignment across the team and optimizing processes to support rapid growth.
    
-   Legal &amp;amp; Compliance Strength: Zeeshan Uppal, serving as CLO, offers crucial oversight on regulatory matters and legal strategy. His guidance helps navigate the complex legal landscape of the blockchain industry, ensuring that the company’s operations remain compliant and secure.",,o7dbpn8z8jpssqggi0sa.jpg (https://v5.airtableusercontent.com/v3/u/50/50/1771855200000/DuLwOe2p3Yw1M6Y-0IDQag/-Q1VkcBrXMOWPPqUSv_S7KD80yJ95zGOEgOlsrtBV3y-Vdx2L4Aw8nQwEeu7P_Im-T1J897O8oG1BIdE9_Tj5uGKqr0nsSMHv38vPSdib2HwZ6eZl5u2VSd7yTFfnJx6Be9ijF6IF5migJVqh-Q_yw/O3Z__nFnlKLABB3wM2_6QEwx_xK3madLGfwF8o-X98U)
CTX.com,Mainnet,Applications,https://ctx.com,Spend your XLM and USDC at thousands of physical and online stores.,$88200.00,$88200.00,,CTX.com,CTX.com Spend,https://communityfund.stellar.org/dashboard/submissions/recs3a3kKPgwjWT1Y,https://communityfund.stellar.org/dashboard/submissions/recs3a3kKPgwjWT1Y,SCF #19,SCF #19,"No, my project does not need to be open-source, now or in the future",,,,,,,,checked,image.png (https://v5.airtableusercontent.com/v3/u/50/50/1771855200000/rwnJVWf1pC5K9nee6qH0gw/KEHb5okxfsAC9H3YZW5KnJzxyq47XRqPgmJkTuXniF0QC7KQXYuMXHdMDBq0EmLL3GgabHNJgvEWPH_jAhG2_gZrKfcdghWlJXzU5zWKouubxjiPhw3fbcsRjbdP_ARc62zJC1PbFwH2urYBBkFKhg/zfeivgxai0jeluAYgQU3wfnK0GihOeRNzqE4iYCbmtk)
Komunitin,Mainnet,Applications,https://komunitin.org,Komunitin provides a payments system and marketplace for local currency exchange communities.,$44850.00,$44850.00,Europe & Central Asia,Komunitin,Komunitin,https://communityfund.stellar.org/dashboard/submissions/recNOhqg2m5UV2Eb8,https://communityfund.stellar.org/dashboard/submissions/recNOhqg2m5UV2Eb8,SCF #26,SCF #26,"Yes, fully open-source with Github",https://github.com/community-exchange-network/komunitin/,,,https://www.linkedin.com/in/esteve-badia-orive/,http://work-in-progress.dev,,"Esteve Badia. Mathematician and software engineer. 15 years of experience in edtech and financial software. Developer of the community currency software IntegralCES and the Komunitin app. Member of a community currency for 10 years. Teaching cryptography at UPC.

  
Warren Puckett. Technologist with almost 30 years of experience in business sectors including financial services, web3 and political activism. Tech founder of UK’s political action organization 38degrees with 3 million members. Tech lead of Ethereum project sponsored by Barclays, HSBC and Northern Trust banks.",,d70946e0 (https://v5.airtableusercontent.com/v3/u/50/50/1771855200000/iHG8Iip37KPe1FJGKh1cvg/Bfg1dwxAIfm0KQ_lW9uKuKvnXK6-0Aupb2wVgmbSSUPZZ0S0U99UHax5eRDY6n4XyJlYfZdRSiNAHbfH9TPO_IMkrgEJ3h8x5YnMQpbZSOtXIhVIuTXhReA3GuWiNuXSDagi2w0GQ4E9TYWfghdeWg/j9i-If9IKcdiG4rgbo0Sor0AVsS5M6wKSRsEvvamOOo)
FindTruman,Mainnet,Applications,https://findtruman.io,FindTruman — Create a story-gameplay co-creation platform based on Web3 and AIGC,$21998.00,$21998.00,,FindTruman,FindTruman,https://communityfund.stellar.org/dashboard/submissions/recSLvwi5PteSRWO9,https://communityfund.stellar.org/dashboard/submissions/recSLvwi5PteSRWO9,"SCF #26, SCF #36, SCF #23, SCF #22, SCF #29, SCF #37, SCF #38",SCF #26,"Partly, I do have a public Github",https://github.com/TrumanStellar/Story-Creation,https://discord.com/invite/vrUjMWsjAj,https://twitter.com/FindTruman,,,,,checked,f46c2429ed2f1a5ced9509f0f2545761.png (https://v5.airtableusercontent.com/v3/u/50/50/1771855200000/LRDzi68cyVgwEcilt90Teg/CX6WMbirrSwN9JJLbUrvCxfqGMom0SVB95PeOlVRsoabJhR_IioKVOzElhKGduz9ypNhCMo_5DxpJci54B7ebSWrBHHMLqvLPQ56EN3A0iqMnA2Fm0VW4Fz0fVmCrWAn1qSgOoiSUGz8_MCfO0gOALjLOghFEA-h3-MtcaWYAm7c0DZXASXQpUFKO62t23Mi/4JGPpZ_e37UYES0A972RFN-G_gNf66XgadrF0GIzHwg)
Stellar Light,Mainnet,Applications,https://github.com/Stellar-Light,"Explore and Navigate dApps, Tools, Stablecoins, DAOs, Wallets, NFTs & more built on Soroban.",$13000.00,$108000.00,,Stellar Light,"Stellar Light, ",https://communityfund.stellar.org/dashboard/submissions/recvrlsJ7CvVR5aLv,https://communityfund.stellar.org/dashboard/submissions/recvrlsJ7CvVR5aLv,"SCF #22, SCF Public Goods - Q3 '25, SCF Public Goods - Q4 '25, SCF Public Goods - Q1 '26","SCF #22, SCF Public Goods - Q3 '25, SCF Public Goods - Q4 '25, SCF Public Goods - Q1 '26","No, my project does not need to be open-source, now or in the future",https://github.com/Stellar-Light,,,,,,"I'm Boxy and I've been part of the Stellar community since 2019 and have been focused on content, discoverability, and ecosystem growth since 2021. Over the years, I’ve created content that’s reached over 100,000 views across Reddit and Twitter, helping bring attention to projects building on Stellar and highlighting ecosystem developments.

Some of the things I’ve contributed to include:
- Stellar Wrapped – a yearly recap of ecosystem progress
- https://stellarlight.xyz/hack
- Hackathon mentoring with SDF (Consensus (Toronto Builder Summit), Istanbul(Rise in), Hack Meridian London)
- Building tools and resources to make Stellar projects easier to discover
- Supporting new protocols with ecosystem data, positioning, and product feedback
- Community collaborations 

My background is very product-driven, and I care a lot about helping teams find product-market fit and grow real user adoption. Outside of Stellar, I’ve also worked on DePIN infrastructure projects on Polygon, giving me experience across ecosystems.

With Stellarlight, the goal is to take all this experience and create something that brings more visibility, connection, and momentum to the Stellar ecosystem.",checked,categories soroban.jpg (https://v5.airtableusercontent.com/v3/u/50/50/1771855200000/Z-Ry8k602vy961Lml9wi2w/C-gErk_rKJOd9YqjyEbAjxGBHnZM_QQJQ-BWj2AVXYap_gLAF0nodOWAg0jnojU6o-nolAgKTPtwhjVCEpBuOb7MzHT1Sgcgs0qc_FQ9t53-iqMBVKgng4ZLMdEv7Y58TuKxjszqXRNZhx5YQqvJVRFJ2D9bwQe15qtNBCTZte0/DMcIvnwPNhB_2k8tUQiHSToUwvjDp6zsfqwj7n3ZLmE)
USDC Swap: Stellar CCTP Bridge,Mainnet,Applications,https://usdc-swap-staging.ultrastellar.com/cctp/landing/,"USDC Swap: Seamlessly bridges USDC across networks with CCTP, prioritizing Stellar integration for efficient, low-fee transactions",$50000.00,$50000.00,,USDC Swap: Stellar CCTP Bridge,USDC Swap: Stellar CCTP Bridge,"https://communityfund.stellar.org/dashboard/submissions/recqE4Pq1SlYXqzuC, https://communityfund.stellar.org/dashboard/submissions/recQSBAqbYn7fpdzQ",https://communityfund.stellar.org/dashboard/submissions/recqE4Pq1SlYXqzuC,"SCF #26, SCF #30",SCF #26,"No, I don’t have a public Github",,https://usdc-swap-staging.ultrastellar.com/cctp/landing/#,https://usdc-swap-staging.ultrastellar.com/cctp/landing/#,,,,,,85353d4caf56a11410509a712854d9f9.png (https://v5.airtableusercontent.com/v3/u/50/50/1771855200000/m-c9K20rRB2MUrFr1IPuqA/z7vN-Md3iXWtg96nQ6GFmCwYsrUGWtOa4OYno5B4Iyqfsd72aaxf25U6Gg5PE7sLgHENp7fhz2CJN2JaJkKWWcGbRlhs_E9V1hDRuZJAHIE2s-Tsku5xkaBHIA3Qzk0Yh4fThct0Hn0p4VAZfFSgEnKc5nuCVmt8yV003H5r_WTqeZOajxhcTxd_NT0hds9Z/yR13LLa8gtGJq7o_Bot1ZJUjQuXJLc8YsurUXwel1C4)
Content DAO,Mainnet,Applications,https://contentdao.app,A decentralized system rewarding content creators for translating Web3 concepts to everyday users,$130000.00,$136666.67,No specific region of operation,"Content DAO,Content DAO","B4B - Influencer/KOLs protocol, Influencer protocol with deposits on Soroban","https://communityfund.stellar.org/dashboard/submissions/recUJPxEC1NhY3hU8, https://communityfund.stellar.org/dashboard/submissions/recRUwxY4FaVxNU4S, https://communityfund.stellar.org/dashboard/submissions/recCKZxVBYc2jgue4","https://communityfund.stellar.org/dashboard/submissions/recUJPxEC1NhY3hU8, https://communityfund.stellar.org/dashboard/submissions/recCKZxVBYc2jgue4","SCF #27, SCF #30, SCF #31","SCF #27, SCF #31","Not yet, I don’t have a Github yet but my project will be open-source",https://github.com/ContentDAO,https://discord.gg/cx6xndBz,https://x.com/contentdaoapp,https://www.linkedin.com/company/contentdao/,https://dappradar.com/dapp/contentdao,,"Anton CEO

https://www.linkedin.com/in/antony-peech/ 

Web3 product expertise. Built $1M+ Service Dev business

Anna CMO

https://www.linkedin.com/in/anna-chukhnina-5070361b3/ 

Expertise in influencer marketing: 2000+ ad сampaigns in 20 countries

Joint scientific publication:

https://ieeexplore.ieee.org/abstract/document/10174964 

https://ieeexplore.ieee.org/abstract/document/9569815≈",checked,f32b08a8 (https://v5.airtableusercontent.com/v3/u/50/50/1771855200000/fqoRC7OqkqJt3E7ZbkS2-A/dUpQ7BTMldUHoJbzaqCYz0zywjCGJUzyXXuDKJthd5fMTAIMEXDghOLIzbDPI3SZ0dGjjQ1-f7fO8LBOsLDaYjXL1xrRoqHlVYvaHapeXnE4CevBd8W1xzo2cl7wpMyhlvTclX5s-KK_llXOjgQSsg/McjA8S7E9-QeAlogdGIltXXK6AbzG5kSKRD-WJYNp50)
Skyhitz,Mainnet,Applications,https://skyhitz.io/,"Skyhitz is at the forefront of the evolving music industry, leveraging blockchain technology to revolutionize how music is created, shared, and monetized.",$255000.00,$250879.97,No specific region of operation,"Skyhitz,Skyhitz,Skyhitz","Skyhitz, Skyhitz II, Music Meets Smart Contracts","https://communityfund.stellar.org/dashboard/submissions/reclNj9OycGGm4lKW, https://communityfund.stellar.org/dashboard/submissions/recgnjAu0uHmoQNGJ, https://communityfund.stellar.org/dashboard/submissions/rec0jaspuekXupv9N","https://communityfund.stellar.org/dashboard/submissions/reclNj9OycGGm4lKW, https://communityfund.stellar.org/dashboard/submissions/recgnjAu0uHmoQNGJ, https://communityfund.stellar.org/dashboard/submissions/rec0jaspuekXupv9N","SCF #9, SCF #10, SCF #30","SCF #9, SCF #10, SCF #30","Yes, fully open-source with Github",https://github.com/skyhitz/skyhitz,,https://twitter.com/skyhitz,,https://dash.cloudflare.com/8d06a01e958a084add5fcf155430e0fa/skyhitz.io,,"Alejo Mendoza is the founder of Skyhitz, a platform empowering artists to monetize their music directly through smart contracts and stablecoins. With a background as a founding engineer at Splice, he combines his expertise in music and technology to create innovative solutions for artists and fans. Alejo is focused on leveraging Stellar’s Soroban smart contracts to revolutionize music investment, offering artists low fees and fans unique opportunities to engage with music assets. Passionate about user-centric design and open-minded communities, he’s actively building Skyhitz to bridge the gap between music and Web3 technology.",checked,h9u2lqar6tkeshqtjghf.png (https://v5.airtableusercontent.com/v3/u/50/50/1771855200000/5x1my4R3V65oAnOGFSlolg/WlR9WLC7-ARaJazF6fOJaLe_zOM8CZlFR9UXQiI0vxv_BLewlos14utDsXWJnbClP_O02jDJ5yUmyla9sV-sfPgVVOH-vjRS_ipxHyDKDYU1DHvV4cS4VChbzB8leKiNw__nts6vxZ1zewAzsCVwQw/ADETplHh1IodDYeWaGzBZtO1ppz1NZHL5DUqKnAlFgU)
Freelii ,Mainnet,Applications,https://www.freelii.app/,Freelii is a rebranding of our project Strooper Wallet. This project is a noncustodial Stellar wallet leveraging passkeys for enhanced security and ease of use. Freelii was originally built on Telegram as a chatbot for remittances. We have been gathering constant customer feedback and now created a B2B2C business model integrating core features our prospective merchants are looking for. ,$72500.00,$72500.00,"North America (without Mexico),No specific region of operation",Freelii ,"Make Money Move, Freelii",https://communityfund.stellar.org/dashboard/submissions/rec350A9UiLypplJB,https://communityfund.stellar.org/dashboard/submissions/rec350A9UiLypplJB,"SCF #32, SCF #34 ",SCF #32,"No, I don’t have a public Github",https://github.com/freelii/freelii-core,,,https://www.linkedin.com/company/freelii/,https://docs.google.com/spreadsheets/d/1KyAneWvA5Fo5OKektQUDfhoVJ2jI-P0oJGulxK3cEGU/edit?gid=0#gid=0,,"Jose and Joseph are excited to announce they have handed in their notices and left their full-time jobs to focus on Freelii full-time, operating from the Philippines starting December 2024.

Jose is the founding engineer at Atrato, a leading BNPL solution backed by Y Combinator and Accel. Since its founding in 2019, Atrato has rapidly grown by leveraging advanced technology developed by Jose to underwrite loans in real time, offering fast, affordable financing options for physical and online stores. A three-time Stellar Hackathon winner, Jose is now the CTO of Freelii.

Joseph brings extensive experience in traditional finance, including investment banking, wealth management, and hedge funds. Seeking greater excitement, he transitioned to fintech in London, working at Cashflows before being recruited by Checkout.com as their youngest Account Manager. At Checkout.com, he manages over $350M in monthly transactions and generated $1M in ARR within his first year. Joseph also contributed to the GTM strategy for Southeast Asia's largest microfinancing company and is now focused on using his nonprofit and financial expertise to support underbanked markets.

Jose and Joseph met at the Stellar x EasyA Meridian London Hackathon, bonding over their shared passion for DeFi. Joseph driven by real-world applications and Jose by the underlying technology. Both were seeking to transition to DeFi full-time, a topic that naturally arose during post-hackathon and post conference discussions.

Following the event, they spent five intensive days together and decided to partner on Freelii. Their first product sprint at the ""Funding the Commons Hackathon"" resulted in Freelii winning first place.",checked,50629bb5 (https://v5.airtableusercontent.com/v3/u/50/50/1771855200000/CR9Rv5DXehewPQB6pXpcrg/a9o34_B-zn4fb-uMPSrrBb40z-aJp6K7RvevK8T_d5DBbQTZVrM2oZkbV6W2cEbnrV2SiIAOXncAJgwaMZS9zw73V_5TBP5G4Q7SVaTeW3LS8xUKQZksKSQmW_NCKVzaiCtcyfKLj3RXJq0B66XkIg/xy6aDWTJ8n7lCkvw5f_OfBishNulYm20UKWXK7sVKlw)
Depay,Mainnet,Applications,https://depayapp.com/,"Enabling crypto payments in inflation-hit economies, connecting consumers and merchants via Stellar, hassle-free.",$42500.00,$42500.00,,Depay,Democratizing Crypto Finance,https://communityfund.stellar.org/dashboard/submissions/recQhWya5YInPvM1U,https://communityfund.stellar.org/dashboard/submissions/recQhWya5YInPvM1U,"SCF #24, SCF #37, SCF #39",SCF #24,"No, my project does not need to be open-source, now or in the future",,,,,,,,checked,8de3ff5248ba8cad7998d75d11d2c641.png (https://v5.airtableusercontent.com/v3/u/50/50/1771855200000/MgMLlwUz51a-pmfFqO6rUw/7UVcHU-ZxtzhTHCJ2CTWj594jG3U0DspbG9J-Hxdy8FIu_Se7t9k_6yJXn51v-Wneg8VIVP0DnSuOYVS9ppscVTeKoe4zFybwnc9hl3HPdMo4_qDNmh2cVznXhMy-EJywoaroOgqp3Q_FU0LO6lzXLDpX1s_euAchIAjapRzGSg/jW9vzE8KeVRPq9HoW48SAkPkJKI-nFfoMLgtdzVBKcI)
MugglePay: Stripe for Stellar,Mainnet,Applications,https://mugglepay.com/,"Help merchants accept crypto on Stellar through autoswap smarts contract built on Soroban. (e.g. pay-in XLM, pay-out USDC)",$28000.00,$28000.00,East Asia & Pacific,MugglePay: Stripe for Stellar,MugglePay: Stripe for Stellar,https://communityfund.stellar.org/dashboard/submissions/recdpGqD8HIslsaOT,https://communityfund.stellar.org/dashboard/submissions/recdpGqD8HIslsaOT,SCF #30,SCF #30,"Partly, I do have a public Github",https://github.com/MugglePay/stellar-pay,,https://x.com/paymuggle,https://www.linkedin.com/company/mugglepay/,https://finance.yahoo.com/news/capitalizing-420m-crypto-user-market-174500685.html,,"We have 4 people working on this project, 3 developers and 1 non-development members, we are all full time. Shawn and Sky have been working for 5 years.
Shawn is responsible for the technical aspects of MugglePay. He graduated from Stanford with a degree in Computer Science and has four years of experience in Fintech, along with three years of experience in blockchain technology. He previously worked at Twitter, where his focus was on enhancing advertising revenue for numerous merchants on Twitter ads. Shawn is also the winner of the Paypal hackathon. He possesses extensive expertise in building on various blockchains and managing millions of on-chain transactions.

Sky is responsible for product design and user acquisition. She graduated from the Capital University of Economics and Business in China and has been working in Fintech startups for more than 4 years. She used to work at Tron Network, and was the founder of Zhixing Lab and co-founder of Chainsights.",checked,mp_400x400.jpg (https://v5.airtableusercontent.com/v3/u/50/50/1771855200000/y-S6bjK61j4Wlc9BVvy27g/oo8ox2HHDia0BSTAd2ccZyMkKReRG7SHojpiIrrAJq9dzmbXzEMvp4L8MdMcaGouCKiS55a2NfbnzzKYclIzsbLv9UKgKzFGFHnFopoxihv12gBgaGNz8pLqYI0Eya_Z5N220U9Q9jUDI8Z25TtPBP_FkK8ltQaBaBgpjH5NEp8/iCeAYd6Gc6rxpUgTCRGo1Ivi525nJvnyYvsaZKFpDHY)
Kura,Mainnet,Applications,https://www.kuratek.com/,We create transparency and impact by reducing cash use and enabling merchants in LAC to get paid directly at their points of sale,$147300.00,$147300.00,North America (without Mexico),"Kura,Kura",Kura for cross-border payments,"https://communityfund.stellar.org/dashboard/submissions/recZgZOpwThqNmkmm, https://communityfund.stellar.org/dashboard/submissions/reczqo07NefyJFoSO, https://communityfund.stellar.org/dashboard/submissions/recDvnkHMNhQh0F0t","https://communityfund.stellar.org/dashboard/submissions/recZgZOpwThqNmkmm, https://communityfund.stellar.org/dashboard/submissions/recDvnkHMNhQh0F0t","SCF #27, SCF #30, SCF #31","SCF #27, SCF #31","No, my project does not need to be open-source, now or in the future",https://github.com/KuraApp,,,https://www.linkedin.com/company/kura-fintech/?viewAsMember=true,https://github.com/KuraApp,,"Stéphanie Joseph (CEO) earned her MBA from Harvard Business School and brings a wealth of experience in financial services and fintech/payments from working between Ernst & Young, American Express. She spent her early career helping top financial services companies adopt products and technologies to streamline their operations and reduce costs. At HBS she focused on fintech/tech startups in global markets and worked with venture-backed startups across the UK, Kenya, and South Africa. 

(https://www.linkedin.com/in/stephaniejoseph19/)

Clifford Nau(COO) earned his MBA from MIT Sloan and built the first tech-incubator in the Caribbean region back in 2017. He has raised and allocated up to $2M in funding across multiple tech startups, acted as senior advisor to government officials of the regions of the Caribbean and Central American, on financial inclusion, remittances, and digital economy. Linkedin: We are best positioned to solve this intractable problem given the diversity of our background, our skill sets, and our network in the ecosystems that we’ll serve in the US, Central America and the Caribbean regions. We are currently participating in the Techstars Payments powered by Stellar and Moneygram.(https://www.linkedin.com/in/cliffordreginaldnau/",,3e8b4fff (https://v5.airtableusercontent.com/v3/u/50/50/1771855200000/3cPbD2i0G7EfwqoWVV8MYw/xA-Adtc0EFm0qBn0BBnyTxNx9zATrAL8RObKPPK-t_O7DzaU8Ei96Ay3rnPMMFtYieuCmxmR-G2Rm1ymcJM77G0acCAPiAUzGakn2Tj0Csc9riDFn3iUrgYKVObA6yXk5rjohSj13lqtAh8TrEQKvg/C0GBaq_lDPsmeEDGx2jg7-MA5qPCwFxY5nF4R9fd880)
Amero Exchange,Mainnet,Applications,https://amero.exchange,Empowering collaborative savings via decentralized governance and transparent smart contracts on Stellar with Amero Platform.,$150000.00,$116000.00,,"Amero Exchange,Amero Exchange","AMERO-DeFi Collective Savings, Soroban-Powered Collective Savings: Building Decentralized Financial Solutions for Latin America.","https://communityfund.stellar.org/dashboard/submissions/recaF5bsiYHsjouqw, https://communityfund.stellar.org/dashboard/submissions/recLm7MyA4VW2b4IX","https://communityfund.stellar.org/dashboard/submissions/recaF5bsiYHsjouqw, https://communityfund.stellar.org/dashboard/submissions/recLm7MyA4VW2b4IX","SCF #28, SCF #31","SCF #28, SCF #31","No, my project does not need to be open-source, now or in the future",,,https://twitter.com/amero_exchange,https://do.linkedin.com/company/ameroexchange,,,,checked,b02fcd31b22b0ed8df02c55fb93cf9ec.png (https://v5.airtableusercontent.com/v3/u/50/50/1771855200000/IjYt81eHQP5DBkLUgL81hg/1lRlQyJF8Pw1qemNsGzqN_N3nhYUt9PQIDlR2rfLEAvUp09f-rHSsArip6M5PcAFyOjQCyGCpG6aWnjdzA3Ti2304NN3kJ7T-hzEaZNeFjQScZ4tbeZNyihSzM-TAINZiZ87f0GD2xQTU9c2zhbIhcJUDhyJ4vUwLy6PxyiqFr59xUq3LKg6pke23Xnn7JBg/qJAndh2R8JXUnSCYHlOH3Vw-IxlQSOf4tMIS3nBDLUs)
Peer (by Honeycoin),Mainnet,Applications,https://honeycoin.app/peer,"Peer by HoneyCoin is a global, non-custodial financial super app made for the general public and primarily built on Stellar.",$145000.00,$145000.00,,"Peer (by Honeycoin),Peer (by Honeycoin)","Peer: Flights on Stellar, Peer: The everything app.","https://communityfund.stellar.org/dashboard/submissions/recUT585587cLfVlX, https://communityfund.stellar.org/dashboard/submissions/recQmFbAAi5u83EE5","https://communityfund.stellar.org/dashboard/submissions/recUT585587cLfVlX, https://communityfund.stellar.org/dashboard/submissions/recQmFbAAi5u83EE5","SCF #22, SCF #26","SCF #22, SCF #26","No, my project does not need to be open-source, now or in the future",,,https://twitter.com/honeycoinapp,,,,,,83d44f4bd6deb91af00898a784f8f54c.png (https://v5.airtableusercontent.com/v3/u/50/50/1771855200000/DGrBVEBZo8iLT_IQA9AUhA/eYPuHb4YyZD3SXPppnBnWvwxNyG5pIdw00EyMGeskQorBgg06_feXZ2IzEGCPKxURi_n7sHWB96e-rH-Oo2goO6aHPJTB_8Ub5R1uUvzRbC96jw2MIxkjhcKGmg09N2ZA_mWvnjUMmILvUc10I5I-OQ4IlJlaz7YaGbGfIQJcgrTvRBorEhSZ07hFQr0Hv0H/BpGjIlMya9yOXXn-JtVHFUK3zH7v-QdX5K3aSYISDmc)
Palremit,Mainnet,Applications,https://palremit.com,Palremit is a digital wallet and exchange enabling safe and convenient financial transactions in multiple currencies. We offer a plethora of options in currencies from fiat to crypto while enabling international cross-border transactions across all its services.,$60000.00,$60000.00,"Europe & Central Asia,Sub-Saharan Africa,North America (without Mexico),East Asia & Pacific",Palremit,"Global payment; fiat, NFC cards & crypto",https://communityfund.stellar.org/dashboard/submissions/recBocurhXA9SC6Xu,https://communityfund.stellar.org/dashboard/submissions/recBocurhXA9SC6Xu,SCF #32,SCF #32,"Partly, I do have a public Github",https://github.com/palremit,,https://x.com/palremit,https://www.linkedin.com/company/palremit/,https://lookerstudio.google.com/s/mrOsM3Wzy-4,,"**Uzochukwu Mbamalu  
**With MBA in view, he is the founder/CEO of Palremit, a Blockchain innovator for over 5 years.

  
**Othniel Mbamalu  
**Co-founder, Palremit, aerospace engineer with two US patents and five pending.

  
Rich Mbamalu  
Co-founder, Palremit, PR lead and software engineer for 10 years.

  
**Emmanuel Jago  
**Lead, Growth Marketing, Palremit with over 6 years in high-impact growth roles.  
  
**Chamberlain Francis  
**CTO, Palremit with 10 years experience in software engineering.

  
**Dane Matheson  
**Manager, Strategy, Palremit, Founding Member of the Forbes Business Development Council.  
  
Jessica Orji  
Media marketing manager, Palremit, formerly with Tech Bridge City.",,uvqqqsopfylxbxka2wa4.png (https://v5.airtableusercontent.com/v3/u/50/50/1771855200000/Ti_mUq9IHTCawcnGjAwKcg/QNyJ_ypKbZRhmwwOdz8mAyAhmELwJ9cfYkpVX7QmgV6o3cIKbpGPUBysd4yb_l29JWvWJRbGSL44qGeSrbD1irKVEGX8dSD1dUvycAvclpGlykAz4kHPnHN_vI-W-ycoDHY5hJtpZp5OqYX9itQj1w/xVxeai92pmpXxVcsJBstog1uGyNm65WfGRJpE6A3vGg)
Bingtellar,Mainnet,Applications,https://bingtellar.com/,Bingtellar offers cross-border payments for individuals and business in Africa using Stellar-native stablecoins for low fees.,$30000.00,$30000.00,"Sub-Saharan Africa,Latin America & Caribbean",Bingtellar,Bingtellar,https://communityfund.stellar.org/dashboard/submissions/recG1A804BXcOc2ej,https://communityfund.stellar.org/dashboard/submissions/recG1A804BXcOc2ej,"SCF #26, SCF #40",SCF #26,"Not yet, I don’t have a Github yet but my project will be open-source",https://github.com/bingtellar/Bingtellar-Serverside/tree/main,,https://twitter.com/trybingtellar,https://www.linkedin.com/company/bingtellar/,https://analytics.google.com/,,"We're a strong, high-performing and fast-moving team of engineers, designers & growth experts building the future of financial services for consumers and businesses in Africa.

(a). Name: Joshua Tebepina

Position: Co-founder & CEO

Bio: Joshua Tebepina is a serial technical founder with over a decade of software engineering experience, five years in Web3, and a proven track record building products at the intersection of finance, payments, and blockchain infrastructure (formally tagged the master of cross-border payments in Africa). Previously co-founded a software development agency that has built and scaled over 12 products to hundreds of thousands of users across different continents and he has worked at a number of startups outside of founding his own.

Deeply passionate about financial inclusion, Joshua has contributed to Ethereum, Celo and several other cryptocurrency projects communities and technology adoption in Africa has been instrumental in advancing Web3 adoption across Africa, both through hands-on development and community leadership. His contributions have earned him recognition as one of Africa’s Top 100 Web3 Leaders by Nodo, spotlighting his work in shaping the continent’s next-gen financial infrastructure.

Skills: Software Engineer (Python, React and react native, Blockchain) BD & Partnership, Product design

LinkedIn - Joshua Tebepina |  Joshua Headshot  |  Twitter - @jcbrizzy Github: https://github.com/jcdirect 

(b). Name: Arepade Peremi

Position: Co-founder & CTO

Bio: Peremi is a serial founder with over 7+ years in Software Engineering. Ex Vatebra and has a very good experience and solid technical background in software development, payments, machine learning, and blockchain development and data analytics. He brings his wealth of experience to scale and grow the Bingtellar ecosystem to millions of users.

Skills: Software and System Engineer - Python and Django, Go, blockchain, Machine learning, systems design

Expertise in building payment systems and managing transactions onchain and over 15+ other blockchain protocols.

LinkedIn - Arepade Peremi  | Peremi Headshot  | Discord: Arepadeperemi#8092",checked,db028a01 (https://v5.airtableusercontent.com/v3/u/50/50/1771855200000/HnqZlH3h7rHSAk4lRzV6Ng/akc-lwpDIP-gk4YchjosWq-FP73RCwMQR3-SvTbBSElIPCzftu9TxIYVFMoX_wkOX8FuiuQje9HLvGRtVxk5cAdt-egBPR10Wf2z8gy8ZU3VbIAepggxL-c5WWofn8YdmOq44eue0s0b5AlVIzwKZQ/Vj0E7YL48bQSnctcVsplP-6q-wiiPDnSKbgp71Mm-v4)
Stride,Mainnet,Applications,https://stride.social/,"Stride is a multi-platform fitness ecosystem that combines health tracking with tokenized incentives, allowing users to earn rewards as they achieve their fitness goals. Available on mobile and messaging apps, Stride bridges traditional and Web3 fitness experiences for a sustainable, engaging, and accessible approach to health.",$120000.00,$120000.00,Europe & Central Asia,Stride,Accelerating Stride's Fitness Ecosystem,https://communityfund.stellar.org/dashboard/submissions/recQTvLPkW5iXhuCO,https://communityfund.stellar.org/dashboard/submissions/recQTvLPkW5iXhuCO,"SCF #32, SCF #33",SCF #33,"No, my project does not need to be open-source, now or in the future",,https://discord.gg/stridesocials,https://x.com/stridesocials,,https://docs.google.com/document/d/1UH_Kzf7-qSTxwJYjcNP5ySWKyAK7pWcKbKGg6o92q98/edit?usp=sharing,,"We are a small team of 10 with 39+ combined years of experience in:

-   Blockchain & Application Development: Smart contracts, Tokenomics (Token flow & Stress testing), full-stack application development, and on-chain mechanics.
    
-   Business development: MVP development, scaling strategies, app ecosystems.
    
-   Product Management & Strategy: Roadmap creation, feature prioritisation, user feedback integration, market analysis, and strategic goal alignment.
    
-   Marketing & Community Building: Digital marketing, user acquisition, partnership growth, community engagement.
    
-   User Experience & Design: UI/UX design, gamification, and optimising user interfaces for engagement and retention.",,177ae8b2 (https://v5.airtableusercontent.com/v3/u/50/50/1771855200000/wjocc4fkuq6ahhKiX8yIoA/k5R7nurVyJY7Pe0uJhqPZ83o5bQ4p5dLglveYZ4Jcoe5QHb_ftfyPZEhlej6fDZ40Jnz7L0bpe75UFrFVRzAXYImLYb-flWfEq4g_7qGfZRaWYJ2-z0PTbtr2pEYsaz3NRM9T1UEsIPRup8DFaKELA/lZ7FUwIsJqDzXWpz-q9gXmvA7kYSVXmVhLBz3cStEBI)
PeerPesa,Mainnet,Applications,https://peerpesa.co,Connecting Africa Through P2P Payments,$45000.00,$45000.00,Sub-Saharan Africa,PeerPesa,Connecting Africa via XLM payments,https://communityfund.stellar.org/dashboard/submissions/recj3q75Rnnn3ahfb,https://communityfund.stellar.org/dashboard/submissions/recj3q75Rnnn3ahfb,"SCF #32, SCF #33, SCF #37, SCF #39",SCF #33,"Partly, I do have a public Github",https://github.com/PeerPESA-dAPP/peerPesa-Web3,https://discord.gg/hxzdqsEx,https://x.com/peer_pesa,https://www.linkedin.com/company/peerpesa/,https://analytics.google.com/analytics/web/#/p441944700/reports/intelligenthome,,"1. Edgar Mwambutsa Role: CEO & Founder of PeerPesa

Edgar Mwambutsa has over 15 years of experience building startups and managing products, including his previous work at CoinPesa, a digital asset exchange. He has deep experience in the blockchain space, with a focus on product management, strategic planning, and business development. Edgar's expertise in cryptocurrency solutions and fintech uniquely positions him to lead PeerPesa towards success by providing a secure, low-cost, and user-friendly remittance platform. Previous Projects: As a key member of CoinPesa, Edgar helped establish one of the first cryptocurrency exchanges in Africa, enabling seamless access to digital assets for users.

https://www.linkedin.com/in/mwambutsa-edgar-17900a52/

2. Paul Damba - CTO & Full Stack Developer

Paul has got over 8 years experience building blockchain enabled startups from CoinPesa, Muda and others. Full stack developer with hands on coding expertise and currently is leading the software development team.  
He has a degree in Computer Science from Makerere University-Kampala.  

3. Jerry Ouma - Software Developer Role:

Jerry Ouma is the Lead Developer at PeerPesa and a highly skilled software developer with proficiency in PHP (Laravel), JavaScript, NodeJS and Python. He has experience working on blockchain integrations, fintech solutions, and API-driven applications. Jerry's technical skills are vital in ensuring PeerPesa's remittance platform is secure, scalable, and reliable, leveraging blockchain technology to solve real-world problems. Previous Projects: Jerry has worked on numerous blockchain integrations, developing secure backend solutions for various financial applications and working extensively with payment APIs for cross-border transactions. https://www.linkedin.com/in/jerry-ouma-86a0a4290  

4. Roger Lubanga - UI/UX Designer:

Roger Lubanga is a talented UI/UX designer responsible for creating intuitive user interfaces and enhancing user experiences across the PeerPesa platform. His design philosophy focuses on accessibility and simplicity, which ensures that PeerPesa's target audience can easily interact with the platform, especially in the context of financial transactions. Previous Projects: Roger has worked on several digital products aimed at enhancing user experiences in the fintech sector. His expertise lies in crafting visual designs that simplify complex processes for end users.  

5. Angella Mulikatete - Web3 Blockchain Developer

Angella is a certified web3 developer with proficiency in web3 programming languages like solidity. She holds a Bachelors of Science in Software Engineering from Makerere University Kampala.

https://www.linkedin.com/in/angella-mulikatete-7b83371a2/",checked,7017824c (https://v5.airtableusercontent.com/v3/u/50/50/1771855200000/3QKk2UZMFChiUMrm6rAKFQ/8TUzFWxQmNHTRSRCHDNCTXfTLboOsL3u1fqatSe_Z7q-HTc4A7fmnW8LU1madiRNVrZwVluj9OsCnV4nm16rbE2WygSecqiecbSm_h-VCtG7NLqlVSJ-y4UV8l5heot4ECoBy2mmL8uQ99eGD59ydA/fF9-e5fMvelvjz0Vn1ci0AXsUVDGI9-dWYu17wIpQ2M)
Warmancer: Black Friday,Mainnet,Applications,https://warmancer.io/,"Warmancer: Black Friday is a free-to-play, public-good strategy game that combines the depth of traditional board games with the intrigue of hidden information, utilizing zero-knowledge proofs (ZKPs) on the Stellar blockchain (pending technology availability) to conceal board positions for enhanced secrecy and fairness. Players will collect unique on-chain items and abilities tied to their wallet addresses, fostering dynamic gameplay, cross-project compatibility, and rewarding community engagement.",$136500.00,$136500.00,No specific region of operation,Warmancer: Black Friday,Warmancer: Black Friday,https://communityfund.stellar.org/dashboard/submissions/recsJtI0JZOmnayxP,https://communityfund.stellar.org/dashboard/submissions/recsJtI0JZOmnayxP,SCF #33,SCF #33,"Partly, I do have a public Github",https://github.com/towa-hi/solid-parakeet,,https://x.com/scrying_stone,,https://stellar.expert/explorer/public,,"Warmancer: Black Friday is being developed by Scrying Stone, a web3 company. Scrying Stone was founded by two former-SDF team members. It is a team of builders and artists with over 30+ years of combined blockchain and crypto experience.

  
Spintax (aka Dune): Marketing and community expert and project director

Nev: Lead art and design director 

Mono: Lead game developer

Aegius: Sound and Production

Rylen: UI/UX Design

Step0n: Smart contract developer

Robek: On-chain collectible pioneer and creative director

  
Projects we have worked on:  
Token.gallery - 2017 proto-digital asset marketplace and 2021 art marketplace on Ubiq

Lexitoken - 2017 proto-wrapping mechanism

Sealed.art - 2023 digital 1/1 nft marketplace

Eth.co - 2022 - 2024 Digital Visual Wallet + Community

Weeb3dao - a scholarship and collector DAO focused on artist onboarding

10grans - a community token and 2017 early-discord tipping integration through escrowed wallets

Rwxquest - blockchain arg and artist community project

Curio Cards - a 2017 proto-NFT collectible (predating CryptoPunks)

Mass Effect 4

Forza Motorsports

Jurassic Park Theme Park Ride (Beijing)

Art gobblers

RPCiege - The coolest developer onboarding campaign on this side of the moon.

SCF 1 & 2 - This little community developer program on Stellar. 3+ are much better.",checked,ed11e748 (https://v5.airtableusercontent.com/v3/u/50/50/1771855200000/gBfuT3lMU2Rfar2ZXXAXjQ/wAxkjjqkWqo6PtiPP90ZDNn9FI2a7k0ta2ub6qe5HpQtEUSLUxoH7E8FdiOL2tedmXuUoMKwTYIrRuQet8L1a9Uynb5DQUiZ544YmuMbZCidhIwA6MtgcZs8pk0n0FuBbcBamUfnPq8bQ6boRgMlaA/XavRTpcE6OM3Nej0PvrGU6emUgmdNgfg0kXeDaGhBzY)
BlindPay,Mainnet,Applications,https://blindpay.com/,"Stablecoin API for global payments. We handle all regulatory and compliance requirements so companies can send a receive money worldwide using stablecoins, fiat money and multiple blockchains.",$40000.00,$40000.00,"North America (without Mexico),Latin America & Caribbean",BlindPay,Affordable on/offramp API,"https://communityfund.stellar.org/dashboard/submissions/rec9omQfwyAe5KiKD, https://communityfund.stellar.org/dashboard/submissions/reca2N1L0lywukOeM",https://communityfund.stellar.org/dashboard/submissions/rec9omQfwyAe5KiKD,"SCF #33, SCF #30",SCF #33,"No, my project does not need to be open-source, now or in the future",https://github.com/blindpaylabs,,https://x.com/blindpaylabs,https://www.linkedin.com/company/blindpay,https://docs.google.com/document/d/12bsC2m_-IDyS18SYzWAxjgH1hu-Gw_nN2rsmUPmPQqI/edit?usp=sharing,,"A balanced team of four, including technical leads Bernardo (Frontend/Blockchain developer with stablecoin expertise) and Gabriel (AWS/Banking architect) who previously built menthor.io together, alongside Gustavo (Product Designer, Dropull founder) and João (BayZ founder, raised $4M) bringing product and business development experience.",,tzdv1u6ocei4huuiqizi.jpg (https://v5.airtableusercontent.com/v3/u/50/50/1771855200000/X90iSXoElS_aoLFza5OfbQ/tobj2TSf6EVyhbJoODJD_hamRRklhRknJVlxHVqW7Hc0TEQO2l596xS1p6XMSNDWdwhue_ucsGsJTjOAPQYpGNJcNMShS_baomsf32x-4aTdQjmm32yzWUqgci0Cn4_K01YB8qKh7Brj8zh5M4KlRA/CLqi2b0ilG2JqpDgs7MPnz7sjAXuYhkuN_Q_P7nPmHE)
Outbounder,Mainnet,Applications,https://outbounder.xyz,"Outbounder is a platform for business and humanitarian organizations to access the Stellar anchor network. Outbounder also allows organizations to create automated payment schedules, including on-ramping, cross border payments, currency exchanging, and off-ramping. ",$38000.00,$25333.33,North America (without Mexico),Outbounder,Outbounder: Automated Humanitarian & Payroll Payments on Stellar,https://communityfund.stellar.org/dashboard/submissions/recCdH1be0EVloiFQ,https://communityfund.stellar.org/dashboard/submissions/recCdH1be0EVloiFQ,SCF #33,SCF #33,"Partly, I do have a public Github",https://github.com/tryoutbounder/anchor-go,,,https://www.linkedin.com/in/amrith-srinivas-8a4b06262/,https://drive.google.com/drive/folders/10jelcFcxPcPdI2oSNwutwAMmYb0CkN9L?usp=sharing,,"My name is Amrith, and I’m the founder of Outbounder. Currently the team at includes myself, and Ryan Katayi, a backend developer based in Cape Town.

In the past 3 years, I’ve worked primarily as a developer on the Stellar Network, focusing mostly on Anchors and Automation, as well as a little bit of Soroban. 

At my most recent job, I worked as a full stack engineer at MyKobo UAB, which serves as the most integrated Anchor in the Stellar Ecosystem, offering SEPs 6, 24, and 31 services. As part of their team, I’ve helped to integrate a number of important services and products, such as their Sep24 and Sep6 KYC integrations, built back office tools and analytical dashboards, and have improved the user experience on both the Frontend and the Backend. With my help, MyKobo has decreased compliance risk, sped up average transaction times, and increased transaction volumes.

This year I also worked at Kroll, one of the largest Risk and Financial Advisory companies in the world. As a part of the Data Insights and Forensics Team, I singlehandedly developed a surveillance platform for investigators that would help them fight scams and fraud on the Ethereum and Tron blockchains.

I'm also currently a fellow at StartupShell, the top startup incubator at the University of Maryland (Go Terps!).",checked,62111324 (https://v5.airtableusercontent.com/v3/u/50/50/1771855200000/hu_1ZvID2qVwRibWU2-UlQ/6honZZAyEYn0kg6AMfF8nxtbL-9jDQfuihFPjEN825ysNG0rvi4BXgqrrx8Fdhbzo5Kx39jk3c-mgcU9-Kf1ZqsI10uH2HiPy-bd-3anX-N1WGcEaR_ylWH-rYYkiG2GaGW0Sn2i3wtfk-FT0Oiu8Q/j0z563BbsRMk1Ak9jwvpcI8LDWFxexLom6nF0h-0q-c)
AirGap,Mainnet,Applications,https://airgap.it,"AirGap offers a robust, cost-effective solution by turning any smartphone into a secure cold wallet. AirGap consists of Wallet (hot wallet for transactions) and Vault (cold wallet for offline signing). Vault can also be used as a standalone solution with MetaMask for enhanced security.",$60000.00,$60000.00,"Latin America & Caribbean,South Asia,East Asia & Pacific,Middle East & North Africa,Europe & Central Asia,North America (without Mexico),Sub-Saharan Africa",AirGap,AirGap x Stellar : Secure Self Custody,,,"SCF #34 , SCF #35",SCF #35,"Yes, fully open-source with Github",https://github.com/airgap-it,https://discord.gg/4Senj3xZ5s,https://x.com/AirGap_it,https://www.linkedin.com/company/airgap/,https://docs.google.com/document/d/1drPRLb9Kc5ZPgdgdwEeBjsjaO1uhFVVu-wrDGbCGTj4/edit?usp=sharing,,"Papers AG was founded in 2009 by Alessandro De Carli (CEO), Lukas Schoenbachler, Niklaus Knecht (CMO) and Pascal Brun (COO). Later on joined by Mike Godenzi (CTO). Together with a team of 24 skilled developers, marketing and community managers as well as sales people, we have vast experience in mobile security applications and blockchain-powered applications.

Meet all of our team members here:

https://papers.ch/team",,viwvnbljdmf28xgpjwk6.png (https://v5.airtableusercontent.com/v3/u/50/50/1771855200000/1C1mCpjqEETuMBtqJVOL3Q/7lM7ZDy0UJ-dSOJDqPZsCgdUOhduUIcO0xLiMQcpODzjaKP2Ia-3_44ExnL-iWGBXnZFAwCU7dY2LcVqHrQBrXqFw7Hqc0oNbeI7zO7KX1TgHDjXXFPZSYEOE8Pqt7f1DmigtWU4grz_mB1PnUiZ1A/yEQQlZrUi9ufr4OEwo1C6c3y_G3oUG5WbkruXxq1xzk)
Reyts - Stablecoin-Powered P2P Fiat DEX,Mainnet,Applications,http://www.reyts.com,"​Reyts operates a peer-to-peer currency exchange platform rooted in a community-first philosophy, emphasizing loyalty and trust to foster strong relationships with our users. We are committed to passing on maximum savings to our community; the more efficient our systems become, the more we can reduce costs for our users. To enhance our platform capabilities at Reyts, we plan to integrate with the Stellar Network, leveraging its decentralized infrastructure to improve liquidity, speed, and efficiency. By implementing The Stellar Path Payment Strict Send operation, we aim to facilitate seamless fiat transactions without requiring users to directly handle stablecoins. This integration will make underserved currencies more globally accessible, reducing the high costs traditionally associated with servicing them. Through these enhancements, Reyts seeks to provide a borderless, low-cost, and instant currency exchange experience, further empowering our users in the global financial landscape.",$75000.00,$75000.00,"Sub-Saharan Africa,North America (without Mexico)",Reyts - Stablecoin-Powered P2P Fiat DEX,Building a P2P Fiat DEX on Stellar,,,SCF #35,SCF #35,"No, my project does not need to be open-source, now or in the future",,,https://x.com/Reytsapp,https://ca.linkedin.com/company/reytas-fintech-inc,https://docs.google.com/document/d/1p73wW74AGJj4Ab475DxfmiS2D2f4AH8oHBpD-s5it6w/edit?usp=sharing,,"​Reyts is led by a team of seasoned professionals with diverse expertise:​

-   Ayobami Macaulay, Co-Founder and Chief Operating Officer (COO), brings a deep understanding of financial systems and compliance, ensuring operational excellence and strategic growth.
    
    https://www.linkedin.com/in/ayobami-macaulay?utm_source=share&utm_campaign=share_via&utm_content=profile&utm_medium=ios_app
    
    ​
    
-   Abimbola Adegbite, Co-Founder and Chief Security Officer (CSO), leverages over a decade of experience in quality assurance and cybersecurity to maintain robust security protocols and platform integrity.​
    
    https://www.linkedin.com/in/abimbola-adegbite?utm_source=share&utm_campaign=share_via&utm_content=profile&utm_medium=ios_app
    

-   Oluwasegun Matthew, Chief Technology Officer (CTO), applies his extensive background in software development to drive technological innovation and deliver a seamless user experience.
    
    https://www.linkedin.com/in/oluwasegun-matthew?utm_source=share&utm_campaign=share_via&utm_content=profile&utm_medium=ios_app",,kcs6a83btydr2fegnd29.png (https://v5.airtableusercontent.com/v3/u/50/50/1771855200000/FfzAnGeElZfdNN7Ip00gDw/lswyvsNkrnOuu3aj1pmaEXbGTHJIIkf3ajpB9BNoTJAS-S62-tmjDbhnTJqmcyQfcspDVFtLBvaGqTni7zqcf8Sw4Tp-Wjef4OseoD3lwjhkWtWWBBoKioGAv1TeWF9Agq6lZmcYH2w7zGKTDlBo6A/ycyWcCEWL5b0hsAfIRPRmz-dV_MNbVPJx5I4Ul4B41Q)
Cobo Custody Integration for Institution,Mainnet,Applications,https://www.cobo.com/,"This integration delivers substantial value to the Stellar ecosystem:  For Stellar Network: - New institutional TVL: $1.5M+ immediate assets under custody - Payment volume growth: 50+ providers scaling Stellar transactions - APAC market expansion: Access to Cobo's 500+ institutional clients, primarily in the APAC region - Enhanced security posture: Institutional-grade MPC security for network participants - Developer tools: SDKs and APIs enabling broader adoption  For Cobo Clients: - Advanced MPC option for Stellar assets - Regulated infrastructure for global payments - Cross-chain interoperability through bridging solutions - Advanced compliance meeting regulatory requirements",$150000.00,$50000.00,East Asia & Pacific,Cobo Custody Integration for Institution,Integrating into Cobo MPC and Bridge app,,,SCF #35,SCF #35,"Not yet, I don’t have a Github yet but my project will be open-source",https://github.com/CoboGlobal,,https://x.com/Cobo_Global,https://www.linkedin.com/company/cobo-global,https://www.cobo.com/,,"Cobo was founded by industry veterans with deep expertise in blockchain technology and security:  

Discus Fish (Shixing Mao) - CEO and Co-founder

An early cryptocurrency pioneer since 2011, Discus Fish is a highly respected thought leader in the crypto community. Before founding Cobo, he co-founded F2Pool, one of the world's largest mining pools, where he played a pivotal role in advancing the mining industry and supporting blockchain infrastructure. He also started the first Chinese Bitcoin and Litecoin forums and co-founded Yibite, a premier Bitcoin portal.  

Dr. Changhao Jiang - CTO and Co-founder

A Silicon Valley veteran and successful serial entrepreneur, Dr. Jiang completed his PhD in Computer Science from the University of Illinois Urbana-Champaign and was part of the engineering teams at Google and Facebook during their fastest-growing years. In 2013, Dr. Jiang founded Bihang, China's first Bitcoin wallet. At Cobo, he continues to push the technological boundaries to simplify digital asset security for organizations.  

Integration Team

Our technical team devoted to the Stellar integration includes:

- 5 senior blockchain engineers with experience in cryptographic protocols and different signature schemes

- 3 security specialists with expertise in institutional-grade secure implementation

- 2 integration specialists with extensive API development experience

- 2 quality assurance specialists for rigorous testing

- Product Manager of the Cobo Bridge app in Cobo Portal, who will oversee integration of Stellar into our token bridging infrastructure  

This team has successfully integrated 80+ blockchain networks including both non-evm and bitcoin layer 2, demonstrating our capability to handle unique protocol requirements and technical complexity.

Meet Our Broader Team: Our extended team of experts can be viewed on our LinkedIn (https://www.linkedin.com/company/cobo-global/people/), showcasing our deep bench of talent across engineering, security, compliance, and customer success.",,0c8f03e4 (https://v5.airtableusercontent.com/v3/u/50/50/1771855200000/gh-8QzkiodrOVnncfdT7GA/PoVBTTsxXf2uo9HgEmkRzicLtQaIejGFCFNPAUVDeDC8aUzQVXWqnOWc5zqHbANVj2n3JI44sWvvN4cylr-fqAlytB2_AkvrwieZ8MwM8b_2WTAHUorLmzjqPq5kyLFrk_JnL8aNyoIo5ilze-mlmA/SPrSRxsoZomYnLdXxamVT632aRRYLr-NK9X8cW_Gm1w)
Digibank | SDP,Mainnet,Applications,https://digibankar.com,"DigiBank aims to integrate SDP (Stellar Disbursement Platform) as a business line, enabling efficient mass payments for NGOs in unbanked regions. Partnering with the Stellar Foundation, we piloted SDP with GIZ Germany—Europe’s largest state development agency—and UOSSM to distribute $1M in salaries to 1K medical staff across 6 hospitals serving thousands of people daily. This reduced payment timelines from 3 months to 1 day, saved 500 hours monthly for finance/HR teams, and cut costs money transfer costs by 50%. Using Stellar’s blockchain, we enhance transparency and eliminate intermediaries. Our goal is to scale this solution across MENA, leveraging GIZ’s precedent to attract more NGOs, while improving DigiBank’s crypto-to-cash network.",$99000.00,$66000.00,"Middle East & North Africa,Sub-Saharan Africa",Digibank | SDP,Scaling SDP for Mass Payments in MENA,,,SCF #35,SCF #35,"No, my project does not need to be open-source, now or in the future",,,,,https://digibankar.com,,"Our team consists of 7 members with expertise in blockchain development, fintech solutions, and NGO partnerships. We’ve previously built DigiBank, a user-friendly digital wallet connecting crypto to cash, and have experience collaborating with organizations like Stellar Foundation and GIZ on innovative payment solutions.",,erfvx6bd7ljhvldzam9e.png (https://v5.airtableusercontent.com/v3/u/50/50/1771855200000/3-5GI2lxzHGXsEJZJmPQXA/uCkpTrBcmEv89i3KajS1yutP06YHMZLKJiY-kJK41FiT-88YqFEH2iifxl5D1tZr-SgWS4MCEevIgRtv1uOK_-_6gRmr06eMyQaPki3TBTCBbI8ZTxZjIL1kmP6JDbbXLeKw6nslSFkyISoVcTeJKg/-Gv7iDY-zJ1J35TaqnHJ_Y-PBZyDzvTum7BIdZ4OAmY)
Spinach,Mainnet,Applications,http://spinach.fi/,"Spinach helps projects and chains grow DEX liquidity by running liquidity competitions for builders within their ecosystem.  Spinach started in response to witnessing flaws in two leading ecosystem growth methods: 1. Grant funding for builders - works great at first, but many builders struggle to secure follow-up funding 2. Liquidity incentives (e.g. merkl.xyz) - work too well. Whales bridge over to farm incentives, but vanish within 48 hours once incentives stop  To sustainably bind users and liquidity providers to your ecosystem you need to go beyond these growth methods. Enter Spinach’s retrofunding liquidity competitions for builders.  Using Spinach you can launch competitions as follows: 1. Choose token whose liquidity you want to grow 2. Allocate a daily incentive budget 3. Announce to projects they can get part of this incentive budget by orchestrating liquidity against their token and the incentivized token 4. Projects then rally their community to grow this liquidity 5. On a daily basis at midnight, Spinach calculates the liquidity orchestrated per participating project; and 6. Then retroactively distributes rewards to the projects proportional to the liquidity they orchestrated per day  In early testing, we found Spinach has 3 benefits over direct liquidity incentives: 1. Noise machine - projects and their communities actively promote the competition 2. Core community - participants are true fans of your ecosystem and are here for the longterm 3. 2nd-order effects - projects often launch direct liquidity incentive programs of their own  This creates a positive-sum flywheel where everyone wins—the chain, its builders, the community, and the broader ecosystem.  In Q2 ‘25 we’ll launch Spinach MVP to allow anyone to launch liquidity competitions for builders.",$70000.00,$70000.00,"No specific region of operation,North America (without Mexico),Europe & Central Asia",Spinach,Liquid retrofunding that grows DEX TVL,,,SCF #35,SCF #35,"Yes, fully open-source with Github",https://github.com/SpinachFi/spinach/,,https://x.com/spinachfi,,https://spinach.fi/comingsoon,,"Garm, Co-Founder & CEO, is a seasoned product leader with a track record of building innovative fintech and Web3 ventures. Before launching this company, he was Lead Product Manager at a San Francisco-based fintech firm and played a key role in co-creating two NFT projects. Garm holds a PhD in Product Management from the University of Utrecht.

-   Garm’s LinkedIn: https://www.linkedin.com/in/garmr/
    
-   Garm’s X: https://x.com/garmrdotcom
    
-   Garm’s Github: https://github.com/gglucass
    

Christine To, Business Development at the Glo Foundation. Christine formerly worked as an Advisor at Parity Technologies, Director at the Stellar Development Foundation and headed BD Fintech at Anchorage Digital.

-   Christine’s LinkedIn: https://www.linkedin.com/in/christineto3/
    

Bram Voets, Growth at the Glo Foundation. Bram spent five years at Google working on marketing campaigns before joining our team.

-   Bram’s LinkedIn: https://www.linkedin.com/in/bramvoets/
    
-   Bram’s X: https://x.com/vts_bram
    

Lana Dingwall, Partnerships at the Glo Foundation. Lana has been involved in many roles with numerous crypto protocols and donation platforms such as Unlock Protocol, Charmverse, Gitcoin, and Octant.

-   Lana’s LinkedIn: https://www.linkedin.com/in/lanadingwall/
    
-   Lana’s X: https://x.com/lanzdingz
    

Rad Iglantowicz, tech lead. Rad is a seasoned engineer who has worked on a wide range of platforms spanning Web3 and Web2 FinTech, HFT and eCommerce, and has been responsible for creating products in every stage of the software lifecycle: from early stage to at scale.

-   Rad’s LinkedIn: https://www.linkedin.com/in/iglantowicz",checked,eb3f1d97 (https://v5.airtableusercontent.com/v3/u/50/50/1771855200000/YFsZHxac1iwCd9vwLRKcTg/Qhk-GzRG5EwVT095ovEhnjNsfM4euZuuLDRaFYv5-ni0VUo5AZUD5Nrb7_GwiCa2tmcuqKLWj5Vu8hwdWn3L5thiIRRIB-h-aSpdDNehuFhC_kdKPO8q01nhkNJyI1huPwSahuipt0-i6NnHCmt4Ew/tp2AFju5ySschedrK6hVAYG5h2nMWa3WjbeQg2rqjeU)
Wirex Pay ,Mainnet,Applications,https://wirexpaychain.com,"Wirex Pay is a self-custodial card and bank account payment solution powered by smart accounts. It already has a solution designed for EVM and TRON solution is being developed. The team would like to support Stellar too. Supported by Visa, Wirex Pay aligns closely with Visa's vision for the future of payments, emphasizing collaboration in driving fintech innovation.",$150000.00,$100000.00,"South Asia,East Asia & Pacific,Europe & Central Asia,North America (without Mexico),Latin America & Caribbean",Wirex Pay ,Wirex Pay - self-custodial banking,,,SCF #35,SCF #35,"Not yet, I don’t have a Github yet but my project will be open-source",,,https://x.com/wirexpaychain,,https://docs.google.com/presentation/d/1jic8AgfA06mlZ8nrYi1XmsNWx70bx8en/edit?usp=sharing&ouid=103370276297392110712&rtpof=true&sd=true,,"WirexPay team is a sub-division of Wirex, one of the leading crypto banks trusted by 6 million people since 2014 with 20 billion+ in crypto transactions.",checked,kx8aayazlxmjtkb5fle7.png (https://v5.airtableusercontent.com/v3/u/50/50/1771855200000/I5lXkT7AR-viUOflFO-TmA/Fr_Ya0J3a_F8rngRuvJqcG5K8zwR7fBPezERSj9bIYFGRTx_YSS1uc6M-JJ9pVxX4Fcl1qQRP6UyPXCUpXyrNMc0srcn8O7nlH5kEos7U9PTgrWOarVEPpNXsqnT9QFxFX115ylXFyD_LfsWjXB04Q/DZSmAe3vRWtekSLYqCfiu7Q7KQq4Jxb2a6ecXfXTb-A)
Logistech,Mainnet,Applications,https://logistechglobal.com,"We are an existing payment processor with clients such as cruises, hotels and hostels. These users often have to pay high fees at check-out. By integrating Stellar we want to decrease these fees and offer an easy to use way to check-out at lower fees. We will be integrating through the Beans merchant SDK, making use of their global on-ramps and check-out API to abstract crypto away for our customers. ",$101120.00,$101120.00,East Asia & Pacific,Logistech,Stellar Payments for Tourism & Hotels,,,"SCF #34 , SCF #38",SCF #34 ,"No, my project does not need to be open-source, now or in the future",https://github.com/beans-bv,,,,https://dune.com/scoffie/stellar,,"This team is composed of highly experienced professionals specializing in business operations, technology, software development, and hospitality management. Each member brings unique expertise that contributes to the company’s innovation, growth, and industry leadership.  

Jonahs Elevado (Founder/CEO, Chief Consultant)

A seasoned entrepreneur with over 20 years of experience in sales, marketing, account management, and business operations across various industries, including retail, logistics, FMCG, hospitality, and travel. Has a proven track record in business growth and deal-making, having played a pivotal role in a tech startup where he secured deals ranging from $5K to $500K, contributing significantly to major funding rounds. Known for his strategic leadership and business acumen, helping companies scale and expand into new markets.  

Phan Thi Chuong (Co-founder, Chief Product Officer)

A technology and software quality assurance expert with over 15 years of experience, specializing in enterprise software development. Recognized as a leading expert in software quality assurance in Hanoi, having played a key role in building and refining enterprise-level software solutions. Worked with major corporations, including Viettel, Hottab, Nestlé Japan, and SmartOSC, ensuring the delivery of high-quality, scalable software solutions. Brings a strong technical background and leadership in product development and software testing, ensuring the company's software solutions meet global industry standards.  

Daniel Fillion (Co-founder, Director of Product Design)

A hospitality and travel management veteran with 20+ years of experience in restaurant, tourism, and guest experience optimization. An expert in digital transformation, leveraging technology to enhance service efficiency, quality, and profitability in the travel and hospitality sector. Specializes in automation, inventory management, and POS integration, driving efficiency and revenue growth for businesses. Bridges the gap between technology and business needs, delivering scalable and user-friendly solutions tailored to industry demands.  

Phan Thanh Kim (Chief Technology Officer - CTO)

A software development and system architecture specialist with over 10 years of experience in building high-performance enterprise solutions. Developed and deployed mission-critical systems for major enterprises, ensuring scalability, security, and efficiency. Specializes in Internet of Things (IoT), cross-platform integrations, and secure payment integrations, helping businesses adopt cutting-edge technology. Has extensive experience in leading tech teams, optimizing software infrastructure, and ensuring security compliance.  

Tran Thang (Tech Lead)

A technical leader and full-stack development expert with over 6 years of experience in software development and enterprise solutions.Leads innovation and digital transformation, ensuring the company remains at the forefront of technological advancements. Expert in building scalable, high-performance software that supports business growth and operational efficiency. Passionate about engineering best practices, clean code, and fostering innovation in software development.  

Overall Team Strengths: Deep expertise across multiple industries, including technology, travel, hospitality, logistics, and enterprise software. A strong focus on innovation, digital transformation, and automation, ensuring businesses operate efficiently and scale effectively. Extensive technical leadership in software development, system architecture, and enterprise solutions, making them a trusted technology partner.

A strategic approach to business growth, ensuring long-term success and competitive advantage in the industry. This leadership team brings a powerful combination of business strategy, technological expertise, and industry knowledge, positioning the company for sustained innovation and growth in the digital era.",,uiekkriibc7liga2pmqk.jpg (https://v5.airtableusercontent.com/v3/u/50/50/1771855200000/9NF6bXcpwP-0HkSXixqAcQ/iqqui-bhU_YcpQVuVY2coUV13PhFIIHRCA3q--gf53YTUNL5g_rQIK8tGX7OiJfhRfi4voE0cu4ULTvsveVyEm7iN4-c2hQ5IN6v6qT0FfX8mCnaTZbDwADJJTuTY0G6k5Zj5sNuKOCm0AV2HSDeeg/kPv1xvFKxdlPNkLORLze0IC12xKRWH-uABuiNA8kzHk)
Loto Punto: Automated Remmitance Kiosks ,Mainnet,Applications,https://www.lotopunto.co/,"Loto Punto kiosks enable easy and affordable self-service transactions in cash within seconds, providing a fast, easy, and inexpensive way to pay, send and receive money. By integrating Stellar Blockchain with Loto Punto’s micro- service-oriented architecture system, we'll offer a more convenient an inexpensive channel for cross border remittances. This is achieved by converting physical FIAT currency into cryptocurrency and vice versa, partnering with relevant Stellar Wallets that provide on-ramp and off-ramp services in each LATAM country. ",$75975.00,$75975.00,Latin America & Caribbean,Loto Punto: Automated Remmitance Kiosks ,Instant Remittance Self-Service Kiosks,,,SCF #34 ,SCF #34 ,"No, my project does not need to be open-source, now or in the future",https://github.com/victuol/stellar,,https://x.com/victuol,https://www.linkedin.com/company/loto-punto/,https://docs.google.com/document/d/1_6maVroaiykrfl5jSAvTfv9FJrfqnSspzO7xZ0x4sdk/edit?usp=sharing,,"Victor Espinosa (CEO of Loto Punto):  
  
Innovative Leadership: Victor’s successful leadership of Loto Punto demonstrates his ability to implement visionary solutions for the unbanked population. His experience in micropayments automation through a network of kiosks shows his innovative approach to financial technology.  
  
Agile Project Management: With over a decade of experience, Victor excels in structuring, managing, and directing complex projects. His adeptness in agile methodologies ensures the project adapts to evolving circumstances, maximizing efficiency and impact.  
  
Business Development and Partnerships: Victor’s successful negotiations with major banks highlight his strategic business acumen, crucial for securing partnerships necessary for scaling Loto Punto.  
  
Social and Cultural Innovation: His work extends to social and cultural contexts, emphasizing community development and income generation, fostering trust and engagement within the communities served by Loto Punto.  
  
Andrés Posada (Technical Lead of Loto Punto):  
  
Technical Leadership: Andrés’ proven track record in providing technical leadership and guidance ensures project success. His ability to steer development teams toward successful outcomes is invaluable.  
  
Software Project Design: Andrés excels in designing and implementing robust, efficient, and secure software solutions. His expertise in software architecture aligns with both business and technical requirements.  
  
REST Standards: Proficient in RESTful APIs, relational databases, and microservices-based architectures, Andrés ensures that our software solutions are modern and scalable.  
  
Communication and Collaboration: With excellent communication skills, Andrés bridges the gap between business stakeholders and technical teams, articulating complex concepts clearly and concisely.  
  
Together, Victor's strategic vision and innovative approach combined with Andrés' technical expertise and leadership form a robust team capable of addressing the financial challenges in Latin America. Our complementary skills and commitment to best practices ensure that we can drive meaningful change and foster financial inclusion, making us the ideal team to tackle this problem.",checked,fpt8fm8cu2rpr0k4cene.png (https://v5.airtableusercontent.com/v3/u/50/50/1771855200000/UGdPwiP053NKPHwf-atJdQ/hRar-7KFzccksRw9S_WUtYiEppHxGpHZTpevRXlh3oZjom0-J5rLvZXkMO104He00ihQoZagUKaWbDuV2SzaoK4nzjid5qtgbU7fdB0CWbuSAQA4bigRiNTj2T-ompf6uTfD_Z5mR-UDzrXwAx9hiQ/AuIN05dnDRZ2pX90uz4O_tbtoTs5vyhvCW-dMZuTA-M)
PAYRIT,Mainnet,Applications,https://www.payrit.com/,"Payrit is a fintech service that is aimed at bridging the gap between the banked and the unbanked, allowing payments from, within and to both user groups, redefining in-person payments in Nigeria and Africa at large.   We are using modern technologies like QR payments and TAP technology for local and international transactions creating a cashless society that's dependable and safer for individuals and business owners.",$47792.00,$31861.33,Sub-Saharan Africa,PAYRIT,Pay Globally With USDC,,,"SCF #32, SCF #33, SCF #34 ",SCF #34 ,"No, my project does not need to be open-source, now or in the future",https://docs.google.com/document/d/1Rs5mjJZkl2kZMqpVuZRRnJnhdx0gajOSAff6wIBgtZ0/edit?usp=sharing,,https://x.com/payritHQ,https://www.linkedin.com/company/payrit/,https://docs.google.com/spreadsheets/d/1RxvrSdtbToDCmyhfp7d3IcXco-8trxa94qaXSMTIXoU/edit?usp=sharing,,"Team Overview
-------------

Our team is composed of five skilled developers and one experienced product designer with a deep understanding of the crypto space. Together, we bring over 15 years of combined experience across various industries, including fintech, crypto, and mobile technology.

  
Key Team Members

#### Fawas Kareem – Backend Engineer

Fawas is a seasoned backend engineer with over four years of experience building scalable systems and startups across diverse industries. He was part of the core team at PAYDAY (recently acquired by Bitmama) and is currently working at one of the world’s largest investment banks.

Key achievements include:

-   Building Aufera, a peer-to-peer car rental service.
    
-   Developing a Bitcoin node during his time at Atechcoins in 2021.
    
-   Designing and implementing a robust USDC-based infrastructure at Payrit, enabling users to create USDC wallets, fund them, send USDC, and spend directly from their wallets.
    

Technical Expertise:

-   Languages: Typescript, Java
    
-   Frameworks: Node.js, NestJS, Spring Boot
    
-   Databases: SQL, NoSQL
    
-   Cloud: AWS
    
-   Messaging Infrastructure: Kafka, RabbitMQ
    

#### Uthman Yussuff – Product Designer & Manager

Uthman is a versatile product designer and manager with over six years of experience driving product success in the fintech and crypto markets. He was part of the product team at Fabledfunds (Nigeria’s first peer-to-peer crypto marketplace, now defunct) and co-founded AUFERA, a car rental marketplace.

Currently leading product operations at Payrit, Uthman’s focus is on creating a truly borderless payment system powered by USDC, enabling seamless local and international transactions.

Strengths:

-   Strategic product design
    
-   Expertise in peer-to-peer marketplaces
    
-   Proven ability to lead and scale fintech innovations
    

#### Akinsola Faruq – Senior Mobile Engineer

Akinsola is a highly experienced mobile engineer specializing in Flutter development. He has successfully led multiple mobile engineering teams, delivering innovative, cutting-edge mobile applications. His expertise ensures the creation of seamless user experiences across platforms

Other members of the team include

-   backend engineer
    
-   Mobile engineer
    
-   2X AWS certified AWS Solution Architect
    

This cohesive team combines technical excellence, proven track records, and a passion for innovation to drive Payrit’s vision of revolutionizing borderless payments and delivering unmatched value to its users.",,qbimlmnfzqqdvyt28slo.jpg (https://v5.airtableusercontent.com/v3/u/50/50/1771855200000/j1JzTVOhedqyVTUOQUn-4Q/3xxUR_EVwTkR63M6NdFYPoJQ51PBpw56_asrILln5QH7ZzNYvMrkdG6ms_EiP0byIrhuDPPR73USORvr7BmKr_6b81f3jlIegB6BkLytmpNqv-YtSoIhpF4u8ooLPvJCWvXGSJcIBHd2TEUKKA9eaQ/CmfvWDpPnQOcSFVUGBS2KxEzwVzy5wQodbZGTqjH3aE)
JetPad,Mainnet,Applications,https://wallet.jetpad.finance/,JetPad is redefining finance for Africa’s 500 million unbanked and underbanked youth by building an on-chain banking experience powered by stablecoins and seamless blockchain transactions.,$75500.00,$75500.00,"Sub-Saharan Africa,Europe & Central Asia",JetPad,Jetpad,https://communityfund.stellar.org/dashboard/submissions/recUWrV7bW0lYTY4P,,"SCF #30, SCF #34 ",SCF #34 ,"Not yet, I don’t have a Github yet but my project will be open-source",https://github.com/Jetpad-Digital-Limited/jetpad-wallet,,https://x.com/JetPad_Finance,https://www.linkedin.com/company/jetpad-finance,https://github.com/V-Blaze/jetpad-wallet,,"Valentine Ezekwonna is a highly skilled full-stack software engineer with a strong track record of building scalable, efficient, and user-friendly applications. With over five years of experience, he has developed and launched products that bridge the gap between Web2 and Web3, making blockchain technology more accessible to everyday users.

As the founder and lead developer of JetPad Wallet, Valentine has designed a cutting-edge, non-custodial smart wallet leveraging account abstraction, gasless transactions, and fiat on/off ramps. His deep expertise spans blockchain development, smart contracts, and scalable infrastructure, making him a key player in the crypto and fintech space.

Beyond his technical acumen, Valentine is a problem-solver and strategic thinker, passionate about driving real-world adoption of blockchain in Africa. His work on projects like the JetPad Airdrop Launchpad and Fllow has empowered creators and users alike, simplifying complex blockchain interactions.

A skilled communicator and leader, he has spoken at industry events, sharing insights on decentralized finance and blockchain adoption in emerging markets. Whether writing scalable backend services, designing intuitive front-end interfaces, or architecting decentralized applications, Valentine is committed to building technology that redefines financial access for the future.",checked,drah7cokgfainstldxqz.png (https://v5.airtableusercontent.com/v3/u/50/50/1771855200000/D4afxiT_d-3ZgnwvAI8n5A/T7SImqrT9d8puFg_pI6G7ntT6fOZ15UYo5oABQ3cwCRxek-wUHz_m2GkuYTyg4J3i0fk7vpeH4G-QKqbo_3E07OkEXjwHXvouXrgMMP5AfPszwbl8pfFfye8XtsHpV9XV78VozLA700t4bjZjOpeRg/uTHmC_7gJ6gLur1EQ1CP_2KVgPp__z6REvlnz5GntSg)
Seevcash,Mainnet,Applications,https://seevcash.com,"SeevCash is a mobile financial platform designed to serve the unbanked and underserved communities by reducing transaction fees and providing digital tools to manage finances more effectively.  Launched in March 2023, the app has already gained over 14,200 users and offers features like an expense tracker, budgeting, price comparisons, Peer to Peer sending and request money. It also recently introduced gamification elements where users can watch ads to earn SeevCoins, which offset their transaction costs.  The integration of Stellar’s blockchain elevates the platform by enabling fast, low-cost cross-border payments and offering stablecoins like USDC, making it easier for users to convert digital assets into local currencies. With Stellar, SeevCash aims to broaden its reach across Africa and people living in abroad, facilitating seamless on-ramping and off-ramping through local payment channels. This blockchain integration will allow SeevCash to provide users with more stable financial options and lower fees, enhancing the platform's usability and impact.   By combining blockchain technology and ad-revenue gamification, SeevCash is creating an ecosystem that not only addresses users' financial needs but also provides them with opportunities to earn while managing their money more efficiently.",$142299.00,$142299.00,Sub-Saharan Africa,Seevcash,Seevcash - P2P Payment with USDC,,,SCF #36,SCF #36,"No, my project does not need to be open-source, now or in the future",,,https://x.com/seevcash,https://www.linkedin.com/company/seevcash,https://docs.google.com/document/d/1_Ie_4UkJSVsw7-iI3tVbbPc4ogx-ra4sOQY1u7kXGWA/edit?usp=sharing,,"We are currently building on the Stellar Network and have extensive experience in developing blockchain-agnostic on- and off-ramp solutions. Our team consists of three co-founders with over 30 years of combined experience in the industry, including 10 years specifically in Web3. Our CEO and CTO have both worked on notable Web3 projects: our CEO served as Country Manager and Product Manager at Kotanipay.com, an off- and on-ramp startup, for two and half years, and our CTO single-handedly built Speednance, a crypto exchange platform for a client.

Our Chief Product Designer, Charles, has collaborated with Dawuda since 2016 on projects like entervarsity.com, a university student portal. For this project, Charles managed end-to-end product design, while Dawuda handled backend and frontend integration. Charles excels in building frontend applications using React and vanilla JavaScript and is proficient with tools like Adobe XD, Figma, Premiere Pro, and Adobe After Effects, making him a vital asset to our team.

Beyond our technical expertise, we’ve fostered a vibrant community around our projects, engaging actively on LinkedIn, Instagram, and WhatsApp, and participating in local events as sponsors and organizers.

What sets us apart for building Seevcash is our founding team’s nine-year history of collaboration on various projects, during which we have accumulated deep expertise in fintech, mobile, and web applications. This makes us uniquely qualified to develop Seevcash. Furthermore, our CEO has been recognized as a Microsoft MVP in AI for three consecutive years, underscoring our team’s technical excellence and leadership in the broader tech ecosystem.",checked,876c7ef8 (https://v5.airtableusercontent.com/v3/u/50/50/1771855200000/R5LoudvFk46Syd3BEda9ag/pfDfAHCIOnOhLY1Z_hfob3Pl1soRdV-dmjvUEuk6RSw3nEwn2819q0U9iD2YaLY9AIpNOm8BCY_85ZKeb_qsIx79N3EWlijhwl-1jiv8mIzDGDIxSWfJ2_cOGhupKLcHHoM2Gu5guwZoEB-0QZyeaQ/ACS-Vz7g0v6RmeYoPDHb0epq5xty01e390pnK4DIB6U)
ROSEN,Mainnet,Applications,https://gorosen.xyz,"Rosen is a borderless social earning platform for Gen Z to monetize easily & globally via AI & stablecoins. Live on App Store/Google Play with 30K+ users. Awards winning project and backed by PayPal PYUSD, Circle (USDC), Google Cloud, Draper University.",$75000.00,$75000.00,"Latin America & Caribbean,North America (without Mexico),East Asia & Pacific",ROSEN,ROSEN: Global Micro-Earning with Stellar,,,SCF #37,SCF #37,"Partly, I do have a public Github",https://github.com/GoROSEN/rosen-stellar,,https://x.com/go_rosen,https://www.linkedin.com/company/gorosen/,https://play.google.com/store/apps/details?id=com.rosenbridge.rosen&hl=en,,"The Rosen Team combines deep expertise in Web3 social, AI, and stablecoin payments with a proven track record of transforming complex technology into user-friendly products. Backed by industry leaders like Google, PayPal, Circle and Draper U, our team has launched the Rosen App—a borderless social platform live on App Store &Google Play, already adopted by 30,000+ users across 80+ countries.

Leadership & Experience:

-   Stella Zheng (Co-founder): Former Program Director @500 Global and Fortune 500 finance veteran (State Street Corp), CUC students mentor, Draper U alumni, and award-winning leader (Women in Web3 HK, Leader of the Year).
    
    https://www.linkedin.com/in/sida-stella-zheng/
    
-   Xiaobin Gu (Co-founder): Ex-G20 Summit project lead who disrupted IoT fire safety (defeating giants like Hikvision) and scaled systems to 1M+ monitoring points. Serial entrepreneur with multiple successful exits and investor (YAS, Butlr, Renoon, etc.)
    
    https://www.linkedin.com/in/xiaobin-gu-706a1919a/
    
-   Andy Ann (Co-founder): 23-year serial entrepreneur (exits in ad-tech, data analytics) and impact investor (NDN2 Vision Fund), building ventures in blockchain, AI, and FinTech. Named among Gafencu Power 300 and keynote speaker for HSBC, LVMH, and more.
    

Extended Team Strengths:

-   Our engineers are senior level from Cisco and Alibaba, ensuring robust infrastructure.
    
-   Our growth team is from Kuaishou LatAm’s influencer manager, tapping into global creator networks.
    

Together, we merge Silicon Valley innovation, traditional finance rigor, and scalable Web3 solutions to redefine social connectivity.",,78f77b15 (https://v5.airtableusercontent.com/v3/u/50/50/1771855200000/z9Ya_4H-vBzGTik1C94Xvw/EvpFbvR5tuxD1vKWLA-6BxsnSrM5et2VnZIjx3rR2M-QfJ6oMNnqNUAiAy7gdgRFxLHJVygkryMd2JfCTwAkvANz8rrEsS5tzrujVntYLTe79nf78alZo02hKkdSKx5otsmB9_HHlRneOTZkYWEhyw/yuTHXtZH3bs27zIvV36dEOXEqUu0HMs6hjF12VpcJd0)
Choppaddi - Food and Grocery App,Mainnet,Applications,https://www.fastbuka.com/,"Choppaddi (FKA FastBuka) is a blockchain-enabled food and grocery delivery platform built on the Stellar network that connect customers, vendors, and riders across Africa with instant top-ups, fast payments, crypto and local currency options, built-in dispute resolution, and task-based rewards, making delivery faster, fairer, and more inclusive.",$70000.00,$46666.67,Sub-Saharan Africa,Choppaddi - Food and Grocery App,Choppadi Food & Grocery Delivery (FKA Fastbuka),,,"SCF #35, SCF #38",SCF #38,"No, my project does not need to be open-source, now or in the future",https://github.com/fastbuka,,https://x.com/fastbuka,https://www.linkedin.com/company/fastbukadelivery/,https://docs.google.com/document/d/1bJokC8hd0SE66oqI9j72vl5vcnGXhb5LpebtuYkwPHA/edit?usp=sharing,,"Our core team has over 8 years combined experience in blockchain, fintech, and logistics software development, with multiple successful product launches in both Web2 and Web3.

-   Chijioke Michael Ogbechie – Project manager. A certified product mananger, full stack digital markerer, Experiencial marketer both on the web2 and web3 space . NITDA certified, ALX Alumini, Stellar Ambassador
    
-   Progress Ochuko Eyaadah – Blockchain engineer with years of experience building and scaling blockchain products.Co-led successful blockchain initiatives and actively contributes to the Stellar Ecosystem as a delegate and an ambassador.
    
-   CHUKWUEMEKA ORJIANI - Financial Sector Expert & Blockchain Professional: Versatile Fullstack Developer with a strong track record of delivering innovative, scalable solutions and driving impactful digital transformations. Known for exceptional problem-solving skills, leadership, and a commitment to excellence in both independent and collaborative environments.
    
-   Dedicated Stellar integration developers lead by our blockchain engineer already on standby to begin work immediately after funding.
    

We have previously delivered high-scale applications with payment integrations, real-time APIs, and strong security compliance. Our readiness ensures no onboarding delay—development begins as soon as funds are received.

EXTRA NOTE TO REVIEWERS: 👇🏼

To test Fastbuka Customer web app using Card funding option. Kindly use this dummy card data below:

Link to cards detail

Pin = 3310

OTP = 12345",,0cd3d2e3 (https://v5.airtableusercontent.com/v3/u/50/50/1771855200000/dCK5VNb_SJXiY2DbS9KKgQ/TSqEz-Rp99Nb-NXm1-622PCG6Ytj5ScEuueDqXM7b7yWffmxQsXMjMM0LexDqc8o6jyNC95qAhTTTqZniyaSTdLXW2pPYvk9fnMaYgfpX9OjwBrGTUpBXXmzgGRWX4So0nqL2HqmX2lDEaJ2e7AldA/6AUWoVgwR6GWnzN-9tppfL0cnx4Wdeb4CK5rYnMkkBc)
Freedom Pay Wallet,Mainnet,Applications,https://freedompaywallet.com/,"The Freedom Pay Wallet is a non custodial wallet that makes payments accessible for all, we provide both low cost remittance and payment services. Our mission is about building something that makes a difference for real people. Our digital wallet empowers people in rural Africa by providing the unbanked with essential access to goods and services.
",$150000.00,$100000.00,Sub-Saharan Africa,Freedom Pay Wallet,"Imagine really making a difference, by simply helping people do what we do everyday., Transforming Aid Delivery with Stellar.","https://communityfund.stellar.org/dashboard/submissions/reccQgBpw5qMzbKt8, https://communityfund.stellar.org/dashboard/submissions/recTpPrXueFZ11D9C",,"SCF #30, SCF #31, SCF #22, SCF Kickstart #9, SCF #38","SCF Kickstart #9, SCF #38","Not yet, I don’t have a Github yet but my project will be open-source",,,,,https://play.google.com/store/apps/details?id=com.freedomdevelopmentfoundation.ios&pcampaignid=web_share,,"Our team at Freedom Pay Wallet consists of three core members, including myself as the founder, and a group of dedicated volunteers. Most of our team is based in The Gambia, working directly on the ground to ensure top-notch customer service and providing valuable feedback from our users. We believe in keeping our finger on the pulse, listening to our community, and adapting quickly to their needs.

We are fortunate to have partnered with BPV, a powerhouse team of fintech entrepreneurs and engineers. They're experience spans over 20 years in leadership positions at licensed and regulated financial institutions. BPV has successfully integrated multiple use cases of the Stellar protocol. Their expertise helps us navigate regulatory compliance, IT systems, and digital asset procedures, allowing us to innovate and scale effectively.

Together, our combined experience and knowledge make us well-equipped to drive financial inclusion and deliver impactful solutions through FPW",checked,FPW_logo_2.jpeg (https://v5.airtableusercontent.com/v3/u/50/50/1771855200000/IDwDIidjtMve4fUfvTZzBQ/Cf7ckVxJOUYofrZLLt1GrchOQ2h8Z6-p5wb3db3mxt6Pt9lFbBsoa-_Nw_U4QCwult8f6rhV416FB1yW9pkAvE12yts2UzDpH6yZ4DrprYiVo2qWgTfPMvarObwW6Nhh2ibKU_oHl2WLZCmrLIK1b3spyzUCqRiEgV8CgWQKK6M/AFYjUBZCwynimn-ipA-quRkdTL9QOb9pN42MNTVx4-4)
IRL,Mainnet,Applications,https://www.irl.energy/,"IRL: A Global Loyalty Layer for Culture - IRL is building a decentralized loyalty platform that rewards people for showing up in real life — at clubs, galleries, festivals, and cultural venues. By blending check-ins, perks, and onchain identity, IRL enables users to earn rewards and tokens simply by participating in culture. Our vision is to create a global cultural graph that connects attendance with long-term value, using blockchain to turn presence into proof — and proof into perks.  With Stellar, IRL will launch the next phase of its ecosystem by integrating Stellar-based payment rails and token rewards into the IRL dApp. This will allow users around the world to claim perks, earn loyalty points, and eventually receive token-based incentives using fast, affordable, and globally accessible infrastructure.  Our technical implementation involves issuing IRL Points via check-in events, quests, and community campaigns — and enabling those points to be redeemed for perks backed by Stellar-native assets (USDC or $IRL token). A lightweight backend layer will support wallet creation, identity-linked check-ins, and a reward engine for automated redemption. Partners such as venues, festivals, and brands will access a dashboard that allows them to issue and track rewards, creating a scalable, community-led flywheel.  This initiative will drive Stellar adoption through tens of thousands of culturally engaged users, while proving out real-world loyalty applications for onchain incentives. With support from the Stellar Community Fund, IRL will activate new cities, onboard creators and venues, and demonstrate the power of culture as an onramp to Web3.",$137000.00,$91333.33,No specific region of operation,IRL,IRL: Global Loyalty Protocol for Culture,,,SCF #38,SCF #38,"Not yet, I don’t have a Github yet but my project will be open-source",https://github.com/hurley87/refraction,,https://x.com/RefractionDAO,,https://www.irl.energy/,,"Refraction is led by a multidisciplinary team of artists, engineers, and cultural producers who bridge technology and the arts. Founder Malcolm Levy is a curator and technologist with over two decades of experience in media art and digital infrastructure, including work on the 2010 Olympics. Co-founders Raf Katigbak, a creative strategist and former Vice Creative Director, and Greg Liburd, a community builder behind culture-driven networks for brands like Nike Jordan, bring deep cultural and brand expertise. Kaitlyn Davies, formerly of FWB, SoundCloud, and Boiler Room, leads partnerships with a focus on music and Web3 ecosystems. Craig Barrow, who previously collaborated with Virgil Abloh, heads experiential design, while Sharon Shum, formerly of VICE APAC, manages operations and cross-border logistics. Anbar El Mokri oversees production and artist management, ensuring seamless execution of live events. On the technical side, David Hurley leads engineering and smart contract development, Chris Dammeyer drives UX and interface design, and Graham Bertie builds scalable front-end applications using React and Web3 tools. Together, the team merges cultural credibility with technical excellence to power the Refraction and IRL platforms.",checked,c4b81ea3 (https://v5.airtableusercontent.com/v3/u/50/50/1771855200000/juQvgConkUvagsPSxP8ASA/piUMQfE99kESqOevyrA1K-2BCxvOcVBp0NnfQjzHbdXOrGi7YGqZ07CfV2vdoMcxYzYwWpUi6AXRbppvvHxcZ4xrrApZKDhf3aAy5dUYuyxLwFWoTF0OlF1L59oGCQtbGeRldRbWoV9slb00n0RLwg/hULWm69jgGNHD7U66kYN-5zep_d9SS2W4gECxTsS_LA)
Lul-Serving the unbanked,Mainnet,Applications,https://www.lulpay.com,"This is a previously initially funded project. Our apps aids financially underserved refugees and unbanked individuals in sub-Saharan Africa. Many Africans lack adequate banking. For example, 350 Million people are unbanked in Sub-Saharan Africa. Also, Millions of refugees don’t have financial access. Refugees often encounter hurdles accessing traditional banking due to language barriers, documentation challenges, and unfamiliarity with other financial options.   Our app, utilizing Stellar, tackles these issues by providing vital services like remittance, digital wallets, payments, crowd funding, rotating savings and credit associations, and virtual cards. These solutions are crafted to offer refugees and unbanked individuals secure and affordable access to financial services, bolstering their financial inclusion and stability.         Now we have been funded Initial funding in previous round of SCF # 29. We were supposed to deliver basic payment and remittance functionality. We have done that. Additionally after we were recommended to  show traction after we applied for #35, we have launched closed beta with 125 users and have gotten rave response and people are already using this app. And we want to progress to the next phase of development, which is developing, the remaining functionalities, such as crowd funding, rotating savings and credit associations, and virtual cards,  and launch on Testnet.",$58000.00,$45500.00,Sub-Saharan Africa,"Lul-Serving the unbanked,Lul-Serving the unbanked","Lul-Serving the unbanked, Finance Access for Refugees and Unbanked",https://communityfund.stellar.org/dashboard/submissions/rectWILIUqnvfGvTK,https://communityfund.stellar.org/dashboard/submissions/rectWILIUqnvfGvTK,"SCF #29, SCF #35, SCF #37, SCF #38","SCF #29, SCF #38","No, my project does not need to be open-source, now or in the future",https://github.com/Zerie5,https://discord.gg/rC4jqHmA,,https://www.linkedin.com/in/zerayacob-a-tedla-1abb64b9/,https://docs.google.com/document/d/1BZTwQlIIryogYff0PzUlvm-AROUphaoa/edit?usp=sharing&ouid=117888080581823504664&rtpof=true&sd=true,,We are a group of dedicated software developer that want to create apps that will help solve real problems in our communities. We are a team of software developers with all of us having up to decade of experience in software development. Our team also includes CFO who is responsible for our financial planning and accounting. We are 5.,checked,
SFx Super Money app,Mainnet,Applications,https://www.sfxchange.co/en,SFx money app is a super money app that uses USDC to enable money transfers from Africa and to make Onchain and Offchain payments easy for African’s in Turkey. ,$55000.00,$36666.67,"Middle East & North Africa,Sub-Saharan Africa,Europe & Central Asia",SFx Super Money app,SFx Super Money app,,,SCF #38,SCF #38,"No, my project does not need to be open-source, now or in the future",,https://discord.gg/vbueuy4Z,https://x.com/usesfxmoneyapp,https://www.linkedin.com/company/sfxchange/,https://drive.google.com/file/d/1ELz3J4AGQtCLITo6XWnn6l0foNFUc7Pq/view?usp=sharing,,"'-   Founder: Martins Chiwenyte Chidume, CEO: BSc from Eastern Mediterranean University, with over 3 years of crypto trading experience and transactions over a Billion Naira on P2P marketplaces. Founded an E-commerce startup called “sleepaura” during the pandemic. Head of Operations, Head of Product, Product manager and Ui and Ux Designer at SFx.  
    https://www.linkedin.com/in/martins-chidume-5a6277214/  
    
-   Co-Founder: Peter Japhet, CTO: BSc graduate from Eastern Mediterranean University, Best Graduating Student, Faculty of Information Technology, 2023. Founding team member and Backend developer at an e-commerce startup from 2022-2023. A full-stack developer with 5 years of experience in React, Next.js, and Node.js. Head of Sales in SFx.  
    https://www.linkedin.com/in/peter-japhet-663b85173/  
    
-   Co-Founder: Kolawole Muqaddis, Head of Design and Marketing: BSc Cyprus International University, Artificial Intelligence. Founder of InBrand Pr and co-founder of InTECh. An avid graphic and brand designer.  
    https://www.linkedin.com/in/muqaddis-kolawole-586595230/  
    
-   Lead Backend and Blockchain Engineer: Stephen Ubanawa: BSc in Computer Science with experience as Lead Blockchain and Backend Developer at TRENDX, and former Lead Blockchain Engineer at XEND Finance, where he led the development of a Real World Asset (RWA) blockchain focused on tokenizing real-world assets for African financial institutions. Currently serving as Lead Blockchain Developer at SFx for 1 year.  
    https://www.linkedin.com/in/stephen-udeh-06547a1a0/  
    
-   Developer Operations Security Engineer: Curtis (Damiete) Crentsil : Current Chief Technology Officer at Trendx, ACNS Aptech Certified Network Specialist, Aptech Certified Cybersecurity Technician (CCT), and Aptech Certified Ethical Hacker (CEH). Currently Backend Security engineer at SFx.  
    https://www.linkedin.com/in/curtis-crentsil-a76800208/  
    
-   Technical Advisor: Chuck Lam, CEO of Ripe.Money: PhD from Stanford University, a serial founder with multiple exits. He founded Rollcall, achieved >1M MAUs in under a year’s time and was acquired by StubHub. He founded BlockchainIntel, a crypto analytics and forensic accounting business, and was acquired by Appdome.  
    https://www.linkedin.com/in/chucklam/  
    
-   Frontend Developer Team
    
-   Lead Web Developer: Leonard Ogbaje :https://www.linkedin.com/in/ogbajeleo/
    
-   Lead Mobile Developer: Valentine Henry: https://www.linkedin.com/in/henry-valentine-a3443822b/
    
-   Lead Admin Developer: Joel Ikenga: https://www.linkedin.com/in/joelikenga/",,8f40476f (https://v5.airtableusercontent.com/v3/u/50/50/1771855200000/a-PAp7H3OrKkUeEAHdnmVQ/L2MWDXtQuDoc6Pmzl1k9koJt0-Cg1xdoBCz9IoL_S7S6hWaN3QUzZ_nuowhST94OxwSBP3kk_rGEfSRhz6Ki0MB3kjuQoifBoijxG7f8rO2cxcrCcgCfHXfvadDLKvOHcI-R5jU4k2X4WA0PpUzzVw/QWAydteLs2rR06EMQ-xF724UGiH6kH4H0ly6TSQMKq0)
Stellar Merch Shop,Mainnet,Applications,https://www.canva.com/design/DAGodFHF-Fc/xN2yzphsJJUG6na_8ziLQA/view?utm_content=DAGodFHF-Fc&utm_campaign=designshare&utm_medium=link2&utm_source=uniquelinks&utlId=hce49f3ad3b,"We propose building the official Stellar merch platform: a global, community-driven hub combining high-quality physical products with blockchain-native features. Currently, Stellar invests heavily in high-quality merch for events, but there is no online access, no global availability, and no unified system—merch can only be collected on-site, excluding much of the community. The platform will offer: A Shopify-based front-end for seamless e-commerce, integrated with a custom backend connected to Soroban. Responsible, localized sourcing through verified suppliers on each continent to ensure ethical production, reduced shipping impact, and top-tier quality. A network of verified suppliers per continent to ensure high-quality, local production and faster delivery. NFT tokenization of merch, offering proof of authenticity, limited-edition ownership, and potential utility (e.g., event access, community status). A creator royalty system, empowering independent designers and ecosystem contributors to earn from every sale and resale. A DAO or voting layer, to co-select new drops, styles, and collaborations.   Beyond Stellar-branded drops, the platform will support ecosystem projects in launching their own merch lines boosting visibility, rewarding users, and building project identity through physical and digital goods. This initiative is not just about clothing, it’s about activating the Stellar ecosystem through accessible, collectible, and meaningful experiences. By blending fashion, blockchain, and community participation, we aim to deliver a scalable and premium Web3-native solution. Our goal is to become Stellar’s official and exclusive merchandising partner, helping the network engage its global audience while showcasing real-world utility for the Stellar blockchain.",$105000.00,$105000.00,No specific region of operation,Stellar Merch Shop,Stellar Merch Shop,,,SCF #38,SCF #38,"Not yet, I don’t have a Github yet but my project will be open-source",,,,,https://www.canva.com/design/DAGodFHF-Fc/xN2yzphsJJUG6na_8ziLQA/view?utm_content=DAGodFHF-Fc&utm_campaign=designshare&utm_medium=link2&utm_source=uniquelinks&utlId=hce49f3ad3b,,"Barth Houot

Barth is a French engineer and Web3 entrepreneur with a strong background in product development, branding, and e-commerce. Self-taught in design and digital marketing, he has led several projects combining user experience and technical innovation. He is also the founder of EquitX, a DeFi protocol built on Stellar focused on synthetic assets and collateralized markets. His hands-on experience with both the Stellar ecosystem and brand creation positions him ideally to lead the development of a merch platform that bridges community, technology, and culture. Barth is a SCF Pilot.

Pamphile Roy

Pamphile is a Senior Software Engineer at Bitpanda and provides consulting services through his company Consulting Manao GmbH. He previously deployed transformer models to 10M+ users at iTranslate and contributed to AI/ML solutions for Microsoft Flight Simulator 2020. Within the Scientific Python ecosystem, Pamphile is renowned for his open-source contributions, acting as maintainer of SciPy (2M+ daily downloads) and SALib, and serving on the Scientific Python Steering Committee. Pamphile is a SCF Pilot and a SCF Delegate for Tools. He has been active within the community for the last two years, contributed to Stellar’s developer documentation and participated in two SEP. He received two SCF grants to build his Soroban-based project, Tansu.",checked,7405abb1 (https://v5.airtableusercontent.com/v3/u/50/50/1771855200000/JfF6QN1r5C0dsXmqqWMSiA/NE4z7LylHOE2h_I5iHVbuiLE2Sgoh_SFh0MhJub08fshBK4E-zLXXWt4uWT0VjbEd9GO4yPGIQsINSpWfoYoQhYlcA7LWot9WAik3RNpYyTQHJdgHdHhZQEvLf5IxJjurwUlHVk4MLljLLrAN2-pWQ/Iwo77MEmvqhL1Y0skzWKxBvN3iI-HnquLM2Dw_g7x8w)
Rubic,Mainnet,Applications,https://rubic.exchange/,"This integration will connect Stellar to Rubic’s aggregation infrastructure, allowing users to access the best available rates for Stellar-based assets through live DEXs and bridges already operating on Stellar. Rubic will onboard these providers into its platform, giving broader visibility and easier access to Stellar. New providers can also be added over time, creating an open path for expanding access without rebuilding infrastructure. As a key part of integration, Rubic will implement multihop swaps for Stellar, allowing any-to-any token exchanges with efficient routing. Custom smart contracts and a dedicated mechanism will be developed to support this feature. For Stellar-based projects, this opens the door to seamless integration of same-chain and cross-chain swaps through Rubic’s API, SDK, or widget. No need to build in-house solutions or maintain bridge logic because Rubic handles that layer. This removes integration overhead, unifies liquidity access, and gives developers and users a smoother experience across Stellar and beyond.",$90000.00,$90000.00,No specific region of operation,Rubic,Seamless Stellar Cross-Chain Swaps,,,SCF #38,SCF #38,"Yes, fully open-source with Github",https://github.com/Cryptorubic,,https://x.com/CryptoRubic,,https://dune.com/rubic/rubic-general-dashboard,,"Core team

Vladimir Tikhomirov. Founder. LinkedIn Page.

A highly experienced and visionary founder, with a PhD in Computer Science and a successful track record as a software industry executive with over 10 years of experience, Vladimir brings a wealth of knowledge and expertise to the team. He is a seasoned entrepreneur, having founded the popular smart contract platform [](http://mywish.io/)MyWish.io, Tonco, MAIN and Algebra, which is a concentrated liquidity protocol with TVL more than $200M and used by 44 DEXs, such as QuickSwap, Camelot, StellaSwap, SwapX and others.

Alexandra Korneva. Co-Founder. LinkedIn Page.

Alexandra brings a wealth of business acumen to the team, with a Master's Degree in Business Administration and Management, and 10+ years of extensive experience leading marketing and communication companies. 

Eugene Korol. CEO. LinkedIn Page.

Eugene Korol brings a wealth of project management experience within the blockchain and smart contract development sector, evident through his tenure at Rock'n'Block from September 2017 to May 2019.  
Following his successful stint at Rock'n'Block, Eugene continued to carve a niche in the industry as a Project Manager at MyWish from May 2019 to May 2021. 

Starting from May 2021, Eugene Rubic CTO. Starting from July 2024, Eugene is Rubic CEO.

Elena Nova. CMO. LinkedIn Page.

Elena brings more than 15 years of experience in Strategic Marketing Management ranging from Fintech (Visa) to FMCG in top global blue-chip companies. 

Yegor Lapshov. CBDO. LinkedIn Page.

4+ years in crypto with a strong focus on bd and scaling products. Deep expertise in guiding startups on product positioning, tokenomics, strategy, and community. Proven track record of successful negotiations, partnership management, and high-impact advisory.

The majority of the rest part of the team consists of smart contract, backend, and frontend developers. Security is a key focus, we have a dedicated security engineer. The team also includes marketing, product, and business development specialists. Everyone at Rubic is fully committed and brings deep, hands-on experience in DeFi.",checked,ybuhp1df2b0o6ajspenj.png (https://v5.airtableusercontent.com/v3/u/50/50/1771855200000/0E2LVeevbb8ybFiCCgkT8g/LzfmXqH68LdYKwL3cawEgD1hXth1NaBlOXurZvaVSPdkmHQkJ9M8Id_lLeBKoARdHsrxsWnT9kXu_Qkf9UyGzMpVX_cAewkXxaC-Wvn46iCRDdANoN4XiVcnq8mI6L55efObPrcwF74DPF7-ObuhAg/34TGZ--7TxZnXfP1D0QKydjIYGvQJ6p_WViAmqNsvFQ)
AIDA,Mainnet,Applications,https://www.aidapp.com/,"AIDA is an AI-powered multi-chain platform that combines three core modules: Trading Terminal, MindSharing, and LaunchZone, and enables users to create, analyze, and trade tokens — including RWA, AI, MEME, and GameFi — in real time across multiple blockchains. With Stellar integration, AIDA will make issuing and promoting Stellar-native tokens seamless and accessible, and Stellar assets will gain equal visibility within our trading terminal, analytics engine, and KOL campaign system, giving developers and traders the same opportunities as projects on other chains. The Trading Terminal features a multi-DEX aggregator with best execution, now including Stellar DEX liquidity, unified charts and pair discovery where Stellar tokens appear alongside other assets, and AI-driven market scanning to identify trends and opportunities for Stellar tokens. MindSharing is a KOL campaign engine tailored for Stellar projects, offering transparent reward pools in XLM or custom Stellar tokens, and works for both Pre-TGE and Post-TGE projects with instant, low-cost payouts via Stellar. LaunchZone is a no-code token creation suite for Stellar-based tokens, enabling fast listing and liquidity pool setup for Stellar assets, with native integration with the AIDA wallet, campaign engine, and trading terminal, providing a full cycle for Stellar projects to create, launch, promote, and trade.",$47000.00,$47000.00,"South Asia,East Asia & Pacific,Europe & Central Asia",AIDA,"AIDA: Stellar Trading, Launch &amp; KOLs",,,"SCF #38, SCF #39",SCF #39,"No, my project does not need to be open-source, now or in the future",,,https://x.com/aidappcom,,https://drive.google.com/file/d/1Z_EhFZvFx-ozz8JmwdSGjgaKjY38VFKY/view?usp=sharing,,"Our leadership team combines deep expertise in AI, blockchain, and marketing - with proven track records at global tech and Web3 giants:

Alessio Bagnaresi - AI Chief

https://www.linkedin.com/in/alessio-bagnaresi/

VP of AI at Oracle, Alessio brings decades of experience in advanced AI systems. Previously, he served as Director of AI at Microsoft and held key roles at IBM and Google, where he led AI & Data Analytics. His vision shapes AIDA’s AI infrastructure and innovation strategy.

  
Koyuki Nakamori - CEO

https://www.linkedin.com/in/k-nakamori/

Former Head of AI, Market & Intelligence at Ava Labs, Koyuki leads AIDA with a focus on strategic growth, product direction, and cross-chain innovation. Her background bridges enterprise-grade AI and blockchain ecosystems.  
  
Juliana Cardozo - CMO

https://www.linkedin.com/in/julianacardozojc/

Currently Marketing Lead at Polkadot and formerly a contributor to NEAR Protocol, Juliana drives AIDA’s marketing, brand positioning, and community engagement across global audiences, leveraging her deep experience in Web3 growth.

Together, our team brings the expertise, network, and execution power needed to make AIDA a leading AI-driven, chain-agnostic platform for tokenization and trading.",checked,tkwgkl1vbexrjqj3xjwi.png (https://v5.airtableusercontent.com/v3/u/50/50/1771855200000/bUmludiKB7T2IN3vSDKnlw/cD1uMyGQvAdVegQPeo6FExQpJyCozNOKUejloKFLrdK4dMJb26eI98oON87lXnroRHiZDhTrriPHZh96uh2lqHymgOw0h9HDAKId0-eTW6u9HxhO6FQnfR6cEN_g08oYgybL8QbI4FZHENiSaotARw/mDR7pDvJZuuUFdEEiaeihTSw3p6GVo3UnEjK05dww5o)
Centiiv,Mainnet,Applications,https://www.centiiv.com,"Centiiv empowers African businesses with tools to enable them scale operations by cutting losses, closing sales faster, and boosting customer retention whilst accepting payments locally and globally. It is a payment gateway that combines web2 and web3 technologies with inbuilt escrow, credit clawback and loyalty reward systems.",$51300.00,$51300.00,Sub-Saharan Africa,Centiiv,Payment Infra for Borderless Commerce,,,"SCF #10, SCF #11, SCF #36",SCF #36,"Not yet, I don’t have a Github yet but my project will be open-source",https://github.com/Centiiv/protocol-node,https://discord.gg/kKNPz7cB,https://x.com/_Centiiv,https://www.linkedin.com/company/centiiv/,https://drive.google.com/file/d/1Y25H_Pb45DtUAZSipG7a5jGjZmlLvmuT/view?usp=drive_link,,"The team comprises of individuals who are skilled across diverse niches as relevant to the sector we are playing in. The founder and CEO has seven years of experience in software engineering, Blockchain/DeFi and management consulting while gathering industry knowledge in payments and financial services. Other C-level executives have 10 years combined experience in marketing, communications, especially in the fintech and commerce industries.

Our team, aside from possessing the necessary skillset, has proven commitment to the project. Despite the challenges of operating in the industry, we are quite resilient and adaptive to see things work at all costs.",checked,c866a188 (https://v5.airtableusercontent.com/v3/u/50/50/1771855200000/Z7uWLOCtodaVSNIcJ2LPXw/1MJq0zgyLZouR2ruPUJwaRSLFvwLCoqS61nvn4PZFHX9TdLJTaqOfRnGU1Xay5CcjN8f-zg5wLB3HQDsm8oeryDjD2oypKb2x4gWOm7QeC8f4DeTt-GwpzCHkiwHpDC_z6y-do1wmI4r86YrEbj9QQ/0TIEv5CGw3YjDb1w055AYtm6eogKHTEyhbw7DS7ln9c)
CoopStable v2 - Yield sharing stablecoin,Mainnet,Applications,https://www.coopstable.app/#mint,"CoopStable (Solidarity Funding for Stellar) is a yield-sharing stablecoin protocol designed to support builders creating real-world impact on Stellar. Built on the Stellar network, CoopStable enables pooled funds to generate sustainable on-chain yield—giving projects and initiatives a decentralized way to fund themselves and others.  Following the successful launch of a working V1 prototype, CoopStable V2 marks a major step forward. Powered by Soroban smart contracts, V2 focuses on scalability, ease of use, and deeper capital efficiency—bringing cooperative-style finance to the builders shaping Stellar’s future.  Key upgrades in V2 include:  Multiple Yield Sources: In addition to Blend Capital’s USDC pool, V2 integrates protocols like UltraCapital’s yUSD, optimizing returns for builders and community funders.  Automated Cohort Creation: Soroban-based logic enables seamless group formation, reducing manual overhead and improving onboarding for aligned projects and contributors.  Liquidity Provider (LP) Incentives & Gamification: Users minting cUSD earn points redeemable for builder-aligned rewards. A lottery feature adds engagement while increasing funding opportunities.  Improved Frontend UX: A redesigned mobile-first interface makes it easier to discover, compare, and join funding cohorts based on project goals, timelines, and yield expectations.  CoopStable V2 gives Stellar-based builders the tools to bootstrap and sustain meaningful work. From neighborhood development to digital inclusion projects, CoopStable makes funding collaborative, regenerative, and mission-aligned.  This is not just a stablecoin—it’s funding infrastructure for the builders of Stellar’s real-world economy.",$0.00,$10000.00,"Europe & Central Asia,Latin America & Caribbean",,A yield bearing stablecoin for Stellar ecosystem projects ,,,"SCF Kickstart #10, SCF #38, SCF #40",SCF Kickstart #10,"Yes, fully open-source with Github",https://github.com/BreadchainCoop/coopstable-contracts/tree/main,https://discord.gg/cuQTfZ5v,https://x.com/CoopStable,,https://www.coopstable.app/#mint,,"Sourdough Systems is a seasoned development shop specializing in DeFi and blockchain-native solutions. The core team behind CoopStable brings a complementary blend of product design, technical depth, and project execution:

-   0xR – UI/UX designer and sociologist, serving as product lead and CoopStable’s user experience architect. With a background in both Web3 design and social systems, 0xR ensures the interface aligns with cooperative financial behavior.
    
-   Fernando (Rasenuy) – Senior full-stack blockchain engineer with deep expertise in Solidity and Rust. As the principal developer of CoopStable v1, Fernando leads smart contract architecture and protocol implementation.
    
-   Blessings – Front-end developer focused on delivering responsive, mobile-first interfaces that bring decentralized finance to everyday users.
    
-   Gilberto – Project and grant manager, responsible for operations, timelines, and securing strategic funding. Gilberto ensures CoopStable remains on track and aligned with stakeholder priorities.
    

Beyond the core team, Sourdough Systems maintains a broader network of highly-skilled smart contract engineers, front-end developers, and researchers who are readily available to scale development capacity as needed. With a proven track record in launching successful decentralized applications and social-impact-driven protocols, the team is well-positioned to deliver on the vision of CoopStable.",checked,adfbe980 (https://v5.airtableusercontent.com/v3/u/50/50/1771855200000/UlId_poRvOT7wAR1ZIHOqQ/kW159UeT_DpbhFP1Q543RLLsVMtYmaFkcO9ovAan1pmWA4A6eevSc2s2Wtk0cgKFrCdxHfonWaLOFf0EUCsSjoznFLdbTRjv7Rh2vJmZYJsc34JMo1_2vuzrTkL5ppAE9XirujO5HG_qeoIKi7hljA/P7H8laDaxj5uyMi-lXFVHhuIODy_66ixu5onc6MPOYE)
PayZoll,Mainnet,Applications,https://www.payzoll.xyz,"PayZoll – Crypto native payouts Infrastructure on Stellar.   PayZoll is building the decentralized Stripe for Web3, a modular, intelligent, and production-ready payments stack that unifies crypto and fiat transactions under one seamless roof. Built for scalability and grounded in real-world usability, PayZoll bridges blockchain rails with traditional finance, starting where it’s needed most: emerging markets.   With Stellar's infrastructure at its core, we're building tools that are simple, secure, and scalable — unlocking Web3 finance for the next billion users.     Technical Implementation :   Main website : https://www.payzoll.xyz ,  Stellar Testnet Integrated Website(Stellar Build Better Hackathon) : https://payzoll-stellar.onrender.com   1. Bulk Transaction Contracts (Soroban) - Rust-based Soroban contract that ingests a payroll manifest (list of recipients + amounts) and executes all PaymentOps in one atomic transaction. - Role-based access control baked into the contract: only registered “employer” keys can submit batch jobs, and “auditor” keys can read execution logs. - On-chain validation of token trustlines and sufficient balances before dispatch, preventing partial failures mid-batch.    2. Multi-Hop Swap Mechanism - Soroban integration with Stellar AMM pools: our contract queries the best XLM⇄USDC (or custom-asset) path via on-chain price oracles and executes the swap immediately prior to payouts. - Optimal route discovery using the Soroban Rust SDK’s path-finding APIs, ensuring minimal slippage and predictable token conversions. - Seamless in-contract settlement: swapped funds are forwarded directly into the batch payment flow, so employers only need to fund XLM (or any single asset) and the contract handles the rest.    3. Enhanced Frontend Experience - Next.js + Tailwind UI that leverages the Stellar JS SDK and Freighter wallet for: - Real-time transaction dashboards via Horizon streaming (payment success/failure, swap quotes). - Interactive batch submission form with on-the-fly validation of recipient addresses, asset balances, and estimated network fees. - One-click payroll trigger: employers upload a CSV, review the swap rate & fee summary, then dispatch the entire payroll in a single confirmation.",$100000.00,$100000.00,South Asia,PayZoll,Universal Payroll Infrastructure,,,SCF #36,SCF #36,"No, my project does not need to be open-source, now or in the future",https://github.com/PayZoll-Orgs,,https://x.com/PayZoll,https://www.linkedin.com/company/payzoll,https://blockscan.com/address/0x2c137ac6bc804a9f798053347802f489f0025768#transactions,,"A team of best friends turned co-founders, building the next-gen Web3 payments infrastructure, straight out of our college dorms.

We’re final-year Computer Science engineering students, bonded by late-night code sessions, hackathons, and a shared obsession with solving real-world problems using blockchain. PayZoll started as a passion project, it’s now a live product with users, revenue, and global ambitions.

Vaibhav Panwar – Founder & CEO  
The vision guy, growth hacker, and product strategist.  
Vaibhav leads everything outward-facing at PayZoll from product direction to partnerships and GTM. Before this, he ran regional operations for an e-commerce startup, leading 100+ people and pulling in 6-figure monthly sales. A builder at heart, he’s also a blockchain dev and winner of multiple top-tier Web3 hackathons(BNB Hack Q4 - 1st Place, Stellar Build Better 2025 - 1st Place, ETHIndia 2024 - 2nd Place).

Abhinav Pangaria – Product Lead  
The tech brain behind PayZoll’s architecture.  
Currently an SWE at JP Morgan, Abhinav brings serious backend muscle, smart contract expertise, and a knack for shipping fast. He’s responsible for the platform’s core systems, payments infra, and cross-chain engineering.",checked,afbfcf33 (https://v5.airtableusercontent.com/v3/u/50/50/1771855200000/yOL45PdyEayho0bDR8W77A/cgYXbCUpNFM3l1Vwcl39oiTVYT1zI40zjgytDUFXBZGVpxvLvla8qClqVhWdGGyc5O5nkJHy1IvrOZk0MTB3djz_bTmPnxRVWcMyQml0DMy1gknrFCD_JLtF7qvy1raHSxP5UajLObcDQYivmreI1w/HheyIv15uq-XlSwO4dT9pVP6AcbcSQKVvYGYdgtWB0k)
(SSC) - Scorechain Stellar Compliance,Mainnet,Applications,https://www.scorechain.com/,"Scorechain for Stellar Compliance will integrate the Stellar blockchain into Scorechain’s enterprise-grade crypto compliance platform. The objective is to support Stellar with the same level of advanced KYT (Know-Your-Transaction), risk scoring, and AML tools we currently offer for 15+ blockchains including Bitcoin, Ethereum, and Ripple.",$85000.00,$85000.00,No specific region of operation,(SSC) - Scorechain Stellar Compliance,KYT for Stellar: Stay Compliant,,,SCF #36,SCF #36,"No, my project does not need to be open-source, now or in the future",,,https://x.com/scorechain,https://www.linkedin.com/company/scorechain/,https://app.scorechain.com/changelog,,"The Scorechain team combines deep experience in blockchain compliance, product development, and growth strategy. Our CEO Pierre Gérard has been building in the open-source and crypto space since the early 2000s, launching Scorechain in 2014 from La Maison du Bitcoin. CTO Grégoire Marchal has led the platform’s architecture for nearly a decade, while CMO Ignacio Aguirre brings 15+ years in marketing across Web3, DeFi, and fintech. Julien Gobbi, our CPO, drives product strategy with a strong background in SaaS and compliance platforms, and certified Kubernetes expert Denis Santangelo leads our DevOps. This experienced, multidisciplinary team has delivered live blockchain analytics products across 19 chains, trusted by 350+ clients worldwide.",,7247c621 (https://v5.airtableusercontent.com/v3/u/50/50/1771855200000/9B5EgzZyqRx76s1q2QSRFA/vI18qgZSL-i3oefB7fsd5ZyN4xe4LxHv4wUr9TZ05PvzxICx6707s8XpTFptxaaysak2weNBJgJWGO6IvXZXl-W04gR-JkAcIzDAPkuqLFPk5KYZ-Qx72K5h6qFMA6MYF4nknnbWl7JCPvxFP2fRMA/jrfhY77FhchhxIf3NTQ98ZmFWClDio116cQI8IrITnk)
Greep POS/ Greep pay,Mainnet,Applications,https://pay.greep.io,"A stablecoin-powered POS that enables merchants to accept African currencies seamlessly, settle instantly, and grow globally.",$70000.00,$70000.00,North America (without Mexico),Greep POS/ Greep pay,"Greep POS/ Greep Pay, Greep Pay",,,"SCF Kickstart #9, SCF #34 ","SCF Kickstart #9, SCF #34 ","Yes, fully open-source with Github",https://github.com/GreepPay,,https://x.com/greeppay,https://www.linkedin.com/in/greep-pay/,https://docs.google.com/spreadsheets/d/10-1VCQVcVaOUYBi6GZaarCXse8BNmZGTcmmr349oF6o/edit?usp=sharing,,"Jerry Godwin Nwachukwu – CEO

Skills: Product Development, Business Strategy, Team Leadership, Data-Driven Decision Making

Expertise: Proven experience in scaling tech platforms like Greep Fleets Greep Market, and Greep delivery, with a focus on product-market fit and growth.

Raymond Akinola – CTO

Skills: Blockchain Development, System Architecture, Fintech Integration, Decentralized Finance

Expertise: Skilled in building secure, scalable blockchain solutions for fintech platforms like Greep Pay, with a focus on DeFi and seamless integration.

Abasifreke David – Director of Sales / Lead Researcher

Skills: Market Research, User Acquisition, Product Testing

Expertise: Specialized in user acquisition and market validation, leading research efforts for Greep Pay and ensuring product traction.

Gosioha Miracle – Growth Strategist

Skills: Digital Marketing, Growth Hacking, Content Strategy, Conversion Optimization

Expertise: Driving growth for Greep Pay, and Stranerd through targeted digital marketing and user engagement strategies.

Gosioha Divine – Technical Writer

Skills: Technical Documentation, Proposal Writing, Complex Concept Simplification

Expertise: Exceptional ability to communicate complex tech in clear terms, with successful technical writing for Greep Pay, Stranerd and investor documentation.

Praise Afolabi – Content Writer

Skills: Content Creation, SEO, Social Media Management, Brand Storytelling

Expertise: Builds Greep Pay’s online presence and brand voice, optimizing social media and content to drive engagement and user acquisition.

Josiah Okpaleke – Product Designer (UI/UX)

Skills: UI/UX Design, User Research, Prototyping, Web Design

Expertise: Experienced in crafting intuitive user interfaces, Josiah has designed for nearly 50 projects, including Greep Pay’s website, focusing on user-centric and visually engaging designs",,
Venalabs,Mainnet,Applications,https://www.venalabs.com,"At VenaLabs, we believe the best way to learn Web3 is through hands-on practice. Instead of passively watching or reading, users actively engage with real blockchain concepts through gamified and interactive experiences.    Our platform is structured like a video game: users follow learning maps that simulate real on-chain actions. Each map focuses on a specific blockchain, introducing core concepts step by step. As they progress, users unlock new maps and challenges, earning on-chain certifications minted as NFTs to validate their achievements.    To simplify complex topics, we include mini-games that turn abstract ideas into fun, interactive exercises. Once users are ready, they can take on Airdrop Conquests—real-world quests that let them apply what they’ve learned and earn tangible rewards.    With the help of AI-powered virtual mentors offering guidance and feedback along the way, VenaLabs turns blockchain education into an immersive and practical journey, giving learners the tools they need to confidently navigate the Web3 space",$86000.00,$57333.33,No specific region of operation,Venalabs,StellarMap Academy - Discover Ecosystem,,,"SCF #35, SCF #36",SCF #36,"No, my project does not need to be open-source, now or in the future",,,https://x.com/VenaLabs,https://www.linkedin.com/company/venalabs,https://cloud.umami.is/share/J0sMXmW9kYtQ7FJO/venalabs.com,,"Marvin Scaringella (Co-Founder & CEO)

-   9 years in crypto, started with Bitcoin mining. I was in salvador to help implement Bitcoin
    
-   Former President of Kryptosphere, the largest student blockchain association in France
    
-   Founder of KryptoTour, an educational blockchain event
    
-   Ex-CRO and Partner at Deskoin, a leading French crypto broker, where the platform grew from €1M to €100M in volume
    
-   Private investor in various SAFT tokens
    

Linkedin

Benoît Umé (Co-Founder & CTO)

-   Ex-Lead Developer at Deskoin with expertise in full-stack development and gamification
    
-   Developed multiple mini-games and Web3 applications
    

Linkedin

Gwen Le Cardinal (Airdrop Analyst)

-   Specialist in airdrop campaigns
    
-   Former member of Kryptosphere, actively involved in community growth and airdrop comunity
    

Linkedin

Nila (Marketing Lead) - Location: India

-   Skilled in community engagement, content creation, and user acquisition
    
-   Worked with StarkNet to build a strong Web3 community in India
    
-   Experienced in cross-border marketing strategies to drive global adoption",checked,4228e7ba (https://v5.airtableusercontent.com/v3/u/50/50/1771855200000/0PRGzBLJx738tv9t6whzJA/Z4aO1fkhjIWWIXyzPFCAKYz7cTyzZ2W7Y_cO1ed0g4ztpTt2yO3QnvkvYf7aNLGLwst6C0YoDrIgFD5P75EK1VTXgNx_p6HtG4JmA1oQLupHI24tcMJO0LyW0K8gVci5pmsItofpDmwYgSfWdm5hYA/lVCMZ__WWLAJOZcxTchgY0lgx2aipOP7Nvw6wTBvkY4)
Splito,Mainnet,Applications,https://splito.io,Making Crypto feel like Money,$50000.00,$16666.67,No specific region of operation,Splito,Making crypto feels like money,,,"SCF #35, SCF #39, SCF #40",SCF #40,"Partly, I do have a public Github",https://github.com/Splitoio,https://discord.gg/GGGB6kyQbE,https://x.com/splitodotio,https://www.linkedin.com/company/splitoio,https://docs.google.com/document/d/1ER1nZROFnYeUi0eizPwX9W9ZoWQ-KDs14zGB5bt3trI/edit?usp=sharing,,"Ansh Saxena, Co-founder; ex-Lit Protocol ($100M+) & QuickSwap ($180M+), 18× Web3 hackathon winner, with deep experience in Web3 products, cross-chain infra, and developer tooling.

Sarthak Vaish, Co-founder; ex-Simplifii Labs (built BaaS for 80+ clients), 8× Web3 hackathon winner, specializing in DeFi protocol design, smart contracts, and scaling blockchain products.",,de27aff3 (https://v5.airtableusercontent.com/v3/u/50/50/1771855200000/B7YHtD2xBLBApyOFcZDdMA/qNF2WQpVVwNO5xm6awCkme_K5f2BEbeIyCbt_I106OlZmJfoujN9q_GjWnjC6FFuSoaf_ddZompzsmSvtiJFNnZkEzG2WbIaiS5RVQCusiBV8PPZ0xbyNwsx8bclZ7_iig_LDRD8_KmGo43KVEzDQg/mxvcgQZ9Ieud-q-bWgWuzx4EM7mrc4Yp7-rR8ml6Luc)
Houdiniswap,Mainnet,Applications,https://houdiniswap.com/,"Houdini Swap: The Frontend of Crypto  Houdini Swap is a leading non-custodial, cross-chain liquidity aggregator that unifies DEXs, aggregators, bridges, and centralized providers into one seamless interface. We empower users and partners with unmatched execution across 80+ networks and over 4.5 million route combinations.  Our platform offers two key transaction options:  Standard Swaps - Fast, secure, and efficient swaps using the best available rates across our extensive partner network.  Compliant Private Swaps - A unique offering that ensures AML-compliant privacy by breaking the on-chain link between sender and receiver-ideal for projects and users seeking confidentiality without compromising regulatory integrity.  With a robust API for plug-and-play integration, Houdini Swap is trusted by 30+ API partners and over 100 listing partners. We’re the go-to infrastructure for projects looking to scale user access, liquidity, and compliance-ready privacy.",$115000.00,$76666.67,"South Asia,East Asia & Pacific,Middle East & North Africa,Sub-Saharan Africa,Europe & Central Asia,North America (without Mexico),Latin America & Caribbean",Houdiniswap,Stellar Asset Integration,,,"SCF #38, SCF #40",SCF #40,"No, my project does not need to be open-source, now or in the future",,,https://x.com/HoudiniSwap,,https://dune.com/whale_hunter/houdini-swap,,"Project Team  

A world class team in place  

CHIEF EXECUTIVE OFFICER  
Josh  
Serial entrepreneur for 30+ years who has worked on multiple 10-figure exits, with an impressive $5B in realized startup value that he was a founding member of, most notably Freelancer.com, which IPO'd at $1B on the ASX.  

CHIEF TECHNICAL OFFICER  
Bogdan  
20 years experience as a software architect and programmer with deep expertise in international payment systems and whose clients include leading payment processors such as Visa Cybersource, Ingenico, Netopia, Worldpay and Amazon PayFort.  

HEAD OF PARTNERSHIPS  
Aaron  
Built a TradFi career with leading asset management firms Fidelity Investments and Mackenzie Investments before becoming a core contributor to SX Network (initially SX Bet), the world’s largest P2P blockchain betting exchange which scaled to over $900M market cap.  

CHIEF PRODUCT OFFICER  
Marty  
Over 15 years experience in delivering market-driven digital products across various industries, most recently in DeFi where he developed deep expertise in Web3 product design with industry leading UI/UX.",,uv0joaxmv7tzwte3u8oj.png (https://v5.airtableusercontent.com/v3/u/50/50/1771855200000/qmwNr7_UP5i9ejB4YBP8lQ/ZhzUa58X9Wx-8sS3yEBEvt9RghD-8QsJNd0FSKvxRlR4l1Acuas_jwRpZtStsn8ZGc_WpHtpy1PgJ1vZ-bNE41t6b4oWB-eI5HB4z3w3e8gwF2zhGmvgnmpcDLfId8t_fNJz5EhR-wIsgiLRSLoVmA/Er8tV1Ntsfpk7YfyJKO6apwhOjr8fKyuxXSHuttlfcM)
Stellar-MetaMask,Testnet,Applications,https://metastellar.io,The Stellar Integration on MetaMask. Utilizing the MetaMask Snaps Platform.,$71000.00,$71000.00,No specific region of operation,Stellar-MetaMask,Stellar On Metamask,https://communityfund.stellar.org/dashboard/submissions/reccBR6CyNvbjqL2E,https://communityfund.stellar.org/dashboard/submissions/reccBR6CyNvbjqL2E,"SCF #19, SCF #32",SCF #19,"Yes, fully open-source with Github",https://github.com/paulfears/StellarSnap,https://discord.gg/R2wd9ZJ89X,,,https://www.canva.com/design/DAGUB1uU4pM/gugPd5Xnh73240wBTBQCcw/view?utm_content=DAGUB1uU4pM&utm_campaign=designshare&utm_medium=link&utm_source=editor,,"Paul Fears is me. An American Developer who has worked as an independent contractor for Algorand. I wrote Research For MetaMask, has been in snaps development for 2 years https://github.com/paulfears. I go by Gloosy on discord.

Hiroto is an Anime Developer from Japan, and owns Crypto Pioneers a dev shop committed to producing quality code, His code does the job and looks good. https://github.com/mymiracle0118",checked,f294fb66 (https://v5.airtableusercontent.com/v3/u/50/50/1771855200000/JmbCBTwBzKla_Pw0gYz0Ug/fgigtlN_RiO6mmwerNfJufFk4xWFWs3v3s73TTpeI-i851XcicxG6yDpJCZNTuW-AppP4Hu83nnxUiEjAbTa5AVaFEbj0u6Zv-HFAHJ0XbyI4CEpiOKi9fxO6GVeCLT2t0YrKBIXIYF4MywRWT17UQ/nZn8CIVRBladgZsbJPf7bYs0bXjQYVVFPhYm13JqGZY)
Alternun,Testnet,Applications,https://alternun.io/,"Redefine gold as a force for good preserving wealth while regenerating the planet. ALTERNUN envisions a future where certified, unmined gold resources secure value for investors and fuel community led restoration projects.  Objectives:  Inflation Protection: Deliver a liquid, gold-backed digital asset (GBT) that retains purchasing power against rising prices.  Environmental Stewardship: Keep gold underground to eliminate mining’s carbon footprint and ecological damage.  Ecosystem Engagement: Enable GBT holders to propose, vote on, and support regenerative initiatives, sharing in both social impact and financial upside.  Decentralized Governance: Empower ATN token stakeholders to steer protocol evolution, treasury allocation, and project selection through a transparent DAO.  Technical Implementation  Tokenization of Resources: Leverage NI 43-101–certified gold resources as collateral to mint GBT on the Stellar blockchain.  Smart Contracts & MRV: Deploy Soroban smart contracts for minting, burning, staking, and on-chain Monitoring, Reporting, and Verification (MRV) of funded projects.  Treasury & Rewards: Channel minting fees and transaction revenues into a decentralized treasury; distribute ATN rewards to participants and allocate funds to vetted regenerative programs.  DAO Framework: Use ATN governance tokens for proposal submission, quorum-based voting, and dynamic parameter adjustments—ensuring community ownership and protocol resilience.",$32000.00,$32000.00,Latin America & Caribbean,Alternun,ALTERNUN,"https://communityfund.stellar.org/dashboard/submissions/recrYzhVM2zgQ76oy, https://communityfund.stellar.org/dashboard/submissions/recpL24MHuSfbcRMm",https://communityfund.stellar.org/dashboard/submissions/recrYzhVM2zgQ76oy,"SCF #37, SCF #27, SCF #30, SCF #40",SCF #27,"Partly, I do have a public Github",https://github.com/alternun-development,https://discord.gg/zqgQNxZx8a,https://x.com/Alternun_io,https://www.linkedin.com/company/alternun,https://alternun.io/,,"Jose Santiago Gomez – CEO and Co-Founder  
Jose Santiago provides strategic leadership at Alternun, guiding the company's mission to transform the gold mining sector through regenerative finance initiatives.​ Santiago is a product design engineer, has studies in economics and finance, was part of the first cohort of ReFi Talents from Frankfurt Blockchain center and has a Master in Blockchain from Esden in Madrid. Santiago used to own and run a gold, silver and platinum trading company in Colombia with operations in different municipalities and in direct contact with mine owners and operations. He ran the company alongside with other shareholders until february of 2022 when they decided to stop the operations since they believed they weren't adding value and decided to rethink the business. Alternun is the outcome of that process and leverages on the deep understanding of the mining industry that Santiago has.

https://www.linkedin.com/in/jos%C3%A9-santiago-g%C3%B3mez-piedrahita-921195133/

Edgar Martinez – Chief Science Officer  
With a long experience in mining for construction materials, Edgar used to be the sustainability director of Cementos Argos, one of the most important Colombian corporations that is actually listed in Colombian Stock Exchange. Edgar is a Sanitary Engineer with a master in Materials and holds a PhD in Sustainability, been a key member of the team to structure a reliable and trustworthy project for sustainability and regeneration.

https://www.linkedin.com/in/edgaralbertomart%C3%ADnezlondo%C3%B1o/

Edward Calderon – Chief Technology Officer  
Edward Calderón is a software and decentralized solutions architect with extensive experience in blockchain and emerging technologies. He has led initiatives in sectors such as regenerative finance, connectivity, energy, and decentralized markets, serving as founder, CEO, and blockchain architect. His expertise combines the design of distributed infrastructures, the implementation of cybersecurity strategies, and the development of technological platforms that foster financial inclusion, sustainability, and digital transformation.

https://www.linkedin.com/in/edwardca-dev/

Andres Botero – Mining Intelligence Director  
Andres is a geologist engineer with large experience in gold mining. He used to be part of the exploration team of Mineros SA, one of the largest mining companies in Colombia and has been consulting for several mining projects to develop for them the technical documentation that is required to acquire the licencing in the country. He has also worked as Super Manager of all the contractors that Mineros SA has in El bagre operations. Andres is an important member of the team, with the experience to recognize mining projects with the potential to become allies in Digital Gold Mining.

https://www.linkedin.com/in/andres-botero-08029180/

Juan Camilo Rendón Álvarez – Brand Manager  
Juan Camilo is responsible for shaping and promoting the Alternun brand, aligning marketing strategies with the company's core values and mission.​ He is a professional publicist and has been part of the identity development of some renown brands in Colombia.

https://www.linkedin.com/in/juan-camilo-rendon-alvarez-8a861331/

Carolina Ramírez – Marketing Specialist  
Carolina drives marketing initiatives that communicate Alternun's commitment to sustainability and innovation, engaging stakeholders effectively.

https://www.linkedin.com/in/carolina-ram%C3%ADrez-bedoya-84a61631/

​

Mauricio Osio - Community builder

Mauricio recently received a degree in communications and is the youngest member of the team. He will be in charge of the community growth and management.",,6bdf7f43 (https://v5.airtableusercontent.com/v3/u/50/50/1771855200000/HkwM_AxQO3-WHhLpw0npMQ/nKa8B9XlxUDD_i-mCS7kxP4YJCNBxuw5QWu9Pwx_4yqmQNfZG4lxG9G8kaOVICLMCMfSC0kbbxjngRs2G5qyqVy5_eAPwoA5ALh_jZtRHcM3qHmzeXAgtqrz3J-8SciDxBSSS1jW8z4LvQV2sKHItA/8omJftqCM1EtjRYqA9Y4ij7jQAz3uWDBodwu5nc8Ab0)
Clixpesa,Development,Applications,https://clixpesa.com/,Making money and crypto simple for everyone,$35050.00,$35050.00,,Clixpesa,Clixpesa,https://communityfund.stellar.org/dashboard/submissions/recVDX0W60gkrJKWP,https://communityfund.stellar.org/dashboard/submissions/recVDX0W60gkrJKWP,SCF #26,SCF #26,"Yes, fully open-source with Github",https://github.com/clixpesa,,,,,,,checked,519ec7406b43cef228d908b0e28c1df7.png (https://v5.airtableusercontent.com/v3/u/50/50/1771855200000/YtgsHI69Fpqlck1qYboSYA/b6HVxh0y1NoLbwjKJ1xxXAd2Nz8sdmp_2qxYR9SDU-PpLmqOCzUSK7nJ2p1XVDlloXJjZQ4BwX1jnO4FWeJ_VrsW6fDPhsR81bOWQogx8hbx3OEZvoCDtDaom1uOyKI40SBk7bjjw46lz2pBy3NhLNyTUDBt54BPoDwkz_SUGD_66JLlimaYDq0Vv7mK1MHq/pO0BioUNog2MVoVKzLWmveajQc4KGvNpeGZdv-x7_vE)
TrustedPlastic,Development,Applications,https://recyclable.credit,Enabling plastic waste collection through introducing transparency.,$49800.00,$49800.00,,TrustedPlastic,TrustedPlastic,https://communityfund.stellar.org/dashboard/submissions/recdFUWjyYR7VoqYC,https://communityfund.stellar.org/dashboard/submissions/recdFUWjyYR7VoqYC,"SCF #21, SCF #22",SCF #22,"Not yet, I don’t have a Github yet but my project will be open-source",,,,,,,,checked,Screen Shot 2024-01-25 at 2.21.13 PM.png (https://v5.airtableusercontent.com/v3/u/50/50/1771855200000/u-7wfPRogBc5tagYgK7DJA/u_hoi4piXs8zhRETCGLa9lODK-S9K9syBVFDnI_KrHSQhUOSgGnoLjQk_uW-UUTkscwKBIZLCpaA9nSvimEcIamBZyXlcRXvvJMdncuEh4o08SaSC6KpMeHeiSX_efA0RRieKQbUBzIPa59i39-bpxo-8pb5IlI37fW9-cXLmik/QftkRKF8ahTZ2DV9n0ep34LiBP79ZIeiXGqSqHXumcw)
P'aid Payrolling,Development,Applications,https://www.p-aid.world,Easy and affordable payroll with Blockchain abstracted away!,$50000.00,$50000.00,,P'aid Payrolling,P’aid Payrolling,https://communityfund.stellar.org/dashboard/submissions/rec85TDjqVvWzY6oR,https://communityfund.stellar.org/dashboard/submissions/rec85TDjqVvWzY6oR,SCF #26,SCF #26,"Yes, fully open-source with Github",https://github.com/orgs/Baseflow/repositories,,,,,,,checked,Screenshot 2024-05-14 at 12.30.18 PM.png (https://v5.airtableusercontent.com/v3/u/50/50/1771855200000/RgZ6dbGZegvvAKUsoZ34fQ/sZZrh8cVpOcAhuKqYPaOb5e2vsgED9952FOjusOSNsqx6UNFIvUvU4fvIckblsB-XXillGXLeg91TDBKaZ67Ro2FOdCq0conb3fD8el1HBJF-3KN2NaQ7NXJUNgzPg98fijXuj5d2aT3J7xPJhhyep88MdT4Fg4Lhjg0n5frhxNASRiAKQiCKZQ0aGTtg4uk/r05R2p9Cshcb00Utimk3gDHDgfrq_s8mWemPNWRmNVo)
Lumen Loop,Development,Applications,https://www.lumenloop.com,"Lumen Loop aggregates the latest news, projects and events from the Stellar ecosystem into one central hub.",$142720.00,$67120.00,North America (without Mexico),"Lumen Loop,Lumen Loop","Lumen Loop, Lumen Loop Launch",https://communityfund.stellar.org/dashboard/submissions/recIejuRkvbm4kZSv,https://communityfund.stellar.org/dashboard/submissions/recIejuRkvbm4kZSv,"SCF #26, SCF #35","SCF #26, SCF #35","Partly, I do have a public Github",https://github.com/lumenloop,,https://x.com/lumenloop,https://linkedin.com/company/lumenloop,https://www.lumenloop.com,,"Raphael Fortin

Teacher and Web Developer

Raphael Fortin is a Stellar enthusiast and seasoned Computer Science teacher at Edmonton Catholic Schools, with a strong background in web development, network operations, and a proven track record as the owner of WHYEG Designs and as an mod, poster, and content creator in the Stellar ecosystem.

Twitter: @rawritude 

LinkedIn: www.linkedin.com/in/raphael-fortin-305bb688 

Discord: ra.ph  
Reddit: raphlf

Jayrome

Web Developer

Jayrome has been a respected member of the Stellar community since 2017 and a web developer for over 20 years. Jayrome specializes in providing elegant solutions to complex problems and is known for having a keen eye for the details.

Twitter: https://twitter.com/iamjayrome

Discord: jay.rome

Reddit: 4bidden450",checked,4524e8f7 (https://v5.airtableusercontent.com/v3/u/50/50/1771855200000/HTVb8rbq7TscCOTCSq-jMQ/1W4QUo-GuBkbsocLcwdKrKFvyj9zWJO28FJtkZ1AYHv5AK34wvroHgH1ecpErCb7B6pgHAz6-QWhBHnu_slSXK_68M7m7LzvRsLJW9yAgLeCun07dgs4ARqHoXRHiRkNWqIn2r0ksuDkqH8uwfxJIA/LUf-E66KzZmKU3phzHy2_dcVAm525kY8mkzOcEGFRaE)
Spydra-Low code RWA Tokenization engine,Development,Applications,https://www.spydra.app,Spydra is a low code Tokenization platform to tokenize Real world assets for Asset Owners/Issuers without writing a single line of code,$132000.00,$88000.00,"South Asia,Middle East & North Africa",Spydra-Low code RWA Tokenization engine,Spydra-RWA Tokenization on Stellar,"https://communityfund.stellar.org/dashboard/submissions/recxTlabf4Pcz4xNT, https://communityfund.stellar.org/dashboard/submissions/recFPqlkdvLeOs6WU",https://communityfund.stellar.org/dashboard/submissions/recFPqlkdvLeOs6WU,"SCF #30, SCF #31",SCF #31,"Yes, fully open-source with Github",https://github.com/spydra-tech/erc3643,https://discord.com/invite/sNEqjP2KBs,https://x.com/spydra_io,https://www.linkedin.com/company/spydra,https://docs.google.com/document/d/1Hr2CAGC-pjICefbnMQ_jRmpasmG23e9CEo4B2rv9Cro/edit?usp=sharing,,"Manish Tewari CEO, Co Founder

-   Manish Tewari is a 2005 graduate of IIT Varanasi, Top 10 College in India
    
-   He started his first startup Koovs.com, an ecommerce fashion platform in 2009. Koovs raised 20M USD in 2011 and it was the first Indian Ecommerce company to be listed in UK stock exchange in 2013 at a valuation of 100M USD.
    
-   He exited Koovs in 2014 and started a company called Pokkt.com, mobile adtech company. The company raised 7M USD of funding from marquee investors like Jafco Asia, Singtel. Pokkt was acquired by Any Mind Inc in 2019
    
-   Founded PiggyRide, an Edtech platform in 2019, raised 3 Million USD and scaled the business to 15+ countries.
    
-   17+ years of experience in Technology including BigData, Machine learning, Blockchain
    

  

Ashwath Govindan, CTO, Co Founder

-   Ashwath Govindan is a 2005 graduate of IIT Varanasi, Top 10 College in India
    
-   He has over 17+ years of experience in Security, Identity and Blockchain
    
-   He worked with Microsoft for over 15 years. He built large scale security and identity management solutions for various prominent organizations around the globe.
    
-   Since the advent of blockchain technologies, he has been focused on expanding its usage to the enterprise space and has worked with various government and private organizations in setting up decentralized network and solutions.
    

We have 15 members in our team. Here are the details below Expertise

-   Private Blockchain Developers: Skilled in writing Chaincode for Hyperledger Fabric
    
-   Smart Contract Developers: Proficient in writing smart contracts in solidity and rust
    
-   Product Manager: Oversee product development from conception to launch, ensuring that solutions are user-centric, market-ready, and deliver maximum value to clients.
    
-   Full Stack Developers: Experienced in Golang, Java, React for both Backend and Front End Development
    
-   Business Development Managers: Focused on strategic partnerships and market expansion.
    
-   Devops: Expert in tools like Kubernetes, Kafka & experience in handling,scaling & monitoring Devops for Blockchain Infrastructure systems. Projects
    
-   Worked on India's CBDC stack with NPCI
    
-   Created an Blockchain system to track counterfeit for Raymonds, India's largest textile manufacturer
    
-   Integrated Blockchain into Myntra.com, India's bigger fashion Ecommerce platform, for providing traceability for their Sustainable Fashion range
    
-   Working with Dygnify, a Fintech Startup, to issue Green Bonds
    
-   Tokenized Milk as an asset on chain to provide traceability for Maahi brand based out of India
    
-   Worked with Bajaj finserv, India's largest lending company to tokenize insurance products on chain",checked,0ed57263 (https://v5.airtableusercontent.com/v3/u/50/50/1771855200000/x46Ja3eQqMKKbN7RFRrbdQ/aoa9V7p6oy1IYhyn-UBZyXcqAOOHUCUCeyr5efI-UP5mT0rp4cqtRwuJDKdF92xWwEtm-vZq7sa7iCyDvynewRgDgiFJwRcJ5IWc-ofuolLm8kArIyJAJWlt9QTBanMZQUOl-KN3addOId_Ga4n02Q/-oSWrLHn4D4CDir-XA3_JrLf6G1T5A8elLKx-YYeY_M)
Metafyed,Development,Applications,https://www.metafyed.com/,Revolutionizing access to Real World Assets in Asia through tokenization,$50000.00,$50000.00,,Metafyed,Metafyed - RWA marketplace,https://communityfund.stellar.org/dashboard/submissions/rec0OaOoRwjfSdS58,https://communityfund.stellar.org/dashboard/submissions/rec0OaOoRwjfSdS58,SCF #27,SCF #27,"Partly, I do have a public Github",https://github.com/nasdex-marketplace/MD-stellar_wallet_service.git,,,,,,,checked,1080 (https://v5.airtableusercontent.com/v3/u/50/50/1771855200000/qd5Lj6akB77VsxTEm9F4eQ/EAh0csLXb7eGszaK7-Qd_4Ib8gKfdo3q84Phj4G9JLaQAe1deGQI2gFvbSaxnbWYp1GcWV1EPDoxFGZkExWLpQ-N3xeySCAQR1M_EZwSRoqyeWv9-eQ4dDp44ra5bfR78T5DaBRM0L4z5jUaesIO5Q/J1CUJ7kzJmpoBhWwcL7Bmjk3_T2igIe2bak3s1tO1DY)
Pakana.Net,Development,Applications,https://pakana.net/,"Pakana: A blockchain-driven platform for payment and document processing using the Stellar Network and our proprietary lockb0x storage protocol. Built with our open-source SCF Awarded Projects, the Stellar Razor and Blazor Components and the Stellar Identity Framework. Pakana aims to automate and secure regulated payment and escrow transactions. ",$45200.00,$45200.00,No specific region of operation,Pakana.Net,Pakana.net Activation,https://communityfund.stellar.org/dashboard/submissions/recR32JiVTfXBDnke,https://communityfund.stellar.org/dashboard/submissions/recR32JiVTfXBDnke,"SCF #21, SCF #35",SCF #21,"No, my project does not need to be open-source, now or in the future",https://github.com/lockb0x-llc,,,https://linkedin.com/in/pakana,https://pakana.net,,"Steven Tomlinson is the founder and architect for Pakana. He brings more than 30 years of software development and entrepreneurial expertise to the team.

Josh Kassabian is co-founder and brings extensive experience in blockchain, UI/UX, and marketing expertise to the team.

Alisa Steinhauer Esq., has more than 20 years experience practicing law in civil and commercial litigation. Although, not a technical contributor, her advice, insight, and assistance with regulatory matters is very important to the success and adoption of the project.",checked,abb186c0 (https://v5.airtableusercontent.com/v3/u/50/50/1771855200000/jXRoVyZDW99q5WzsyrifbA/6jfvAziVPzK8MEom3QeSSWyDwbXPpzk9aX9KdR6ozAVK-tOTd0drbuxu4kgrklhqg8JAmNTuF-_p4nypOZz5FbDYWtAg3n_GuNrH2FS_BXcpM6ZMTzA-2gcR34x1H2YY3PPehSoPj9HsZcY0ZEHuCA/E9C6puAzX3WDfV6OUyrP6EB4pHydPw7TDFghdXLLFCc)
Paystreme,Development,Applications,https://www.walletguru.com/,A payment streaming platform that enables customers to pay in real time for services.,$50000.00,$50000.00,North America (without Mexico),Paystreme,Paystreme,https://communityfund.stellar.org/dashboard/submissions/recHSkknw3I5dlCDK,https://communityfund.stellar.org/dashboard/submissions/recHSkknw3I5dlCDK,SCF #11,SCF #11,"Partly, I do have a public Github",https://github.com/WalletGuruLLC/wg-docs,,https://x.com/WalletGuruLLC,https://www.linkedin.com/company/walletguru/,https://www.walletguru.com/analytics,,"Wallet Guru’s team is a powerhouse of innovation and expertise, bringing together leaders from diverse industries to redefine digital payments. Emilio Rubio, former CEO of HBO Latin America, brings decades of leadership in media and market expansion. Fernando Almiñana, a fintech strategist, combines deep expertise in blockchain, telecommunications, and financial consulting. Emiliana Rubio, an experienced marketing leader, drives sustainability-focused brand strategies. Catalina Rey, a seasoned attorney and compliance officer, ensures regulatory excellence. Joining the team is Emilio Otermin, a veteran technology leader with over 30 years in media and entertainment. As former SVP of Technology and Operations at HBO Latin America, Emilio managed transformative projects, including post-merger integrations and the deployment of advanced OTT and Pay-TV technologies across multiple regions. Together, this dynamic team is shaping the future of financial inclusion and real-time payments through groundbreaking solutions like Paystreme.",,a693e587 (https://v5.airtableusercontent.com/v3/u/50/50/1771855200000/FlSh1HCYbqkJ72MT5AD0kA/x-ZgAWarFQ-1aZsnAZVQh4hCOjDaLowqLALLazW6XGgRfPq_e9xfL3Zs3xWIoVzNjo9n4LB5etmev45xXwWolT-74U2XB5zYesCAp5u9JdIf9rhoOlfEpoBpGcn28Fiawcng3Cl45MlLNCYoqzlUEA/IX8RXphLWIYbPVQI2Bw1GFrWJnO0GMcTPkvVKXW-vng)
A real estate tokenization platform,Development,Applications,https://www.verseprop.com,"Verseprop is a commercial real estate tokenization platform, headquartered in London.  It is operational, regulated and revenue producing, having launched in September 2024. It makes real estate debt and equity accessible; faster, more efficiently, and more transparently than traditional Companies.",$112020.00,$74680.00,"Europe & Central Asia,Middle East & North Africa",A real estate tokenization platform,A real estate tokenization platform,"https://communityfund.stellar.org/dashboard/submissions/recaJJifurBe3bqmI, https://communityfund.stellar.org/dashboard/submissions/recXjdDQL2sk7HNKx",https://communityfund.stellar.org/dashboard/submissions/recXjdDQL2sk7HNKx,"SCF #31, SCF #32, SCF #33",SCF #33,"Partly, I do have a public Github",https://github.com/The-Brookes-Project/soroban-sc/tree/main/contracts/token/src,,https://www.x.com/verseprop,https://www.linkedin.com/company/verseprop,https://nexus.mavryk.org/contract/KT1CUKh4VGXuT1vJqgebNwFJZ3CmBRBb2Hm3,,"Verseprop has a highly experienced operational team that was backed at Seed stage by some of the UK’s most respected real estate investors.

Its Founder, Joel Coren, has decades of global real estate experience, leading successful teams in Europe and North America for two of the largest real estate advisory businesses globally; CBRE and Savills PLC, where he also sat on the Executive Board.

Joel Coren | LinkedIn

  
Our CTO, Tugii Baigalmaa, is a blockchain expert and holds a Masters degree in Computer Science from Georgia Tech University. He has built software solutions for both government projects and commercial businesses. He specialises in producing high-quality code for smart contracts and system protocols. He has a reputation for driving high standards of implementation for both the front and backend infrastructure.

Tuguldur B. | LinkedIn

Our Head of Partnerships is a 30 year banking veteran who has worked across TradFi and the digital asset sector and is responsible for partnerships.

Robert Andersen | LinkedIn  
  
Our COO has over 20 years experience in the asset management industry. He specialises in investment strategy and product design for sophisticated investors, covering both traditional and alternative asset classes, across multiple jurisdictions. He is also FCA regulated. He is currently on Gardening Leave and will be joining the Company in February.",checked,8af142dd (https://v5.airtableusercontent.com/v3/u/50/50/1771855200000/6vdh8tkm8gw5wKYXv3TXsw/wvHpQp06CHJUCxdG-Yrwk29bx4hz2m3YsYhkWrNRhKDsUECusDsw-sKYlv-xcSy52uNFHq54N98ccC31P7Rop0lSTyG6me90OjTheuaAZeCpeMoTW6UQ4jhj6GPN6jLyBWB7WlLAZscroJ0KF6cZEg/YfOZ1ORKPzoUOqSAJJ8CQ67CuReInHkz6PgzuXaNdJg)
Tauvlo,Development,Applications,https://www.tauvlo.com,Tauvlo is a tokenized real estate investment marketplace that makes investing in real estate accessible for everyone.,$145000.00,$145000.00,,"Tauvlo,Tauvlo","Tauvlo, tauvlo - tokenized real estate","https://communityfund.stellar.org/dashboard/submissions/recfgOVFwu6cukrrT, https://communityfund.stellar.org/dashboard/submissions/rece6tiLTFxaIp9T8","https://communityfund.stellar.org/dashboard/submissions/recfgOVFwu6cukrrT, https://communityfund.stellar.org/dashboard/submissions/rece6tiLTFxaIp9T8","SCF #23, SCF #26","SCF #23, SCF #26","Partly, I do have a public Github",https://github.com/tauvlo,,,,,,,,146187495_padded_logo.png (https://v5.airtableusercontent.com/v3/u/50/50/1771855200000/dJBK8Q9dvdDnEyiyW1DSEQ/5Ni2WeZpSX8yVVJmjwZMInErvrjInFw2O6VA5Apuw_5sAOjsurOAn5YHGMw8IBPtiax8wjfeH_ZLFteAmrjwTqDvQDA-45vUbN6uNeiDggXa1lQoMCjxdSzSfnU9JAPYNfxZYAp7FjcUMfRY-P_a39CnzyccV55vV8XDnB-_qok/cuDUk8gl0Do1cQbcpWV5Gyhyk22EcXYqWGxLcJp8fas)
GiveCredit,Development,Applications,https://givecredits.cfce.io/,Offset carbon emissions with tax-deductible XLM donations- automated by Soroban.,$97000.00,$97000.00,"Latin America & Caribbean,Sub-Saharan Africa,North America (without Mexico)","GiveCredit,GiveCredit",GiveCredit,"https://communityfund.stellar.org/dashboard/submissions/recal7H9VYGzL17M0, https://communityfund.stellar.org/dashboard/submissions/recjpO5HRcHKL3QhH","https://communityfund.stellar.org/dashboard/submissions/recal7H9VYGzL17M0, https://communityfund.stellar.org/dashboard/submissions/recjpO5HRcHKL3QhH","SCF #22, SCF #28","SCF #22, SCF #28","Yes, fully open-source with Github",https://github.com/aolieman/cfce-monorepo,,https://x.com/c4collabecon,,https://us.posthog.com/login?next=/,,"Evan Hudson, founder: Background in community organizing, nonprofit administration and fundraising, passionate about Web3's potential to support nonprofits and impact funding. Strong believer in regenerative systems and infinite games.  
  
Julian Kingman, CTO: Full-stack engineer and ReactNative app developer with decade+ experience including project management and team leadership in healthtech  
  
George Nava, backend engineer aka KuyawaKata: Web1 veteran with multiple decades of experience in corporate IT, specialized in database architecture and administration, transitioned to blockchain in 2017, early Stellar hackathon winner  
  
Lawal Babatunde, smart contract dev and designer, community advocate: ConsenSYS smart contract-certified, Rust specialist, Stellar West African community advocate",checked,scfphotogivecredit.png (https://v5.airtableusercontent.com/v3/u/50/50/1771855200000/_KffGmIuGj1J00ayHmbUmA/ZBimv2sF7it-DENYbhZsz4XcmnYEJL4Ug-V--3x55FznpP3aDn29a8chzPiLFRNaVJPgPMB2Z2-tsOSjCy_I8QMDuoykHxkNvLpXzURm72SvXb_lB2GdWHFP3C_ibX-O9-6U_ujAJ66f8Gf-vkP1XQ/BN1BraDATmhOnrYHyq3o0lmfApIp7XPYWWO3Hocw8UA)
Gladius,Development,Applications,https://gladiusclub.com/,"Gladius gamifies education, connecting parents, sports clubs, and students with NFT prizes and rewards",$45000.00,$45000.00,Europe & Central Asia,Gladius,"Gladius: play, learn, earn",https://communityfund.stellar.org/dashboard/submissions/recfsyLeAtOamI3vm,https://communityfund.stellar.org/dashboard/submissions/recfsyLeAtOamI3vm,SCF #23,SCF #23,"Yes, fully open-source with Github",https://github.com/gladiusclub,,,,https://github.com/GladiusClub/gladius-contracts/blob/main/scf-23.md,,"The Core team comprises two full-time experts, Alexey and David, who have collaborated for five years and have an even longer history of acquaintance. Together with their team and partner organisations, they have successfully developed numerous data-driven products. Their most recent project involves co-developing an analytical crowd movements product for Telia Company, the largest telecom company in the Nordics and Baltics (https://business.teliacompany.com/crowd-insights). The Core team will receive support from blockchain experts at PaltaLabs (Esteban and his team).

The team has successfully developed a Proof of Concept (PoC) for the Gladius product, onboarded an initial pilot customer, and engaged several top testers who are currently experiencing an early-stage prototype of the product. Collectively, they are progressing towards the development of the Minimum Viable Product (MVP) to address genuine customer needs.",checked,teaser1.png (https://v5.airtableusercontent.com/v3/u/50/50/1771855200000/Su2Eu-1qwePuN3RkxcOnGA/Eqbeb6wuhoYnQVGafVpesL2Z3NnSi0JPAi5y11LT3yvAkQABJ-Lb76ArykUjOxjlvUteU_KCfLUwLYnorqRTgp_fMuAiCEPBmZf4AQ5tfgYM_aipD0DdWOUv9DsQujAgUlU1E1Jhr5fNJ8E6SN4djw/im-gGGX67abiewZce1UgApZLUn5HPpHTqF_HiOVXzvo)
Kulipa Debit Card,Development,Applications,https://www.kulipa.xyz/,"A card that enables payments in stablecoin where Visa and Mastercard are accepted, with settlement on Stellar.",$150000.00,$100000.00,"Europe & Central Asia,Latin America & Caribbean",Kulipa Debit Card,Kulipa Debit Card for Stellar,https://communityfund.stellar.org/dashboard/submissions/recon7Vnw25iu3Faw,https://communityfund.stellar.org/dashboard/submissions/recon7Vnw25iu3Faw,SCF #31,SCF #31,"No, my project does not need to be open-source, now or in the future",,,http://www.X.com/kulipaxyz,,https://www.kulipa.xyz/,,"3 co-founders: Axel Cateland (ex-Mastercard executive), Michael Shynar (ex-Google, ex-Meta Principal engineer) and Karl Vaillant (fintech senior engineer). Also on the team, Benoit Roger (ex-Binance Head of Compliance Europe), Diego Sanchez (ex-Bain, ex-Bitso, ex-Mercado Libre)",,y4ywewyqm1r47zxuxnms.png (https://v5.airtableusercontent.com/v3/u/50/50/1771855200000/lXreTB8WNFutH-uSVFNKOA/TNnuzJ1rZczn59Yu120cita-Logj2Pd08uDi_JYAJolslhL37hjcgvD4RqMRiS9apZeZVYcclJVfZnGkLqNVYNDWcVzD_3ksKy8zOPMT3reBoFM_7Beh8g6tEGrKlLXyBUkRVfX05l4961Hlql93HA/14_gglVujVv0-fYPr6wtftjs4QfsZM4KWJKEkIExGYo)
Scalps,Development,Applications,https://scalps.co,"Scalps is a social payments network offering merchant discovery, payments, social interactions, and an on-chain loyalty system.",$30600.00,$30600.00,,Scalps,Scalps,https://communityfund.stellar.org/dashboard/submissions/recFle2Dv0grIDayf,https://communityfund.stellar.org/dashboard/submissions/recFle2Dv0grIDayf,SCF #18,SCF #18,"Not yet, I don’t have a Github yet but my project will be open-source",https://github.com/imobi/scalps-core-api,https://discord.gg/zEpshZbR,https://twitter.com/ScalpsFinance,https://www.linkedin.com/company/scalps/?viewAsMember=true,,,,checked,2.png (https://v5.airtableusercontent.com/v3/u/50/50/1771855200000/wkOqxyBoLv3W1j3CDNJa0w/kQaHGHyszDYOwfnA9BbXqlF2DmLaGms15AvmRWZYdhH4MVVUirpeSjY-LEcFDnE-LsBHHwDdzu-MAnTUTcKuDcN3ZZmADU0-Q1Xyn6VDB7ZLePHPC7W7EiMZ0Xz9G41FnvpgmZu2Ca5QAafDadyttA/EyEXSkvlHJsSQLfM4aSD78lMDHg5M4T4WqiWcCtUPvE)
Soroban Optimistic Oracle  (SOO) ,Development,Applications,https://github.com/stackman27/soroban-opt-oracle," SOO is a decentralized arbitration system for resolving on-chain disputes. It serves as an oracle for projects like prediction markets, insurance protocols, derivatives, and cross-chain bridges, providing data ranging from cryptocurrency prices to sports and political events.",$30000.00,$40000.00,North America (without Mexico),Soroban Optimistic Oracle  (SOO) ,Soroban Optimsitic Oracle ,https://communityfund.stellar.org/dashboard/submissions/recP2KIZz7r2yBrkG,https://communityfund.stellar.org/dashboard/submissions/recP2KIZz7r2yBrkG,SCF #33,SCF #33,"Yes, fully open-source with Github","https://github.com/stackman27/SOO (private repo, can share if needed) ",,,,https://github.com/stackman27/soroban-opt-oracle,,Team is composed of 2 individuals. I am currently a Blockchain engineer at Chainlink labs designing + implementing oracle systems in different blockchain ecosystem. I have been active in crypto for the past 5 years where i've previously worked on building Concentrated liquidity AMM at Osmosis Labs.,checked,lvxotxw0alxxcrj5xbez.png (https://v5.airtableusercontent.com/v3/u/50/50/1771855200000/EB3oDAeSxHRntGZtiawUiw/xk2X4Z2fZPaYMd8F8k6UTnq88FutuW_9u_LvRg2O2r1V_GkqZ6CLD2-gK1ahREpWDo_EFrxX1p1itO0MsTtIuCYYEMUQH5hWrJP-6Or-_Uh7OX5srGs5WbrqCcLmG4rB1p5s4sDW_atiBqYqLFNTww/yemeBFTUE51fL87R67UB4usXwKIkgCEs4JCifD3e2Ow)
The Give Hub,Development,Applications,https://thegivehub.com,A crowdfunding and microloan platform for social causes focusing on remote regions of Latin America and Africa,$45000.00,$30000.00,"North America (without Mexico),Latin America & Caribbean,Middle East & North Africa,Sub-Saharan Africa",The Give Hub,Community Crowdfunding & Microloans,https://communityfund.stellar.org/dashboard/submissions/recrpQc2euTFMrS72,https://communityfund.stellar.org/dashboard/submissions/recrpQc2euTFMrS72,"SCF #32, SCF #33",SCF #33,"Yes, fully open-source with Github",https://github.com/thegivehub/,https://discord.gg/tJREDeHV,https://x.com/therealgivehub,https://www.linkedin.com/company/thegivehub,https://thegivehub.com/site/stats.html,,"The Give Hub is led by a team of seasoned professionals with extensive experience in software development, project management, and social impact initiatives.

Kevin Ready brings over two decades of expertise as a Senior Software Engineer and Full Stack Developer. His proficiency in React, TypeScript, JavaScript, and various backend technologies has been instrumental in developing scalable and user-friendly platforms. Kevin’s commitment to user experience and accessibility ensures that The Give Hub is both intuitive and inclusive.

Christopher Robison is a talented software engineer with management experience, having worked in the tech industry since 1996. His diverse background includes roles at ISPs, software companies, marketing firms, online securities trading organizations, and a biotech pet cloning company. Christopher has thrived in both startups and large companies, managing teams of over 20 people while remaining hands-on with coding. His passion for bridging the digital and real worlds, exemplified by designing and building various styles of 3D printers and a 3D scanner using spare video game parts, brings a unique perspective to The Give Hub’s development.

Together, this team combines technical proficiency with a deep understanding of the unique challenges faced by remote communities in Latin America and Africa. Their collective experience and dedication position The Give Hub to effectively deliver crowdfunding and microloan solutions that drive meaningful social impact.",checked,8080651c (https://v5.airtableusercontent.com/v3/u/50/50/1771855200000/F5wF_e_jBoDTJ1Xznm3czQ/G3kTzn6VY771wV1WEaGnqXsvplljWHMq5_8RKkEFHjx1tRQHuC7nJuNBK5SKl8mlRaW3qsrUPLHWNZ9dy9kwliBRF3HhwJI4ucczi9LR7pyo9rK3vF8d1eaV4y8NnhXr3lZL2nzuDYvDaPO-e0LjwA/UjrmGrkR-fgwBzQ9xRTztA3PlKRDt0HqUV5hCFm0XlY)
Coala Pay Billy Wallet,Development,Applications,https://coalapay.org/,"Stellar is utilizing a unique payments platform to conduct group cash transfers and offramps using stable coins. This use case functions well where internet phone connectivity exists, and offramp providers are utilizing the Stellar ecosystem. In locations where offramp providers are scarce, and online connectivity challenged, Coala Pay will adapt the use of its Billy Wallet to facilitate last mile payments. In this instance, Billy will be brought onto mainnet to be compatible with Aid Assist, as an Aid Assist host. Coala Pay will utilize a QR code reconciliation system and vendor network to facilitate the last mile payments to Stellar Aid Assist transactions.",$60000.00,$40000.00,"Latin America & Caribbean,East Asia & Pacific,Middle East & North Africa,Sub-Saharan Africa",Coala Pay Billy Wallet,Billy Wallet for Aid Assist,,,SCF #35,SCF #35,"No, my project does not need to be open-source, now or in the future",,,,,https://github.com/chanmratekoko/billy-android,,"Coala Pay has been designed by aid workers looking to solve challenges they faced in delivering programs around the world. Our team members -17 of us- have worked in some of the world’s most challenging responses, from Afghanistan to, Darfur, to Myanmar, and have decades of experience in cash distribution, program design, impact evaluation, due diligence, and program management.",checked,1143da4a (https://v5.airtableusercontent.com/v3/u/50/50/1771855200000/UYD0b6XoToCjgFyLgRjHZw/m-OBfutgikxqIpAs9b5KnvtGoBbxqjWmYYqROsIcgjGxZ0snB6EtbxWQzGecRcK6Wm8Vqr_4josTWU-U6L0mDa4380-kD6HiNx-hsYehVgxaMaTy2QeDHyHxgNSJzIOqNibfdRhnYtdfucZi-yR1dA/_4ZJrM4gKhMAR26eMvMCwyvuMr3EwZzpnfCaLWp-TKI)
SwiftEx,Development,Applications,https://swiftexchange.io/,"SwiftEx is a multi-chain DEX powered by Stellar, offering low fees, fast settlement, and a seamless CEX-like experience with full user control.",$65000.00,$43333.33,"Middle East & North Africa,Europe & Central Asia,North America (without Mexico)",SwiftEx,Powering Stellar Liquidity,,,"SCF #33, SCF #34 , SCF #35",SCF #35,"Partly, I do have a public Github",https://github.com/hunnykumar/SwiftEx,,https://x.com/SwiftExwallet/,https://www.linkedin.com/company/swiftex-wallet/,https://drive.google.com/file/d/1B9AvBqAYFcsEyKjwCXMIEXc15OpRlVvE/view?usp=sharing,,"Our SwiftEx team is a diverse group of experienced professionals with strong backgrounds in Blockchain technology, UI/UX, software development, Management, and quality assurance.

  

-Rohan Sethi (Co-Founder & CEO): Managing Director at Katchin Tech (https://katchintech.com/) and blockchain enthusiast with over 10 years of experience in blockchain solutions, custom software development, and strategic growth. Rohan has led and delivered multiple successful projects internationally, focusing on building secure, scalable platforms. His expertise spans project management, product innovation, and driving organizational success in emerging technologies.

LinkedIn: https://www.linkedin.com/in/rohan-sethi-blockchain

Discord: sethi.rohan01  

-Manish Rai (Co-Founder): A highly experienced Software Architect with over a decade of expertise in blockchain technologies, including Stellar, EVM-compatible chains, private blockchain networks, and cloud infrastructure. Manish has designed and deployed innovative blockchain solutions for global clients, integrating advanced features like cross-chain interoperability and secure smart contracts. His deep technical acumen ensures scalable and efficient platforms for diverse use cases.

LinkedIn: https://www.linkedin.com/in/manish-rai-73812b82

-Ram Sharma (Senior Application Developer): A skilled full-stack developer with extensive experience in backend development and AWS services, ensuring the creation of secure, efficient, and scalable applications. Ram specializes in building robust backend systems and integrating cloud-based solutions to enhance performance and reliability.

LinkedIn: https://www.linkedin.com/in/ram-sharma-3590289b/  

-Hunny (Application Developer): An adept application developer with expertise in React Native, Android, iOS, and backend systems. Hunny focuses on creating cross-platform applications with a seamless user experience, incorporating secure blockchain integrations. With experience in decentralized systems and smart contract functionality, Hunny ensures SwiftEx delivers reliability and efficiency across platforms.

LinkedIn: https://www.linkedin.com/in/hunny-009971211

-Isha Chaudhary (QA Automation Engineer): A blockchain-focused QA engineer with a strong command of functional testing, regression testing, and automation tools like TestNG and Appium for mobile testing. Isha excels in identifying vulnerabilities and ensuring robust application performance across devices. Her expertise lies in creating detailed test strategies to guarantee the delivery of secure and high-quality blockchain solutions.

LinkedIn: https://www.linkedin.com/in/isha-chaudhary-51b9a4196

  
-Karan Singh ( UI/UX Designer): A versatile UI/UX Designer with extensive experience in user research, wireframing, prototyping, and usability testing. Karan has a proven track record of designing intuitive and user-friendly interfaces for blockchain applications. By combining creativity with technical insight, he ensures that designs align with user needs and project goals, enhancing engagement and usability.

LinkedIn: [https://www.linkedin.com/in/karan-singh-442463248  
](https://www.linkedin.com/in/karan-singh-442463248￼￼)

Our team’s combined expertise in blockchain development, custom software solutions, and application development makes us the ideal group to deliver an innovative and secure platform like SwiftEx.",,0dc6920d (https://v5.airtableusercontent.com/v3/u/50/50/1771855200000/g7bNGOjFGhEVD4gMv0cieQ/EQEoLSn_rlF-WR8_HyiZa-P8zNl4e4Zhs2ql2dpTzNu0qBMNkdvkDNcxTjbjT3G9M4jnghN5uvzozG6JW43pvzdXTXqm5q5C6yMf7V95hYgW-GO6gLXRFFtImqFQS6EihRyGKqRsPb9CrPOea61qpQ/D3y2d53SLiKNkqep5nvVGq4fNx48qTnvAF8oJoyxmi0)
Axal,Development,Applications,https://www.ax.al/,"Axal hopes to progressively expand into the Stellar ecosystem, starting off with Autopilot support for Stellar (close collab with Stellar and the Privy team), progressing to custom Stellar-ecosystem themed indices, and ultimately seamless onboarding for folks via Stellar to future agent-powered products. Would also love to chat about autonomous PayFi, a potential MoneyGram on-ramping to Autopilot integration, and more longer term efforts.",$60800.00,$25266.67,North America (without Mexico),Axal,"Kickstart Autopilot Integration, Stellar x Autopilot integration",,,"SCF Kickstart #10, SCF #35","SCF Kickstart #10, SCF #35","Yes, fully open-source with Github",https://github.com/getaxal/verified-signer,,https://x.com/getaxal,https://www.linkedin.com/company/getaxal,https://www.ax.al/,,"Team includes Harvard alums, former AWS and SIG, Yann LeCun-trained devs, a YouTuber who interviewed John McAfee (1M+ views).",,vorz3iis5palbeqhxqks.jpg (https://v5.airtableusercontent.com/v3/u/50/50/1771855200000/Z8XZXxaTrI7IrcW7Eds6Aw/SndMF4Zm0FvxU4Ukg0CxC65jkee7w_jCTO3DvzOkIlqbIlIB-NkjdOF_DGeE22S2cSjj4XOUnkgrN0pCuXyungayrbDPHtfGhC5YxMpXNXfkqAH9xB-3M11XHjsCpoHi1szjimNa2emBDmgIBds8eg/NaUjakUrJHjK9IpQRS7Z88RH0qitHlRCLCADkVKNCo0)
KindFi,Development,Applications,https://kindfi.org/,"A crowdfunding platform born in Central America that connects donors with real-world causes, leveraging the best of blockchain technology to ensure transparency, security, promote the adoption of the Stellar ecosystem, and improve the lives of people across Latin America who are in great need of support",$79998.00,$53332.00,Latin America & Caribbean,KindFi,Social Impact Crowdfunding,,,"SCF #33, SCF #35",SCF #35,"Yes, fully open-source with Github",https://github.com/kindfi-org/kindfi,,https://x.com/KindFi_W3,https://www.linkedin.com/company/kindfi/,https://analytics.google.com/analytics/web/?authuser=1#/p471730200/realtime/overview?params=_u..nav%3Dmaui,,"The KindFi team was born in Central America from a shared passion for using stellar blockchain to address inefficiencies in traditional crowdfunding in LATAM.  

-   Carolina Fernández Saborío:  
    A graduate of the University of Costa Rica (UCR) with an honors degree in Development Management and Public Administration, Carolina is an expert in Social Innovation, Entrepreneurship, and Public Administration. She brings extensive experience as a mentor and manager of various social entrepreneurship initiatives across LATAM, where she has also led strategic partnerships to maximize the impact of social projects.
    
-   Roberto Romero Lucas (Andler):  
    A Software Engineering graduate from Nicaragua, living in Costa Rica, Central America, and co-founder of bitcash.org and open source project masterbots.ai, Roberto is a senior full-stack and blockchain developer with a passion for technology. He has vast experience leading teams, building products, and improving blockchain adoption processes. Considered one of Costa Rica’s most prominent developers in the open-source, blockchain, and AI space, Andler began his blockchain journey in the EOS ecosystem and is now fully focused on Stellar.
    
-   Brandon Fernández Fernández:
    
    Originally graduating in telecommunications and graphic design, Brandon later specialized in software development at CENFOTEC University. Constantly immersed in technology, he has explored multiple areas where innovation is essential. He holds certifications in team management and has over eight years of experience leading and actively contributing to development teams. Additionally, he has worked on numerous freelance projects and is now fully committed to the open-source path. His focus today is on integrating Web3 and AI-driven technologies to build scalable applications that support real-world causes. To deepen his impact at KindFi beyond the technical realm, Brandon has also begun studying psychology at Universidad Fidélitas, aiming to bring a more human-centered approach to the platform’s development and community engagement",checked,9bb049e3 (https://v5.airtableusercontent.com/v3/u/50/50/1771855200000/n3Wke_nMBNMiPfgbNPznuA/4SB5sAErrMiSuW7xZMGi5j-NLSsdAIy-pnvALWvzMplRzwTgULjQC_9rCNSegu8MN45o4nrrhaW-OXVfQ9PGoHG6Xc6h82b1ud0ZTWl78C2447NxhHogAUKGyZFQgYhyKFd8ebJdr54uE-xUJ3YJpQ/SLZMi-Mck0T5ic4RPuCBrC19H1cv_R1XUUKnbumTyHw)
Comunitaria,Development,Applications,https://comunitaria.com/,"Comunitaria empowers governments and large NGOs, including Caritas, with a scalable tool to rapidly deploy community currencies as ""multipurpose electronic vouchers"" without the need for complex compliance. This fast-track approach immediately delivers funds to underserved communities and boosts local commerce. Once established, the platform integrates the Stellar Disbursement Platform to enable stablecoin transactions, combining hyperlocal resilience with global liquidity for cross-border disbursements and rapid crisis response. Leveraging Soroban smart contracts to manage multi-party operations efficiently, Comunitaria offers an adaptable financial system that attracts international stakeholders seeking inclusive solutions, while remaining extremely simple for end-users.",$49000.00,$32666.67,Europe & Central Asia,Comunitaria,Scalable Currency Tool for Govs & NGOs,https://communityfund.stellar.org/dashboard/submissions/recFvItrdYzP9Hkbw,,"SCF #31, SCF #32, SCF #34 ",SCF #34 ,"Yes, fully open-source with Github",https://github.com/comunitaria,,https://x.com/Comunitaria_com,https://www.linkedin.com/company/comunitariacom,https://docs.google.com/spreadsheets/d/1CkvdyX4EJPx5a07XlMMFepcSvmCW8uiRgoLy_tKOGGY/edit?usp=sharing,,"Miguel Prados (CEO) MBA IE, MBA Icade, MSc engineering, expert in Ethical Finance by the Social Banking Institute. Founder of DLT initiatives: listAbierta (https://github.com/listabierta) Votecoin.info, Councilcoins.org Comunitaria.com & PATIO. www.linkedin.com/in/miguelpradosrodriguez/

Rosario Gómez-Álvarez & Carmen Rodríguez are university Ph.D. professors in Economics researchers of Community Currencies and related to the Economy of the Common Good.

Luciano Silvi, our CTO, is a Computer Analyst from the Faculty of Mathematics, Astronomy and Physics. He has worked as a software researcher in the National Space Agency in Argentina. He is a blockchain developer in Stellar,  IOTA and Ethereum. www.linkedin.com/in/luciano-silvi-b9755437/

Javier Caro is an industrial engineer with extensive experience as a blockchain developer and project leader in Stellar, he also developed the carbon-neutral Ethereum fork ""Footeum"", commercializing multiple Solidity-based applications on the Alastria network (such as supply chain traceability, secure NGO donation records, and universal transaction/document logging with off-chain Cassandra big data storage), and implementing blockchain user interfaces using PHP, Node.js, JavaScript, and other technologies.",checked,f5c7f856 (https://v5.airtableusercontent.com/v3/u/50/50/1771855200000/dbqmUeJcYPN5fZwNstjuRw/QJB5wasDULCTJmgIVATO1uDMMWlThacXzBXGS3sHtK-r7m9mcm-6SDNd1mFgUIJOy7jDpLIFQ7oc3tzrj8yERB6Wlf5Qzuy7cfOkGnyq2lZyENG_6LMCP1h-rrlrDtvukTb3OwNKGjX-0yvjjOTFoA/eus_jImYa6tBYWs0PbF9-NzZ-lDZ3uxA42P7nrp4LzE)
Stables,Development,Applications,https://stables.money/,"Stables has built a global stablecoin payment company bringing stablecoin powered financial services to developers, businesses and individual in 150+ countries.",$150000.00,$100000.00,"Latin America & Caribbean,South Asia,East Asia & Pacific,Middle East & North Africa,Europe & Central Asia,North America (without Mexico)",Stables,Stables interstellar expansion,,,SCF #36,SCF #36,"No, my project does not need to be open-source, now or in the future",,https://discord.gg/gm6w5TgXWD,https://x.com/stables_money,https://www.linkedin.com/company/stables-money/,https://stables.money,,"'-   Bernardo Bilotta (CEO): Crypto class of ‘15, former head of mobile at Zip.co, built and grew the Zip app from 0 to +10 millions users globally.
    
-   Daniel Li (COO): Repeat founder with business development and growth expertise, founded and grew ReadiiTel to +$10M ARR.
    
-   David Nichols (CRO): Banking veteran with 20+ years in risk and compliance. Former Co-founder & CRO of first AU Neobank Xinja and former CRO of Qudos Bank.",,c505909d (https://v5.airtableusercontent.com/v3/u/50/50/1771855200000/QB9T2e6LLRgwZZy04KCVhg/-HnFkIRF45Fu9euzjrxY8s7sn8E9Whms2GKrvAK-QxrBRzftlaeujIkP2xwNep5c_QBasLZyrdiJnPgXJ27VLLNRVtEysKiyaK6IzHgw6gGWUixT7xfl8CcbAKcJYcC0cPfFGg2l_yQ_ZMk-7mU8SA/BkOrwS3w-kGtWQij0gSdwkpwjtujpa_q8WdIa6HO2gw)
Ben Wallet (a KALE wallet),Development,Applications,https://ben-wallet.gitbook.io/ben-wallet/,"The first android native wallet for the KALE ecosystem, offering an intuitive, better and easier to use UX.",$77910.00,$25970.00,No specific region of operation,Ben Wallet (a KALE wallet),Ben Platform,,,SCF #37,SCF #37,"Not yet, I don’t have a Github yet but my project will be open-source",https://github.com/ben-platform,,,,https://stellar.expert/explorer/public/asset/KALE-GBDVX4VELCDSQ54KQJYTNHXAHFLBCA77ZY2USQBM4CSHTTV7DME7KALE-1,,"Team lead: Matias Wald (Discord: waldmatias, https://www.linkedin.com/in/waldmatias)

Muti-disciplinary background (research, business, development) with over +20 years in technology, serving in a wide-array of roles and responsibilities, ranging from Developer to Software Architect, while at the same time managing small, focused teams, to success. 

Long-Term Stellar community member and SCF Pilot.",checked,ca453eb8 (https://v5.airtableusercontent.com/v3/u/50/50/1771855200000/-69h4FqtgcEp9diU9LsWMg/_54q7Tsw6H0p2wKvUC99p-_My3GPXbQSHsFNY6NK6e_kO1SC35aVHjEImpV0Jo6hbhw46342e2qCLUwCEQ5-XkGWqsFC7MX8uAArJW-sPohCSnksZtinJU_gZlUaQ-eaMBeBMYnWCCQ6PB5n7ZncYA/ArnO8DbaGwAu7OOApVzvCX1pNjrf9SpbBGdabIdYdCA)
DomiPago,Development,Applications,https://domipago.com/,"DomiPago is a cross-border remittance platform committed to transforming how Dominican families send and receive money. Our vision is to eliminate the high fees, long delays, and complex processes often found in traditional transfers, ensuring vital support arrives swiftly and securely. By leveraging RTPs and Stablecoin rails, we provide near-instant settlement and transparent, low-cost transactions.  Through an intuitive web interface and WhatsApp integration, users can initiate and confirm transfers in under 60 seconds, drastically enhancing convenience. On the receiving end, DomiPago partners with local banks, mobile wallets, and cash pickup locations throughout the Dominican Republic to streamline off-ramps and accommodate varying user preferences. Ultimately, DomiPago’s mission is to empower the Dominican diaspora by bridging economic gaps and offering a faster, more affordable remittance option.",$110000.00,$73333.33,"Latin America & Caribbean,North America (without Mexico)",DomiPago,DomiPago: Chat-Based Stellar Remittances,,,"SCF #35, SCF #37",SCF #37,"No, my project does not need to be open-source, now or in the future",https://github.com/melomar10/domipago,,,,https://lookerstudio.google.com/u/1/reporting/cfe7a6d9-8231-423f-9509-31d9dc644feb/page/3SOFF,,"DomiPago is powered by a multidisciplinary team of 7 professionals with deep experience in fintech, payments, product design, software engineering, and growth. The founding team combines backgrounds in global financial institutions, high-growth startups, and user-first digital product development—equipping us with both strategic insight and executional capability.

With prior experience at companies like Visa, Kayak, and agencies (McCann, BBDO), the team understands the complexities of financial ecosystems and has successfully launched products across regulated markets. This gives DomiPago a unique advantage in navigating compliance, integrating on/off-ramps, and crafting user experiences that build trust in emerging financial solutions.

The team’s on-the-ground presence in the Dominican Republic and across the diaspora in the US and Europe gives them direct access to both sides of the remittance equation—allowing for rapid iteration, customer feedback loops, and true product-market fit. From backend scalability to WhatsApp-based UX and local partnerships, the team is fully equipped to scale DomiPago into a category-defining solution for social, compliant, and cost-efficient cross-border payments.

Core Team:

-   Omar Melo – Co-Founder & Business Lead  
    linkedin.com/in/omm9111
    
-   Fermín Roa – Co-Founder & Creative Director  
    linkedin.com/in/fermin-daniel-roa-vitiello-496a576a
    
-   Lorelvis Estevez – Product Design Lead  
    linkedin.com/in/lorelvisestevez
    
-   Odalis Abreu – Lead Full Stack Developer  
    linkedin.com/in/odalis-dariel-abreu-mejia-523ab14b
    

Advisor:

-   Eliel Jiménez – Strategy & Fintech Advisor  
    linkedin.com/in/elieljimenez",checked,9b9afe89 (https://v5.airtableusercontent.com/v3/u/50/50/1771855200000/KKQkLkTKzIlL06XAYG-dAg/hd34NDgE0vStANudFHIauE79fS_uvEAJkzc8eBgbiqXPb-FiWWsajCJftSjHMKydptR4IdmeCB5_VR9y8txASOUtsA-7j0ifI-BuP_tpXil94_HIU0BBlkHmv6MmtYR7TJdc0-05kr3H-nMHM532_g/x7aAtXFLWOcrkU0KQwT4LMwmN2B0BJEFRunTE4JfPVI)
LumenShade: privacy pools,Development,Applications,https://docs.google.com/presentation/d/1GoI9ggjNHdXH49QkSbx8nwE7KhXECMnn14j0uV92bjY,"This project proposes building a privacy pools protocol on the Stellar network, enabling privacy-preserving asset transfers while maintaining the potential for regulatory compliance.  Inspired by initiatives like 0xbow’s Privacy Pools, the goal is to offer users the ability to break transaction linkability using zero-knowledge proofs.  Integrating privacy pools into Stellar will enhance the network’s appeal to privacy-conscious users and institutions, unlock shielded payments, and lay the foundation for compliant, private DeFi on Stellar.  The project will proceed in two phases:  1. Phase 1: Deliver a fully functional privacy pool with private deposits and withdrawals. 2. Phase 2: Introduce optional compliance mechanisms such as user-defined association sets and selective disclosure, aligning with regulatory expectations.",$135000.00,$90000.00,Europe & Central Asia,LumenShade: privacy pools,LumenShade: Privacy for Stellar,,,SCF #37,SCF #37,"Not yet, I don’t have a Github yet but my project will be open-source",https://github.com/amonprivacy,,https://x.com/0xteddav,,https://github.com/teddav,,"We are 3 people specialized in cryptography and blockchain development: teddav (https://x.com/0xteddav), oba (https://x.com/obatirou) and alex (not a lot of online presence).",checked,0d87b855 (https://v5.airtableusercontent.com/v3/u/50/50/1771855200000/RU5K2dm5Sq9lo3_F9pZnVg/ludpTQQF-vvVF8YS39zGqLXkmzqLropsFz2Ugri6ml5wXvWN5GGD4tebnyCdTaLrML5H-ZlbloMYX7m0CsDTgWe9-iwoidan3yfhGtFdwzzMLLBwzV2jbLmiLL1MA2h-RpkDF6I-ujQacBQkbdeoBg/GdS26phKmhSiIJ9PEbz05srzpTrIVMJi3eitB7Y6bQA)
TuCambio Wallets,Development,Applications,https://www.tucambio.app/,"TuCambio´s Wallet is a Stellar-based API on/off-ramp infrastructure that facilitates real-time integration with local banking systems. That enables users to send money between countries directly to their bank accounts in seconds and at low cost. Recipients can instantly convert received crypto into local fiat currency, allowing them to access and spend funds as needed, without exposure to currency devaluation. Recipients will be able to receive the funds in a non-custodial, interoperable, and fully decentralized wallet. Funds are converted into USDC at the origin and can be instantly converted to fiat at the destination. This functionality includes automated wallet creation, activation via XLM, trustlines for USDC, and a secure interface where the user retains control of their private key. This implementation, fully based on Stellar, enables a unique combination of crypto and fiat: thanks to our API ramps with local banking connections in Chile, Peru, Colombia, Venezuela, Argentina, Bolivia, United States and Panama. We are also in the process of signing a contract that will enable connections with ramps in over 160 countries. Currently, we are a validated startup in the market: we have over 14,000 clients available for immediate wallet deployment. This positions TuCambio Wallets as a real financial inclusion solution powered by Stellar.",$75000.00,$50000.00,"Latin America & Caribbean,Europe & Central Asia,North America (without Mexico)",TuCambio Wallets,Remittances with USDC in LATAM,,,SCF #37,SCF #37,"Not yet, I don’t have a Github yet but my project will be open-source",https://github.com/tucambioapp,,,https://www.linkedin.com/company/tucambiospa,https://lookerstudio.google.com/reporting/84b70eea-1ed5-4d9e-8e2a-b71bbd139e01,,"TuCambio.app is led by Carla Leal (CEO/CPO), an engineer specialized in product development, artificial intelligence, and a serial founder. Carla previously founded and scaled an e-commerce venture that reached customers across North America, Asia, and Oceania. Luis Saavedra (COO/CFO) is a cryptocurrency, trading, and finance expert with 15 years of experience. He began his journey in the crypto world in 2015 by building his own mining farm in Venezuela. Together, they designed and operate the current infrastructure and lead the technical and strategic roadmap. They work with José Campos, a senior software engineer and Former Full Stack Development Instructor (Front/Back End) at Desafío Latam. Experience in API development, integrations, Smart contracts and new UX/UI features. Data Engineer.",,4f3923ed (https://v5.airtableusercontent.com/v3/u/50/50/1771855200000/omZSBnrFpswBaxzek6fQRg/mIhG3Ug3zg-9lKVlJgohtWCeGkWwEz3OutHaLMrHohUcSQQQaDq-EFBzSk-BDy2ELiq7aNiyQFQJ9gsSzLzr8cb4nPmH3tVkF0hUCsxjT5sJR_39jGmxtWnyuB0NredNmhPIaJe0WdDu8fLpYZYISw/E2Bzng7YijPa3IiZJn5YlzxFE5ze0Ks4kvmCUdpMOxk)
AgTrail: Stellar Food Traceability,Development,Applications,https://agtrail.agrolinking.com,"AgTrail is a tech-enabled food traceability solution empowering mid-level farmers in Nigeria with end-to-end visibility of their products—from planting to consumption. By integrating Stellar blockchain, AgTrail ensures immutable, transparent records of every stage in the supply chain while enabling seamless, low-cost cross-border payments from premium markets.  Vision: Build Africa’s most trusted, transparent, and accessible agricultural supply chain, where farmers receive fair value, consumers trust their food, and compliance with global food safety standards is seamless.  Objectives:  Provide farmers real-time tracking via IoT devices and QR codes.  Ensure compliance with NAFDAC, EU, and FDA FSMA standards to unlock premium market access.  Enable secure, instant payments using Stellar’s blockchain infrastructure.  Deliver actionable, data-driven insights to reduce waste, improve efficiency, and boost profitability.  Technical Implementation: AgTrail uses IoT sensors and farmer-input data to capture key supply chain details, hashed and stored on Stellar blockchain for security and traceability. Each product batch is assigned a unique QR code, enabling processors, regulators, and consumers to instantly verify its journey. Stellar’s payment rails facilitate direct, low-cost transactions from verified buyers, with AgTrail acting as an intermediary to channel payments to farmers who are not digitally savvy.  By combining blockchain-powered traceability with financial inclusion, AgTrail positions African farmers as globally competitive and compliant, bridging trust gaps, improving food safety, and driving sustainable growth across agricultural markets.",$60000.00,$40000.00,Sub-Saharan Africa,AgTrail: Stellar Food Traceability,Farm-to-Market with Stellar NGNC,,,SCF #38,SCF #38,"No, my project does not need to be open-source, now or in the future",,https://discord.gg/gcD5rn6sJV,https://x.com/AgroLinking,https://www.linkedin.com/company/agrolinking/,https://agtrail.agrolinking.com,,"AgTrail is led by a multidisciplinary founding team of three. Joseph Fashola (Co-Founder & CEO) brings deep expertise in agribusiness development, farmer engagement, and strategic partnerships, with a track record of leading agricultural innovation projects across Nigeria (LinkedIn). Olamide Olutekunbi (Co-Founder & CTO) is a blockchain and IoT solutions architect with extensive experience in building scalable, secure platforms integrating Stellar, Hyperledger, and real-time databases (LinkedIn). Deborah Ogunyemi (Co-Founder & CMO) is a marketing strategist and brand storyteller with experience in consumer engagement, digital campaigns, and agricultural market positioning (LinkedIn).

Together, we combine expertise in agriculture, blockchain engineering, IoT integration, and market growth strategy, enabling us to design, build, and scale AgTrail. Our prior experience includes leading agritech pilots, delivering food traceability initiatives, and implementing blockchain-based payment systems for smallholder-focused platforms",checked,745cb423 (https://v5.airtableusercontent.com/v3/u/50/50/1771855200000/uMvB7dn18PEV46QXlwMY_w/Nc6Ym75eYNuj9D9eHdvYXL-LZLS1VLt_83F4024Te3LjasuQcp17ptumPZ_Zg9AX1J_UGIQw8SWHiHhOS5mwycwu4cD5zQboshqtr8xe3EiO0Jf0q_Kbi9SRiLEebo_A8UvqeTNsjoH_vxUeOcUXog/BID5szpFmGOhgI5UJ6ms4U5880XHVcbeSCTsu3JyVWk)
Cartwey,Development,Applications,https://www.cartwey.com,"Cartwey is a Stellar-powered self-checkout solution for retailers and shoppers, enabling fast, secure, and contactless payments with credit cards, mobile wallets, and stablecoins",$60000.00,$40000.00,"Latin America & Caribbean,South Asia,East Asia & Pacific,Middle East & North Africa,Europe & Central Asia,North America (without Mexico),Sub-Saharan Africa",Cartwey,Stellar and Beans SDK for Checkout,,,"SCF #34 , SCF #35, SCF #38",SCF #38,"No, my project does not need to be open-source, now or in the future",https://github.com/Cartwey001/cartwey-app,,https://x.com/cartwey_app,,https://drive.google.com/drive/folders/1V8z8oM3qpxXgE9rYwFwNZ6xw6X7hA3FU?usp=sharing,,"Prince Eniola Egbedele - CO founder CEO  
As the co-founder and visionary behind Cartwey, I bring a strong background in technology and user experience, having previously worked as a machine learning engineer on projects like Fresh Save, which focused on barcode technology. My deep understanding of blockchain technology, reinforced by my work as a Stellar ambassador, enables me to seamlessly integrate Stellar into Cartwey, ensuring a robust and innovative payment solution.  

Emmanuel Oloyede – Cofounder CMO

Emmanuel Oloyede is a dynamic Chief Operating Officer with a strong track record of driving business growth, optimizing operations, and fostering innovation. With expertise in strategic planning, team leadership, and operational efficiency, he plays a pivotal role in scaling businesses and ensuring seamless execution of company objectives.

As a visionary leader, Emmanuel excels at streamlining processes, improving productivity, and building high-performing teams. His ability to balance strategic foresight with hands-on execution enables him to navigate complex business environments and drive sustainable success.

Passionate about innovation and excellence, Emmanuel is dedicated to fostering a culture of collaboration and continuous improvement, making him a key force behind any organization's long-term success.  

Kolade Daniella – Tech Product Marketer

Kolade Daniella is a results-driven tech product marketer with a passion for driving growth and adoption for innovative digital solutions. With a keen understanding of market trends and user behavior, she specializes in crafting compelling go-to-market strategies, optimizing brand positioning, and executing data-driven campaigns that deliver measurable impact.

With experience in launching and scaling tech products, Kolade has successfully led marketing initiatives that bridge the gap between cutting-edge technology and real-world user needs. Her expertise spans content marketing, digital advertising, community engagement, and strategic partnerships. Whether it's SaaS, fintech, blockchain, or AI-driven solutions, she thrives on creating marketing narratives that resonate with target audiences and drive conversions.  

Owolabi Philp: Our Senior Developer, has extensive experience in mobile app development and blockchain integration. Their expertise in Reactnarive, the framework we use for Cartwey’s front end, ensures a smooth and responsive user experience.  

Ruaf Our Backed Developer, with a background in fintech and experience working with payment gateways like Paystack. Their knowledge ensures that Cartwey’s payment processing is secure, efficient, and adaptable to both traditional and blockchain-based payments.",checked,6cb9320f (https://v5.airtableusercontent.com/v3/u/50/50/1771855200000/pLGq4_TZVFHW8bRiQkdTuQ/Xl3MF4FEu2MqSCP9WX0hdsaU3nHDp7Jou3uAHFQ5ZQdNcZo8C9wikHSTj6E7JcUaQ2Ps5jiOpmsBNdaoUBeq9I0L6XdiCmHS4y_nQzHhQ587pL2hW2xkqu6brDKIBQQjEvsHVsJ1G8h_1_vNku1QkQ/J7kefLrJU_2ON_VawEldyOIXOkqZTziO6QbSdr1Udmg)
Kasi Money,Development,Applications,https://kasi.money/,"Kasi Money is a digital banking platform for gig workers, freelancers, and the 2 out of 3 South African workers who earn irregular income. We are the official banking partner for Bolt, South Africa’s largest ride hailing platform. Our customers receive fiat based bank accounts and debit cards to receive income and spend. Uniquely, Kasi Money also extends short term lending and lets users auto invest a percentage of each income deposit into a money market fund to earn yield.  Today, over 40% of our 50k+ customers are migrant workers from other African countries. The most requested feature by this segment is the ability to send money home faster and more affordably, because we are already their financial home. Instead of withdrawing funds, going to another provider and paying 5-10% in fees.  This project enables those remittances using USDC on Stellar. Kasi Money acts as the onramp, converting fiat balances into USDC via Valr and loading it into Crossmint wallets. From there, recipients receive instant cash out access via MoneyGram’s global payout network. All blockchain complexity is abstracted. The user simply selects a recipient, confirms an amount, and their family receives an SMS with pickup instructions at a local MoneyGram counter.  We are building this on Stellar for its speed, low transaction costs, and seamless MoneyGram integration. This grant will support rollout of our first two corridors: Malawi and the Democratic Republic of Congo (DRC), key sender regions where our customer base is already concentrated and where remittance costs are especially high.",$150000.00,$100000.00,Sub-Saharan Africa,Kasi Money,Fiat→USDC→MoneyGram cash-out in Africa,,,SCF #38,SCF #38,"No, my project does not need to be open-source, now or in the future",,,,https://www.linkedin.com/company/kasimoneyapp,https://mixpanel.com/p/41DjwjUQdvbwPPXFdTjddT,,"We’re a lean team of experienced operators who have not only built banking and payments products in Africa but scaled them.

Thami Hoza is a second-time founder with global recognition. He previously led the informal market strategy at Yoco, one of Africa’s largest payments companies, where he grew the vertical to nearly $100 million in transaction volume in under two years, working directly with micro-merchants and informal workers. https://www.linkedin.com/in/thami-h-b1107a107/

Avi Tenzer is a seasoned leader in banking technology. He has led engineering teams at Investec and RMB, two of the continent’s top banks, and most recently headed Citibank’s global blockchain delivery group, giving him deep expertise at the intersection of banking and decentralized infrastructure. https://www.linkedin.com/in/avi-tenzer-8bab278/

They are supported by a skilled team of marketing, engineering, and operations specialists committed to delivering inclusive, scalable financial solutions for underserved communities across Africa.",,61c00266 (https://v5.airtableusercontent.com/v3/u/50/50/1771855200000/ERsMtxYXQNeZzIApngGISw/SyjZG2C92MnrmCrTEwtrDU2J9z9t4AaYTXEQ5OicPsXmIqjguhOSktr-svtcG5AItuLNNPvwmJplpZn8cLuKNiFHhVF9-kctND34lmgp-2hPW8NJY8qypjkkCYhRNJsYDTaPOzBfk4nLNlx1QrWDxw/GzTTMOw9x7Ypz2kQzc8oJrdpwacV1vWRJDo1JIGTpGg)
Sollpay: Keyless ZK Wallet + Stellar,Development,Applications,https://www.sollpay.com/,"Sollpay is a mobile-first, non-custodial wallet that uses phone numbers and emails for Web3 access — no seed phrases required. Backed by zero-knowledge proofs and account abstraction, Sollpay simplifies onboarding and enables secure cross-chain swaps between Stellar and Solana. Our mission is to make crypto truly accessible for the next billion users.",$118000.00,$78666.67,Europe & Central Asia,Sollpay: Keyless ZK Wallet + Stellar,"Keyless Stellar Wallet-Buy, Send, Invest",,,SCF #38,SCF #38,"Not yet, I don’t have a Github yet but my project will be open-source",https://github.com/Mercury-Labs-Dev/stellar-sollpay,,https://x.com/SollpayHQ,https://www.linkedin.com/company/argos-labs/,https://docsend.com/view/mmvus24c7ecbv5c3,,"Sollpay is built by a world-class team of engineers and product leaders with deep expertise in non-custodial wallet development, account abstraction, and zero-knowledge cryptography. Our team includes alumni from Ledger, Red Hat, and top-tier VC firms, with academic backgrounds from École Polytechnique, HEC Paris, and PSL University.

We've launched award-winning Web3 products across Solana and Ethereum, and we're now bringing our ZK + AA wallet infrastructure to Stellar. From crypto-native UX to institutional-grade security, we combine deep technical experience with a track record of scaling frictionless, mobile-first products. Our mission: onboard the next billion users to crypto using just a phone number or email — no seed phrases, no friction.

🔹 Thomas YANG – CEO  
Ex-VC | Product & Growth Lead  
Entrepreneur with 10+ years in startups and tech ventures across Europe and Asia. Former venture capital investor specializing in fintech and blockchain. Graduate of Arts et Métiers – École Nationale Supérieure d'Arts et Métiers. Experienced in scaling fintech products, driving strategic partnerships, and securing ecosystem funding in the Web3 sector.

https://www.linkedin.com/in/jie-thomas-yang-54873056/?originalSubdomain=fr

🔹 Huiqi (Grey) ZHENG – CTO

Senior Dev | Ex-Ledger  
Blockchain engineer with 10+ years in backend development and security-focused systems. Spent 4 years at Ledger developing hardware wallet integrations for Bitcoin, Ethereum, and Cosmos, ensuring protocol-level security compliance. Former engineer at Shift Technology and co-founder of multiple tech startups. Graduate of École des Mines de Paris, with expertise in cryptographic key management, embedded systems, and smart contract architecture.

https://www.linkedin.com/in/huiqi-zheng-68223527/

🔹 Jonathan HE – Product Manager

X (Twitter) and TikTok influencer with over 100K followers. AI and Web3 consultant and investor. Full-time Web3 writer and developer since 2021, focusing on blockchain adoption strategies, product-market fit, and content-driven community growth. Experienced in building engaged online communities and advising projects on go-to-market execution.

https://www.linkedin.com/in/jonathanweb3/ | https://x.com/nftbanker

🔹 Bruno T-THOMASSET – Legal & Compliance

French-qualified lawyer and HEC Paris graduate. Specializes in European digital law, financial regulation, and cross-border compliance for tokenized assets. Advises Sollpay on regulatory strategy, data protection (GDPR), and licensing frameworks for blockchain-based financial services across multiple jurisdictions.

https://www.linkedin.com/in/bruno-tisserant-thomasset-a00526195/",checked,7a7ed36f (https://v5.airtableusercontent.com/v3/u/50/50/1771855200000/D94geNwd9d3ZQjcOiW0N4g/3cB82H5-5xDgHgp3cQofkfQyWHSjVvqk-FQIy419o1ob3GH0mFBK25mFpPJ1gt3mKEpylNnR_yVziT9oF2fr01pR0r-kTEZZj01KICkhKI9YlEMLqpB2f2sh3_A5oA-drFY3gPex_aF6JWxZa74lsg/N3TIvow1_ML_LT27yNv9ExuVEAMf8VYOwBRzDqfHhj0)
stallion,Development,Applications,https://www.earnstallions.xyz/,"Stallion is a platform designed to connect skilled individuals within the stellar ecosystem to opportunities where they can contribute to projects. It's primary goal is to onboard a diverse pool of talents, developers, designers, writers, project managers and others into the stellar ecosystem   Stallion acts as a bridge that connects skilled individuals with relevant projects, bounties and job opportunities within the stellar ecosystem. Through its focus on collaboration, Stallion aims to drive innovation, ensuring that talents contribute to projects that not only advance the Stellar network but also empower individuals to grow professionally. Whether you’re an expert looking for your next challenge or a newcomer eager to enter the blockchain space, Stallion is the place to find and engage with opportunities in the Stellar ecosystem",$50000.00,$38333.33,Sub-Saharan Africa,stallion,"Kickstart (Stallion), Stallion",,,"SCF Kickstart #10, SCF #38, SCF #39","SCF Kickstart #10, SCF #39","Yes, fully open-source with Github",https://github.com/stallionsassemble/stallion-contract,https://discord.gg/VVmxCBuw,https://x.com/Stallionsassmbl,,https://docs.google.com/spreadsheets/d/1NZe0lRJ26Quk6hDAfuTDG32PzAF52gxSRIcMBSshKOo/edit?usp=sharing,,"The Stallion team consists of dedicated professionals with expertise in blockchain development, community building, social media management, and event organization. Together, we are committed to onboarding a diverse pool of talent into the Stellar ecosystem, fostering collaboration, and driving innovation.

SCOTTBELLO JENNIFER - BLOCKCHAIN DEVELOPER & EVENT MANAGER

Jennifer is a blockchain developer, technical writer, event manager, and a West African Stellar Ambassador. She leads the OOU Tech Community, focusing on equipping students with practical skills across various tech fields. Jennifer has successfully organized over 3 tech events and is currently managing a business-oriented event. She is passionate about fostering collaboration and building a thriving learning ecosystem.

CHIKMASO- SOCIAL MEDIA & COMMUNITY MANAGER

Chikamso is a social media manager with over three years of experience and a community manager with over two years of experience. Currently, she co-leads GDGoC AA-TU and serves as the program manager at Design With Chike (DWC). Beyond social media and community management, he is an illustrator specializing in digital art, using visual storytelling to engage and captivate audiences.

TELLAR OYINKANSOLA- FRONT-END ENGINEER

Oyinkansola is a front-end engineer with over three years of experience and a strong passion for Web3. She specializes in building mobile applications with React Native, creating seamless and interactive user experiences.

ABDUL MALIK - UI DESIGNER & BLOCKCHAIN EXPERT

Abdul Malik is a Stellar West Africa Ambassador and a UI designer with three years of experience. Passionate about blockchain, he strongly believes in the potential of decentralization to transform industries and drive innovation across Africa.

Aaliyah Junaid Eniola is a full-stack developer with over five years of experience, specializing in smart contract development. She has a proven track record of building and shipping products on Solana and other blockchain platforms. Her extensive experience makes her a highly skilled professional in the blockchain space.",checked,44379114 (https://v5.airtableusercontent.com/v3/u/50/50/1771855200000/IxJPncik1fRRr7dG4XAJ7w/zHvdDP4uTkNZQPyd2EMWrSTnQ4qBF6Ryig7nCjaDOanZ5s6aP7FGiGs249CI-OPQVIrJG4xs64V5zh53u059lsD3IDvuBUjoYkPH3jgXpc0rZDH4adagwZai8XxuMwLxgy-ZlBxiGT2_HvzfLyjGZw/E1R0Fqv4MPJdJe8Lq6fIWVUY9NgjlvmtOlvjM-C8McE)
QuillTip: Publishing and Microtipping,Development,Applications,https://quilltip.me,"QuillTip is a decentralized publishing platform that empowers writers to truly own their content while enabling sustainable monetization through Stellar’s low fees. Unlike existing Web3 publishing platforms hampered by high gas costs, QuillTip leverages Stellar to enable micro-monetization features like micro-tips—creating the first viable tip-per-highlight economy. Writers will mint articles as NFTs on Soroban, store content permanently on Arweave, and retain full ownership without platform lock-in. Readers can support creators directly through micro-tips, collect articles as NFTs, or subscribe in future, with 97.5% of revenue going to writers (vs. 30–50% on traditional platforms). Through seamless wallet integration, our mission is to democratize publishing by making content ownership accessible and monetization sustainable. Potential Impact: QuillTip aims to generate thousands of micro-transactions on Stellar each month—projected 10k+ tips and $5k+ in creator payouts within the first 6–9 months—driving real XLM and USDC flow, active addresses, and sustainable creator revenue.",$37200.00,$12400.00,No specific region of operation,QuillTip: Publishing and Microtipping,Stellar-Powered Creator Micropayments,,,SCF #39,SCF #39,"Yes, fully open-source with Github",https://github.com/pragya-shar/QuillTip,,,,https://docs.google.com/document/d/1LaZLrlWrhEwUIgZDzAX7XLohx8UUs_KgimnGdZruPt4/edit?usp=sharing,,"Pragya Sharma (Co-Founder): Linkedin | Substack

-   Writer on Substack (40+ subscribers, 8 stories published)
    
-   Self-taught developer
    
-   Built a book tracking app Aura
    
    -   Integrated with Stellar testnet and Freighter wallet
        
    -   Enabled minting reward coins as you complete a book
        

Pooja Sekar (Co-Founder): Linkedin | Instagram

-   UX/UI Designer
    
-   Digital Artist
    
-   Architect with 5+ years of experience in Design",checked,dxjcvsiooco7pilhwz3v.jpg (https://v5.airtableusercontent.com/v3/u/50/50/1771855200000/nPe6hLblq6yXWIxDLOQQeQ/l814jt7GmvZjPFAAxEcXCthxjP6wULi9ycpDaVoPLwJiAjfxCmBbP3JSZXlSg3LdkO0UzCaCXChtBAmlOmYsnX-QWi3EyKsu6FFb9nLi_NeiS_-CZoY1wZT43AuRm7-A2-rmOjo8DcbgmZ73mHZVyg/9XUEaczcvkoRaS7CT7YgDDYhdPqqITwAvPLrx_GXVec)
Hurupay Virtual Accounts Program,Development,Applications,https://hurupay.com/,"Hurupay proposes to launch a virtual accounts program for freelancers, remote workers and businesses that will leverage the USDC stablecoin on Stellar as the underlying infrastructure. The goal is to provide these users with a dedicated US account and routing number in their name to accept payroll from platforms like Deel and Remote, or payouts from services like YouTube, Spotify, and TikTok.This functionality will operate as follows: Each remote worker will have their virtual account linked to their Stellar wallet address. An employer in the US will make USD payment to the virtual account and the payment is settled into the user's wallet as USDC stablecoin. Users can then decide to hold their funds in stablecoins on their wallets or quickly and easily offramp local currency.  ",$82000.00,$27333.33,"South Asia,Sub-Saharan Africa,Latin America & Caribbean",Hurupay Virtual Accounts Program,Stablecoin Orchestration API on Stellar,,,"SCF #38, SCF #39",SCF #39,"No, my project does not need to be open-source, now or in the future",,https://discord.gg/HVMtuTWP,https://x.com/hurupayapp,https://www.linkedin.com/company/hurupay/,http://analytics.hurupay.com/public/dashboard/6daf283b-1d8a-4b9c-b7a6-c6466e9562be,,"Hurupay boasts a strong balanced founding team. Our 3-member founding team has 7 years of experience building software, blockchain, and startups. 

Philip Mburu - CEO - https://www.linkedin.com/in/philip-mburu-3436991a2/

Philip has 3 years of experience as a blockchain developer and educator. Before Hurupay, he co-founded Usafi Innovations - an IoT-based startup that built automated products for homes and offices in Kenya. 

Allan Okoth - CTO - https://www.linkedin.com/in/allanokoth/

Github: https://github.com/allanokothdev 

Allan is a Certified Fullstack Blockchain Developer with 4-year Startup Experience in Product and Engineering. Previously, Allan worked as a full-stack software developer, blockchain developer, and educator for several organizations in East Africa including the Africa Blockchain Institute in Rwanda. He also holds a degree in Computer Science. 

James Mugambi - CFO- https://www.linkedin.com/in/james-mugambi-98817b166/

James (COO) has 3 years of experience working as an  Entrepreneur in residence at Pangea accelerator in Kenya. He is also the founder of SHIELD, a social innovation Hub in Nairobi, Kenya that trains youths from underserved communities in digital skills, entrepreneurship, and design thinking. James also holds a degree in Finance and Economics.

Team’s Technical Capacity and Ability to Deliver

The three co-founders have worked on Hurupay together for the last two and a half years leading a team that has processed 15K transactions worth over $5M+ in volume within 6 months of going live and onbaorded over 20,000 users.",checked,66d0b2ad (https://v5.airtableusercontent.com/v3/u/50/50/1771855200000/W1qkPH5tThuwyOTZtV19Vw/Bf1mLaIqAX7983Tf6gZQ1DbhjGKc_99qD2IEjFsPlP9fO-S-ss1jhiJZHgI1lj5H57hKVVFWdFi48sNyQbpD5aubTC81apPo8WHhjMGtvwPRONGFYb7qqV7yquEngTLquHhTGor9K1qS9masIiKQSg/AH-TEgsMfD5DA5JNX-Vdq9K0IXob0a51JVKc8qltsTQ)
OneKey,Development,Applications,https://onekey.so/,"OneKey envisions a future where users can seamlessly and securely manage Stellar assets, leveraging our industry-leading hardware and software wallets to drive broader adoption of Stellar network. By fully integrating the Stellar network into both our hardware wallets (OneKey Pro & Classic 1S) and our self-developed software wallet app, we aim to empower millions of users with robust tools for holding, transacting, and interacting with $XLM and custom Stellar assets, while maintaining the highest standards of security and user experience.",$150000.00,$100000.00,East Asia & Pacific,OneKey,Scaling Stellar with Secure Self-Custody,,,SCF #39,SCF #39,"Yes, fully open-source with Github",https://github.com/onekeyhq,,https://x.com/OneKeyHQ,https://www.linkedin.com/company/onekeyhq,https://github.com/slowmist/Knowledge-Base/blob/master/open-report-V2/blockchain-application/SlowMist%20Audit%20Report%20-%20OneKey%20Pro_en-us.pdf,,"The OneKey team consists of 50 members, with core engineers (in both software and hardware) accounting for over 60%.",checked,nfk9begtncgtrkbjyik5.png (https://v5.airtableusercontent.com/v3/u/50/50/1771855200000/vCmmJiu9xOWWl-ya6K9-ww/L1LEXesGPwgqkifraBpGA_q2sxJ1LsQoDDHTCHdHLY94Fklc1shwq5OnBc97U6ivf1hdDIFWL9qMwF-F2KCU078wdymC94mDp4WsjqoOlFrNOwFWmgxv9a10LWsCe5oc6uJsYrPJRa8EwX0xw4Yc7Q/4HvvowN3jg--DpdX4RrOqWrCC1qny-12Cg6J339al3c)
Boundless,Development,Applications,https://www.boundlessfi.xyz,"Boundless is a Web3 platform built on the Stellar blockchain that manages and oversees funding activities such as crowdfunding, grants, and hackathons.  Our mission is simple: make funding, building, and collaboration in Web3 more open, accountable, and rewarding.  What makes Boundless unique is its milestone-based fund disbursement powered by the TrustlessWork API. ",$110000.00,$36666.67,No specific region of operation,Boundless,Boundless on Stellar,,,"SCF #36, SCF #40",SCF #40,"Partly, I do have a public Github",https://github.com/boundlessfi/,https://discord.gg/f9WTkRcp,https://x.com/boundless_fi,https://www.linkedin.com/company/boundlesshq/,https://github.com/0xdevcollins/boundless,,"#### Our team consists of 2 members with diverse expertise:

Collins Ikechukwu: A skilled blockchain developer specializing in Rust and soroban, with a proven track record of contributing to impactful projects.

Benjamin: A blockchain developer with expertise in decentralized solutions and collaborative Web3 development, also an active OnlyDust contributor.",checked,0883c688 (https://v5.airtableusercontent.com/v3/u/50/50/1771855200000/z3Tr4-Po_dxA1H0LFxxH0Q/czBnbw9Ui8d0e5qczK4ABEsK4ZJfOh0NCutf0RmzklxxHF2gql_ewTN85inSifNtcAyi_7CyVPDGPmXV3-mwOPo3td1EqkDKx50WN2tuCQmX0kbYTSEM7bBk_Iz--fzn3fVmijAKsxvqSY6dE5khQQ/V1CsiSN1VWgLAGtfwFL2LX-UiLz0fdZ6NNVuc2mHNUA)
Sentinel Protocol ,Development,Applications,https://sentinel-finance.vercel.app/,"Sentinel Protocol is a parametric insurance framework built on the Soroban blockchain, enabling trustless, automated coverage through smart contracts and decentralized oracles. It can support insurance in any vertical with a reliable data source. The first vertical we are building is flight delay insurance, which offers travelers automatic payouts if a flight is delayed beyond a set threshold, with no claims process or approvals. ",$128000.00,$85333.33,"North America (without Mexico),No specific region of operation",Sentinel Protocol ,Flight Delay Parametric Insurance,,,"SCF #35, SCF #36",SCF #36,"Yes, fully open-source with Github",https://github.com/SentinelFi,,https://x.com/sentinel_fi,,https://sentinel-finance.vercel.app/markets,,"Saurav Dhar (Ender)

-   Backend/Smart Contract Developer, Applied ZK and AI
    
-   8 years of engineering experiences in Web2 Startups
    
-   2+ years of developer experience in Web3
    

-   Github - https://github.com/enderNakamoto
    
-   X - https://x.com/prolificsaurav
    
-   Linkedin - https://www.linkedin.com/in/sdhar86/
    

  

John (Js Maxi)

-   FullStack/Smart Contract Developer, UI Wizard, AI
    
-   5+ years of experience as a developer at a major European bank.
    
-   2+ years of developer experience in Web3
    
-   Github - https://github.com/jsmaxi
    
-   X - https://x.com/jsmaxi666",checked,d929f55d (https://v5.airtableusercontent.com/v3/u/50/50/1771855200000/gw_b7OisxObKpnwf8kmWbA/ggLMebRZ0t-f2-BBr-IdK7lWpUlIuhEmA__EmnvdaYpNtgeFPtfT_VWZx0ubxlHvniLAWqsYf7yhRRCj5WszYnszhipOBg_IfuEUuv6vMyspO7BnNlxRs8GeC13-y_zqZ3ZCgmRXwgTnpmH81iiqpQ/MgN4kjXgsIAvdpCFTDKvgpBmwUwJawKz4jdukjFoXJ8)
DeFarm,Development,Applications,https://www.defarm.net,"DeFarm is an agricultural traceability platform that enables organizations to participate in collaborative networks (circuits) while maintaining complete data sovereignty. Our system allows producers, certifiers, and government authorities to selectively share agricultural data through privacy-preserving disclosure mechanisms, ensuring compliance and transparency without compromising sensitive information.",$90000.00,$45000.00,"Latin America & Caribbean,Middle East & North Africa,Europe & Central Asia",DeFarm,"DeFarm Explorer: Blockchain-Powered Cattle Traceability Platform, DeFarm: Turn Farm Assets into Liquidity",,,"SCF Kickstart #10, SCF #35, SCF #36, SCF #39, SCF #40","SCF Kickstart #10, SCF #40","Partly, I do have a public Github",https://github.com/defarm-repo,,,,https://ms.defarm.net,,"DeFarm is led by a multidisciplinary team with expertise in blockchain, agribusiness, and regulatory frameworks:

-   Gabriel R - Blockchain Expert & System Architect - ZKP researcher, recently started zkVox (zkvox.gabrielrondon.com) and actively discussing ZKP applications with Noir team. (zkp.gabrielrondon.com)(github.com/gabrielrondon)(https://www.linkedin.com/in/gabrielrondon/)
    
-   Robson Campos - Environmental Engineer with a Master’s degree in Environmental Technologies and a specialization in Geoprocessing, with over five years of experience as Intelligence Advisor in animal and plant health defense in Mato Grosso do Sul, Brazil. I lead the agency’s Control and Operations Center, focusing on data analysis and strategic monitoring. I contributed to the project that achieved the status of “foot-and-mouth disease free without vaccination,” recognized by the WOAH. My expertise integrates intelligence and technology, including blockchain, to advance cattle traceability and strengthen sanitary security.",checked,077e54c4 (https://v5.airtableusercontent.com/v3/u/50/50/1771855200000/lkNPmRVMwlwgfvZ2pVoFgg/KW208C0KYUcKIfkThwUbde-SspujXtdfn4uD_6_G_I2ct6NeSpTYkFARG9TfEQNGEdTRWBkqE__EWDvVXGjGRnah0yG9JbrYNMxwMn99Iq6sfc006yE6VIZspOQcF6IM9wyzFG5e_eN3ur58DE-iog/eRiSaWycMmLPvnf_MVNVKT64cKVHcjxEGcjFa_tv1tM)
GrantFox,Development,Applications,https://www.grantfox.xyz/,"GrantFox is the new ""OnlyDust"" collaboration platform built exclusively for the Stellar ecosystem. It connects projects with technical contributors to accelerate ecosystem growth through transparent, high-quality contributions. As OnlyDust shifts away from Web3, many Stellar projects lost their contribution hub. GrantFox fills that gap, becoming the default space where Stellar projects gain visibility, attract contributors, and track progress, all seamlessly synced with GitHub. Projects can publish open issues, and manage requests from a same place. Builders can explore projects, apply to issues, and build verified on-chain reputation.",$60000.00,$20000.00,Latin America & Caribbean,GrantFox,OSS dev hub for the Stellar community,,,"SCF #37, SCF #38, SCF #40",SCF #40,"Yes, fully open-source with Github",https://github.com/orgs/GrantChain/repositories,https://discord.gg/grdRWV4777,https://x.com/itsgrantfox,https://www.linkedin.com/company/grantfox/,https://us.posthog.com/shared/FXY1QyGiHIOK6PRV184imM7KbsvN0A,,"We´re a team of three members, two members have 3+ years experience in blockchain, building projects, and they have won grants and hackathon prizes by Stellar and other blockchains. The other member has one year of experience working and building product, participating in hackathons and winning trips to hacker houses.

LinkedIn profiles:  
Marco Araya - https://www.linkedin.com/in/marcoarayajimenez/  
Joel Vargas - https://www.linkedin.com/in/joelvr/  
Pablo Mora - https://www.linkedin.com/in/pablo-mora-serrano-989570253/",,d09c3228 (https://v5.airtableusercontent.com/v3/u/50/50/1771855200000/YBXLifSkvJaJ8VjMJij-CQ/dzwIdP935GSs0tONXWVOE3Kpa17Zd4xgGAG8-9Y5gSegIOHz8WJ_gFbN1eM_TqQyFxB1oXTZE4jSYLbs9WCmCrCLE36Ogaee0v7ANLQ6JGlAD5iW2gChHujZy0BqkfAE29TELPIjLwznSKlb1fE0nw/z1oUVlpz7m9mvN243Xwif7y_cZDUAEyU-JwZE5LPGY8)
Juntta: Web3 Crowdfunding for LATAM,Development,Applications,https://juntta.org,"Juntta is the first transparent crowdfunding platform built in Peru, addressing the trust gap in digital fundraising across Latin America. It allows individuals, NGOs, and companies to launch verified campaigns in minutes, share their stories with images and updates, display real-time progress, and publish a complete donor list. Donations currently flow through local payment rails (Yape, Plin, bank transfers) and credit/debit cards, both domestic and international. After winning the Stellar Ideathon 2025, we developed a working prototype that connects traditional payment methods with a blockchain-ready backend. With SCF Build, Juntta will integrate the Stellar network to bring full on-chain transparency to donations and fund management. Each contribution will trigger a transaction on Stellar, generating a verifiable record stored in the public ledger and displayed on a real-time dashboard. Smart contracts built on Soroban will escrow donations, automate milestone-based releases, and record fund movement between wallets. A custom API layer will index blockchain data, synchronize it with Juntta’s Web2 interface, and allow third parties—such as NGOs or CSR programs—to connect seamlessly. Our MVP focuses on verified social impact campaigns in Peru, aiming to digitize a market that remains mostly offline. Upcoming features include Juntta Rifas, a transparent raffle tool for NGOs and creators, and Juntta Empresas, built for companies running CSR initiatives. Stellar’s low-cost, borderless infrastructure will enable expansion across LATAM. Led by a multidisciplinary team in fintech, social impact, and software engineering, Juntta’s mission is to rebuild trust in digital giving and make transparent fundraising accessible to everyone in Latin America.",$48000.00,$16000.00,Latin America & Caribbean,Juntta: Web3 Crowdfunding for LATAM,Transparent Web3 Fundraising on Stellar,,,SCF #40,SCF #40,"Not yet, I don’t have a Github yet but my project will be open-source",,https://discord.gg/HPhW9Unx,https://x.com/junttaperu,https://www.linkedin.com/company/juntta/,https://docs.google.com/spreadsheets/d/1Zi8jmEKf7nFVhbJE3W0nmer-qvVUjAfq/edit?usp=sharing&ouid=103553232334622112317&rtpof=true&sd=true,,"Juntta is led by a multidisciplinary team with expertise in finance, technology, marketing, and operations — combining corporate rigor with startup agility. Together, we’re building Latin America’s first transparent fundraising ecosystem powered by Stellar blockchain.

-   Juan Benites (CEO) — Economist with 3+ years at Credicorp, Peru’s leading financial group. He led investor relations and sustainability communications across its financial subsidiaries. Juan drives Juntta’s strategic vision, partnerships, and financial sustainability, and actively represents the project within the Stellar community, aligning Juntta’s growth with the network’s mission of financial inclusion. LinkedIn
    
-   David Abanto (CMO) — Marketing professional specialized in brand strategy and communication. He has built consumer brands from scratch in the mass consumption sector, bringing valuable insight into audience engagement, storytelling, and social impact communication. LinkedIn
    
-   Ronald Romero (CTO) — Software engineer with 5+ years of experience in backend and full-stack development for fintechs across Guatemala, Mexico, Spain, and the U.S. (Liif, PayPaga, Vertikal X). He leads Juntta’s Stellar blockchain integration, applying his background in scalable systems and blockchain interoperability. LinkedIn
    
-   Mateo Gálvez (COO) — Business administrator with experience in data analytics, trade marketing, and commercial operations at BCP, Quala, and Stanley Black & Decker. He oversees process optimization, sales strategy, and user success for campaign organizers. LinkedIn
    

United by a shared mission to rebuild trust in digital giving, the team combines deep blockchain insight and ambassador-level participation in the Stellar ecosystem with analytical, technical, and operational excellence to scale Juntta across Latin America.",,42bdca43 (https://v5.airtableusercontent.com/v3/u/50/50/1771855200000/B8yklEsuq510Zr4bJFymXQ/r8ySYSkXNFvlSql4IXEhluH7ff-tbignG1yi2Ks3Ubb02VuF9Ua3nfI_ok4y_pqokHifkTCxZGt0j-nbJte9lO5n9R7umm5kFWGzOHSWpnT4oO_kxKVQEC53U1oz4NDeB5ldmqUpZXI4PYoCbiksBw/ES3-cb_uKD8vyMGvEoLe_YcRI8mm5XBeuUYtCwhh4fI)
Stellar Passport,Development,Applications,https://stellarpassport.xyz,"Stellar Passport transforms event attendance and community activity into meaningful, long-term engagement with the Stellar ecosystem. With a single QR scan at a booth, workshop, meetup, or online event, users create a passkey-secured wallet and identity in seconds. From there, they can move through curated challenges, workshops, or learning tracks that verify their participation and track their progress.",$150000.00,$50000.00,No specific region of operation,Stellar Passport,Stellar Passport - Seamless onboarding to the Stellar Ecosystem,https://communityfund.stellar.org/dashboard/submissions/recNtjEdsDndBoRBD,https://communityfund.stellar.org/dashboard/submissions/recNtjEdsDndBoRBD,SCF #40,SCF #40,"Not yet, I don’t have a Github yet but my project will be open-source",,,https://x.com/StellarPassport,,https://admin.stellarpassport.xyz,,"Bastian Koh

I am a long-time member of the Stellar ecosystem, an active contributor to community governance, and currently serve as President of the Stellar Ambassador Program in Chile. My work has focused on ecosystem growth, education, and developing practical tools that solve real needs for builders and community members. I have led events, university programs, and onboarding initiatives across the Americas, helping hundreds of people take their first steps into Stellar.
Stellar Passport is being developed through my US-based studio, which allows me to lead the core build while involving additional engineering, design, and QA support as needed. The project is structured as a studio-level effort rather than a one-person build, ensuring the product is delivered at the stability and quality required for ecosystem-wide use.",,Screenshot 2025-11-17 at 9.24.51 AM.png (https://v5.airtableusercontent.com/v3/u/50/50/1771855200000/yDq9wzx4KhCBKgTTohlNng/_WuQuvcWKAJJspeOx6Bbzmv6XGbBNJuP8uX6x5Kf05kJAqf7jJnLzL3aWePecljlWxhVC0wRA7xGlMLG2gYTGs3v1Vx5McbCgkJKKul7PU-I7cKBaxlYIfMnbOlObe3Zui2Fe0Wezdkjggc4rg5J-8a-LWRnW1Oq9njkgC_Y7U5CAfA835Prz6VrIFBlk31W/4QfWE2OChOroRTzxfXZL6HkCh01RoIh8L0pZX6ss5nU)
HedgePay,Development,Applications,https://hedgepay.app,"DeFi offers better yields than traditional banks, but most people never access it because onboarding is confusing and overly technical. Hedgepay solves that by turning DeFi into a simple, mobile self-banking experience built for users in Latin America.  At its core, Hedgepay is a self-custodial wallet that gives users direct access to stablecoin savings and curated DeFi investments. There are no seed phrases, gas fees, or complicated setup. Users can fund their account through local bank transfers or Pix, convert to USDC, and invest in vetted DeFi products through the Invest tab. Portfolio performance and withdrawals are displayed clearly inside the app.  Behind the scenes, Hedgepay uses secure key abstraction and transaction automation so users can interact with DeFi without managing blockchain details. All operations run on Stellar and Soroban, providing fast, low-cost access to global liquidity.  Future updates will add virtual debit cards linked to USDC balances and virtual ACH and IBAN accounts, allowing users to spend or move funds internationally without leaving the app.  Hedgepay’s goal is to make saving and investing in digital dollars as easy as using a bank app, giving people in emerging markets real access to stable income and financial independence.",$118600.00,$39533.33,Latin America & Caribbean,HedgePay,Supercharging Stellar DeFi for everyone,,,SCF #40,SCF #40,"Partly, I do have a public Github",https://github.com/hedgepayapp,,,https://www.linkedin.com/company/hedgepayapp,https://drive.proton.me/urls/JZYJFXZ42G#xqVdYZpXLJbL,,"'-   Charles-Edouard Ladari (CEO & Co-Founder)  
    Software engineer with over 10 years of experience, including 5+ years in DevOps and cloud. Active in the Stellar ecosystem for 2 years and with 2 years of prior experience in Solidity. Originally from French Guiana and Brazil, he is focused on making payment systems and investments more accessible in Latin America. Known for strong optimization skills — in a past startup, cut runtime from 53s to 1s. Member of Toptal network.
    
-   Thomas Liu (CTO & Co-Founder)  
    Blockchain engineer with 5 years of experience developing decentralized applications and financial infrastructure. Former FAANG engineer and founding engineer at two startups that collectively raised over $2 million in funding. Previously built payment and mobile banking systems at Interac (Canada) and gained extensive capital-markets experience through developing tools for fixed-income trading systems.
    
-   Marcin Jaczynski (Full-Stack Engineer)  
    Full-stack blockchain engineer with 4 years of experience developing decentralized systems. Previously worked at Newton, one of Canada’s leading crypto exchanges, where he contributed to the development of mobile-first self-custodial wallet solutions and worked at a web3 startup building no-code automation tools for smart contracts.
    
-   Illia Osmanov (Senior Front-end)  
    Front-end engineer with 10+ years of experience across JavaScript, TypeScript, and Vue.js. Formerly at Cisco, where he improved app performance in low-connectivity regions. Contributed to open-source projects like Effector and ts-vuex-modules, and has built complex applications including a full-featured video editor.",,9b873160 (https://v5.airtableusercontent.com/v3/u/50/50/1771855200000/P6yshg0vJCfWMccdkRoziA/C-8b5er1ROINAUZOn-GZFmQi584I6rkGVk11B7caHAfhkv4Sq2RUaxgoCtSS5tY30Dv6Gm-lVcLJrcwh_2bwTuOE7qsb8KSWDkS3ZB4SWOqayCFi2tbm7EnLPav9YgnjVM1eP2hOtdb3xydokK0THQ/ZVsmDglYDSHWbaEyGR8HFzDw8wzT4X5UhXYyBCW08l0)
Meria DeFi,Idea,Applications,https://defi.meria.com,"Meria DeFi platform (project code ""The Place To Stake"" is a non-custodial one-stop shop for yield generation and portfolio monitoring across multiple blockchains, aggregating yield protocols and staking with transparency and institutional-grade reliability.",$45000.00,$15000.00,No specific region of operation,Meria DeFi,Meria DeFi Stellar Integration,,,SCF #40,SCF #40,"No, my project does not need to be open-source, now or in the future",,,https://x.com/Meria_Finance,,https://Notpublicandnoplanforthat.com,,"The team is made up of developers, engineers, and finance professionals with hands-on experience in blockchain operations, staking infrastructure, and digital asset management.",,29d38fe1 (https://v5.airtableusercontent.com/v3/u/50/50/1771855200000/IbL0mco7XQRXGWYhczR-iQ/m5HZOrO8mVN8IRc4b2SUx9lM9jmqAYpTLmMhCaZP9D05lOu13BlJ_7If3_UVo5m1-J2D_EJACqkM-uXai8z9VM6VCzYESyu9vg4YoWFCRnigo57xQhLiDDnMzzSj15hv1yDEfo-CL_vI1PdlZtuF8A/MG0hNqXOMlWCoqKkmIpnAY5woSlI8LRTFHl4H-PbgAY)
Neovestor - An RWA launchpad,Unknown,Applications,https://neovestor.com/,Neovestor connects emerging market investors with real-world assets and businesses.,$50000.00,$50000.00,,Neovestor - An RWA launchpad,Neovestor - An RWA launchpad,https://communityfund.stellar.org/dashboard/submissions/recUcnDR8rtlntavE,https://communityfund.stellar.org/dashboard/submissions/recUcnDR8rtlntavE,SCF #28,SCF #28,,,https://discord.com/invite/Y57PBsvPct,https://twitter.com/neovestorcom,,,,,checked,Screenshot 2024-07-02 at 2.33.27 PM.png (https://v5.airtableusercontent.com/v3/u/50/50/1771855200000/6iFpQEPqHqfO4gC-weA7jw/aF-se0CdxIb_zyEmXG0dp5s1UCq4kxlJZJ37Q-CqWFfkz71HionqwOxsmXrdPXSh26haOCKHQTIK9ue61R8TWMIUXp8v-OjkavQwl8L8lGL2Oukz5z05hi6nNfDvIeIZQK1koNTF-dWiPIyE2kgZnuh1UhRnC0709mKQYrjPXfh5wkW8t5qt_z5DG3TWKX3m/7cJ3xkPP9cxyL603fheQMNxsUx14YkxrpSw3jo1Lh_I)
Coins.ph: Stellar Remittances,Unknown,Applications,https://coins.ph/,Coins.ph is a regulated e-wallet & crypto exchange offering cross-border payments using Stellar-native stablecoins for low fees.,$50000.00,$50000.00,,Coins.ph: Stellar Remittances,Coins.ph: Stellar Remittances,https://communityfund.stellar.org/dashboard/submissions/recnpsdfOyqPQpkUK,https://communityfund.stellar.org/dashboard/submissions/recnpsdfOyqPQpkUK,SCF #22,SCF #22,,,https://discord.gg/coinsph,https://twitter.com/coinsph,https://www.linkedin.com/company/coins-ph/,,,,,coins emblem.png (https://v5.airtableusercontent.com/v3/u/50/50/1771855200000/4jAbSkqqrWGDFotIK1GCgg/re9T_fNC5ueSdAssQiokHbFUkvnbxBxmF1rhF3RSVcQ8PAyY4BZMelq0ZeoPvSREWmqA0Ir8zBN-WBSv_rAyai9rEHasCsYF3aa7A-mD7SgsU_Nq1IxbNIxDvMeS7FpWkSWbcxKFcE7-97D4msEubg/XE-OQheUAPC6AVCoplN87DcL8BmfsEhapN8knfhsGJI)
Pretium Finance,Unknown,Applications,https://pretium.africa,Revolutionizing African cross-border payments and integrating cryptocurrencies into the economic value chain.,$10000.00,$10000.00,,Pretium Finance,Pretium Finance,https://communityfund.stellar.org/dashboard/submissions/rec5qqmSTk1OR3njh,https://communityfund.stellar.org/dashboard/submissions/rec5qqmSTk1OR3njh,SCF #26,SCF #26,"Yes, fully open-source with Github",https://github.com/derrickbundi,,,https://www.linkedin.com/in/derrick-bundi/,,,,,95a69d99bb35d324e5cdbb7b21a25c26.png (https://v5.airtableusercontent.com/v3/u/50/50/1771855200000/mffJiSb2tuOdzPUY1Da46Q/Eq_fHKz-i3VXppryoWfGMDggTjEldwTjVEOf3lFgt9Evk3kCzq8-LarGcJDCfTN20ztwUeBU36wdOoXkLhZ-jSnMKf87IxAa_2Eac5hc_oMcqUMkVK97l1eg0Jk75cm5h__SLLBj8BOPmpMalimXMZXEy5ewHkm_1PEPrhCYpWvNU3QbKz81TnSLhx2Zx-O3/TnSBwiF3WywFVa8xr2zIAcyEzo2LBqHlyMD9CEGwTMk)
Loop - Cashback Everywhere with Stellar ,Expansion,Applications,https://loopfinance.io/,"Loop reimagines everyday spending by combining the discounts, flexibility and global acceptance of gift cards with the power of blockchain-enabled payments. Users instantly access discounted digital gift cards to shop with merchants across the US, Canada, the UK, and Western Europe. We make savings seamless, global, and inclusive by rewarding customers for how they pay and encourage adoption of innovative financial rails while delivering immediate value at the checkout. Stellar payments empower us to offer significant cashback, passing on the savings from this optimal payment rail and the discounts we receive from suppliers. USDC cashback is delivered instantly to the integrated Stellar passkey wallet. We provide instant, borderless access to savings every time users shop, drive adoption of Stellar as a fast, low-cost, interoperable settlement layer through fantastic discounts, and deliver a frictionless user experience that works across web, mobile, and in-store environments. From a technical perspective, we integrate Stellar for instantly settled on-chain payments, accepting XLM, USDC, and EURC. Users receive instant cashback in USDC to their passkey based wallet. We also enable fast onboarding to Stellar with integrated on-ramps, enabling us to win organic users at any level of blockchain familiarity. For gift cards we integrate leading gift card suppliers: Blackhawk, Incomm, SVS, Tillo, Runa. Through these we have access to hundreds of top merchants covering 300k+ store locations. Finally in addition to the gift card programme we'll offer a cash back mastercard/visa card ensuring users can spend and save anywhere. ",$139600.00,$46533.33,"Europe & Central Asia,North America (without Mexico)",Loop - Cashback Everywhere with Stellar ,Empowering Millions to Save Money,,,SCF #40,SCF #40,"Partly, I do have a public Github",,,,,https://docs.google.com/document/d/12P6uv_l3Pi1cIVonM0gaAIia_nbfoGGNxgXnHEmgwlM/edit?usp=sharing,,"Loop is the consumer facing project by the team behind CTX.com, a crypto payments processor that's processed over $1m of payments. Our co-founders are Ash Francis and Alex Cox. Ash & Alex have built comprehensive crypto payment solutions and contributed to both THORChain and Maya Protocol (decentralized cross-chain exchanges). Prior to becoming full time blockchain developers in 2017, Ash was Head of Digital at an automotive start-up and Alex was dev-ops lead at an enterprise VoIP provider. In addition we're supported by a few external resources assisting in engineering, business functions and fractional general counsel.",,6aa9108e (https://v5.airtableusercontent.com/v3/u/50/50/1771855200000/rVKAVSB3fbOBNh-WDO_QzA/Z455fWAqmXpsHyiWrA-p-RF4FSsc4n8PMksqop5JWSC_26EUSytRWNJ-1PqlcHlztiLcEBXWjhZVkX2Qgp29Qpfpfu6ofDpzP12JXi4lqxw0_d_82hS3aQCrUKmsa4RvDszC66v3m49d6v02RnXHrw/IDkRSxN2E6tJXo-ipaJ0N8IkO9uRzkPbmEcYlPODlcU)
Mercury,Mainnet,Infrastructure & Services,https://mercurydata.app/,"Mercury is a cost-effective and efficient indexing service that specialized both on Soroban and Stellar ""Classic/Vanilla"" indexing. Mercury also offers a cloud service for deploying advanced network-synced programs that need to work with the Network's data.",$172000.00,$172000.00,,"Mercury,Mercury","Mercury, The Mercury Ecosystem","https://communityfund.stellar.org/dashboard/submissions/recwq69g0TVuylMjO, https://communityfund.stellar.org/dashboard/submissions/reckeu03BF6X1OFq7","https://communityfund.stellar.org/dashboard/submissions/recwq69g0TVuylMjO, https://communityfund.stellar.org/dashboard/submissions/reckeu03BF6X1OFq7","SCF #19, SCF #25","SCF #19, SCF #25","Partly, I do have a public Github",https://github.com/xycloo,https://discord.gg/caqz3MeXCv,https://twitter.com/xyclooLabs,,,,,checked,image.png (https://v5.airtableusercontent.com/v3/u/50/50/1771855200000/2qESRHpgsXFFFmvQ8LEz2g/2Kiqf2f-Fjm-Lb5iURc5oakJSw4DWywfbAD06fhR86T59Oai8XB_b2uutoQYL1Z16OCBRPGVyXIDpJ3UUthTWVfGTp16FxfJ72XgoYsx3Y1Htqs2HY3olgY14JwrH1nqXjYtnulbIhHGdxghHl5HPg/T_DL9C6CkC7XTcNcdkzCkFAS0uJ08MV7hkcQfObDCJk)
xlm.sh,Mainnet,Infrastructure & Services,https://xlm.sh/,Gateway for .xlm websites,$36000.00,$36000.00,No specific region of operation,xlm.sh,xlm.sh: Gateway for .xlm websites,https://communityfund.stellar.org/dashboard/submissions/recu6fJQwuDeFeXlv,https://communityfund.stellar.org/dashboard/submissions/recu6fJQwuDeFeXlv,SCF #31,SCF #31,"No, my project does not need to be open-source, now or in the future",https://github.com/lightsail-network,,,,https://xlm.sh/,,overcat - Has been active in the Stellar community since 2018 and has rich experience in Stellar-related development. He maintains a series of Stellar infrastructure software. You can find all of his currently maintained Stellar-related projects here: https://lightsail.network,checked,xlmsh_thumbnail.png (https://v5.airtableusercontent.com/v3/u/50/50/1771855200000/RdwmOfP6GRijGwKpoy9BzQ/VKqTO1Q2VGxCSe0CAUKGy7FNKEdb3j0yjNyFogTx2L4_LJiqaEGkGZAwDCBncN5HtxKrjMib8Pkf0DOTj4Lg_hc7AjxLcpTlUhS7AXgCabBi692hSRUYviUKUi4XuD2LIdVq_Y82xjKl6SmQXc6Fnw/9etVmHIAlADjIX4VueCPoTQzpX73cwe3px_haiy1HEQ)
StellarExpert,Mainnet,Infrastructure & Services,https://stellar.expert,Ledger explorer and analytics platform for Stellar Network,$0.00,$0.00,No specific region of operation,,,,,,,"Partly, I do have a public Github",https://github.com/stellar-expert/stellar-expert-explorer,,,,https://stellar.expert,,We build Stellar infrastructure on Stellar network. Majority of Stellar ecosystem developers use our services on a daily basis.,checked,xed1hdifcifdku5nbciv.png (https://v5.airtableusercontent.com/v3/u/50/50/1771855200000/KyDuzP1WXVzhINTbDZESBA/zvZG4c47d0bUddd-8KwJE3JYMyUyydq0eatn7CphWD51X2AeCqmFLwBdJL7KiV6cRy2cqF4B0DCX4pfeIJpZ6-ZyOc6nh0a9uHN_AaQTW6jqBZd7d0eI3GpBBtSNPdf3oS1BDf-1Caam9PBuoODNYw/cplrUp3QP4tVykYpv3kdmV76FV3T4NTNOi0AZ5pxxQo)
BPV StellarMesh Anchor,Mainnet,Infrastructure & Services,https://www.bpventures.us/,"BP Ventures, a trusted, longtime Stellar integration partner, Stellar validator, and Circle Alliance member, proposes connecting Mesh—a leading aggregator of 300+ crypto exchanges—via our Anchor solution to the Stellar network.  This integration enables seamless funding of Stellar wallets using the Mesh API, allowing users to transact directly from their exchange accounts without leaving their wallets, leveraging SEP-24 and other Stellar protocols.  Leading Stellar wallets such as MoneyGram, Lobstr, Decaf, and Freedom Pay Wallet will benefit by enabling instant onboarding and transaction execution without additional development.  Using Mesh as an anchor, Stellar wallets can enable users to buy RWA, fund MoneyGram payments, or donate to charities effortlessly.  Our project taps into a combined user base of over 170 million active users across major crypto exchanges integrated via Mesh.  This connectivity provides Stellar wallets with unprecedented access to liquidity and on/off ramp services globally, unlocking significant growth and ecosystem expansion opportunities.  As Stellar targets $3 billion in RWA tokenizations by end-2025—up from $290 million earlier this year—this integration will accelerate ecosystem growth through scalable cross-exchange onboarding powered by Mesh’s proven API infrastructure, simplifying digital asset participation and driving Stellar’s expanding impact, benefiting the entire Stellar community.",$150000.00,$141666.67,"Latin America & Caribbean,Sub-Saharan Africa,Europe & Central Asia,North America (without Mexico)","BPV StellarMesh Anchor,BPV StellarMesh Anchor","BP Ventures, Universal Mesh Integration for Stellar ",https://communityfund.stellar.org/dashboard/submissions/rec1UP0te2eVEQ6o0,https://communityfund.stellar.org/dashboard/submissions/rec1UP0te2eVEQ6o0,"SCF #10, SCF #39, SCF #40","SCF #10, SCF #40","Partly, I do have a public Github",https://github.com/bp-ventures/django-polaris-bpv  https://github.com/bp-ventures/retail-wallet  https://github.com/bp-ventures/stcli,,https://twitter.com/bpv_us/,https://www.linkedin.com/company/bpventures/,https://hetrixtools.com/r/5744cb2240ee52133741021c3dcae17b/,,"BP Ventures’ core team consists of six dedicated members with deep expertise in Stellar blockchain and fintech innovation, supported by additional advisors and blockchain specialists as needed. Founders and directors Anthony Barker, https://www.linkedin.com/in/anthony-barker-15288a/ and Jeff Phaneuf, https://www.linkedin.com/in/jeffrey-michael-phaneuf-70540930/ have been Stellar blockchain and payment experts since 2017 with extensive experience leading fintech and blockchain projects globally.",checked,035b4b7f (https://v5.airtableusercontent.com/v3/u/50/50/1771855200000/gEJXOyuGl-_WdJRQSBYBAA/nqSqAWJoCS1pKYT7iUWg2ppZAsm7lkbJESP02DB8FFNeUdZmW80vZrsVP6p4dXByM3XGILLU0jM0PIG5hlV1zDIzMsEKK1Is5s0c2_Ia8lHOPoTcMQMlFciP7AgC6hdHv1ZVG_0kYXAketLIeLzJQQ/I3DVggDcP-WuQKDBuyeXT9rG1ULZXZdOK7jFGMleZQE)
Lightecho Stellar Oracle,Mainnet,Infrastructure & Services,https://lightecho.io,Reliable and Trustworthy Emerging markets and XLM Volatility price feed for Soroban.,$93110.00,$93110.00,,Lightecho Stellar Oracle,Lightecho Stellar Oracle,https://communityfund.stellar.org/dashboard/submissions/recLl0Y8hNXWZttmc,https://communityfund.stellar.org/dashboard/submissions/recLl0Y8hNXWZttmc,SCF #16,SCF #16,"Yes, fully open-source with Github",https://github.com/bp-ventures/lightecho-stellar-oracle,,https://twitter.com/lightechoi/,https://www.linkedin.com/company/bpventures/,,,,checked,image.png (https://v5.airtableusercontent.com/v3/u/50/50/1771855200000/IYjZVxDQAooskoJKaWDujg/XQA_AknRNOqFbMDcQhMd4IrOPRokg53uyAvMDszwCSN19Zs_bMXS5UfD9eDacfii4VkGhL1y00knM2aZ9BaRtz2dqK_ab_h8JJiIKYmYq0IOG0brGvvXsmYdQLhbXkhyxKZo3nWFglFYzfXFPmL2eQ/LAPIutpuXh1nOrtIATmmoRyW_7MuW-Hap8DPKIdfPDs)
StreamingFast (core dev team at The Graph),Mainnet,Infrastructure & Services,https://thegraph.com/docs/en/new-chain-integration/,"Substreams and Subgraphs are powerful blockchain indexing technologies, developed to provide users a full programmable and high-performance stack for any on-chain data related need. To bring a non-EVM chain onto The Graph, the StreamingFast team must first complete a Firehose and Substreams integration, see here for more information: https://thegraph.com/docs/en/new-chain-integration/",$150000.00,$150000.00,North America (without Mexico),StreamingFast (core dev team at The Graph),The graph indexing stack integration of Stellar,https://communityfund.stellar.org/dashboard/submissions/recxtseGT8HXT3ZDC,https://communityfund.stellar.org/dashboard/submissions/recxtseGT8HXT3ZDC,SCF #31,SCF #31,"Yes, fully open-source with Github",https://github.com/streamingfast/firehose-stellar,,https://x.com/graphprotocol,,https://thegraph.com/explorer,,"The StreamingFast team, leading this integration into The Graph network if approved, consists of 15 members that are some of the world’s experts at processing and indexing blockchain data.",,eniwmsyxbxnsdk3yjqwl.png (https://v5.airtableusercontent.com/v3/u/50/50/1771855200000/hQhq-UgGuS2N4a1pWNwqeQ/pDqqJG2IA3tKahWZMvWKFxdQxGExu6n71oCgxBm6zWJuVBP2q5PgK0__40zl7KYz9dCJIx1BouTEbZvNSwJ_BfTAukg4ddKUJueWuftgdhM7bJ1kWfHMDOCZkztDEd4FAThxcmd0Paf_qlXT_9C0xQ/Qg79i4H8UOZtl4Xh6Q5hdTHmS_Tn_MHZ9uBHidYzlIc)
SorobanPulse,Mainnet,Infrastructure & Services,https://sorobanpulse.app/,SorobanPulse showcases Soroban's true potential through data and metrics from real world problem-solving dApps.,$168500.00,$168500.00,,"SorobanPulse,SorobanPulse,SorobanPulse","StellarPulse, SorobanPulse, SorobanPulse v2","https://communityfund.stellar.org/dashboard/submissions/recPl3UvHNe1nngVy, https://communityfund.stellar.org/dashboard/submissions/reccKirUoWW2ux0Le, https://communityfund.stellar.org/dashboard/submissions/rec78cnFmi3n9aMxx","https://communityfund.stellar.org/dashboard/submissions/recPl3UvHNe1nngVy, https://communityfund.stellar.org/dashboard/submissions/reccKirUoWW2ux0Le, https://communityfund.stellar.org/dashboard/submissions/rec78cnFmi3n9aMxx","SCF #11, SCF #16, SCF #20","SCF #11, SCF #16, SCF #20","Partly, I do have a public Github",https://github.com/CrossChainLabs-Stellar/sorobanpulse-webapp,,,,,,,checked,image.png (https://v5.airtableusercontent.com/v3/u/50/50/1771855200000/YlivLiwqxRQ2Dd-C97IrRg/Whv_MIWSnLGlqKfFf0Rng04QWDX2yOtB791gSnK65UARF_Yuc5-QYxje8_w9_s4d-ZG_kdqm7KnXR3Zpnn2v92sw__uKyx_8ElvfY5DGaaJtTMAk88hfRq47WwqbXmOMX_YzF1W2HrApVNjNGIwFfw/s1NHS9E2vgZ50nesFfwhwtHcz5uSJ_jxSz61HzB-RoU)
SubQuery Network,Mainnet,Infrastructure & Services,https://subquery.network/,"SubQuery is a leading blockchain data indexer that provides developers with fast, flexible, universal, and decentralised APIs for web3 projects. We empower developers from over 100+ ecosystems including Stellar, Ethereum, Polygon, Polkadot, Cosmos, Algorand, NEAR, and Avalanche with rich indexed data to allow them to build intuitive and immersive decentralised applications. This blockchain developer toolkit enables developers to focus on their core use case and front-end without wasting time building a custom backend for data processing activities. In the near future, the SubQuery Network will replicate this scalable and reliable solution in a completely decentralised manner.",$98640.00,$98640.00,,SubQuery Network,SubQuery Network,https://communityfund.stellar.org/dashboard/submissions/recv7q71W4I8LcYAw,https://communityfund.stellar.org/dashboard/submissions/recv7q71W4I8LcYAw,SCF #18,SCF #18,"Yes, fully open-source with Github",https://github.com/subquery/subql-stellar,https://discord.com/invite/subquery,https://twitter.com/SubQueryNetwork,https://www.linkedin.com/company/subquery,,,,checked,Screenshot 2023-10-13 at 1.17.57 PM.png (https://v5.airtableusercontent.com/v3/u/50/50/1771855200000/izdx5Yfqs6roAp1XKc8l7Q/1aa-L8vrooMHPAzjVWRiXZGhGyYwguF3rKGSmrRW02LvvkzykYUAoRjq_-jYjVGgqiIYqqiv3YAMNO627z394ppfQKIMEG1AKpxmZOa0uJLmuCGAFX5G-vkGQGIpbk5mVfLp1UcaVmI7B4jNoOlnhGtK3iLqvY4KV0F_6tDKCmo/OmqXHGsVTRRui67k5BGcwPlfebBrf0H8OQxsKJddOAw)
Bitwave,Mainnet,Infrastructure & Services,https://Bitwave.io,"Bitwave is a digital asset finance platform designed to manage the intersection of digital asset accounting, tax, and compliance.",$150000.00,$150000.00,,"Bitwave,Bitwave","Bitwave Stellar Integration, Bitwave Enterprise Payments","https://communityfund.stellar.org/dashboard/submissions/recuqcat2t0W9ya9o, https://communityfund.stellar.org/dashboard/submissions/recTq3wV5OuPXU0mp","https://communityfund.stellar.org/dashboard/submissions/recuqcat2t0W9ya9o, https://communityfund.stellar.org/dashboard/submissions/recTq3wV5OuPXU0mp","SCF #24, SCF #29","SCF #24, SCF #29","No, my project does not need to be open-source, now or in the future",,,https://twitter.com/bitwaveplatform,https://www.linkedin.com/company/bitwaveplatform/,,,,checked,fb58d2ba75883cbc28a9d14b5094aa3c.png (https://v5.airtableusercontent.com/v3/u/50/50/1771855200000/A845ssyO-cFBhLZ1x2mufA/6h5YrxBRxNzHznI0JxZy1_4NP2AaQzDPIEkiNnsQd6d1c6z2NL41wD80f8-Bp_u8aRBSVBn0qIJVvwfRktLzAYI4cYOpGhQgdPhKCR1YVNLX9bupEiODBw7OraZ-p43eiie2CZEpwrBSpGh68OvpB3QfkEarH_BRBNwiDMowpTg/ZqF4BoHASfhPms5Y7bLnbH0VLmmwFTVRrOmKofBDs90)
Nodies,Mainnet,Infrastructure & Services,https://nodies.app,"With 3+ years of experience, Nodies offers the Stellar community high-performance RPC & Horizon services in Mainnet and Testnet. ",$62000.00,$62000.00,No specific region of operation,Nodies,Nodies Web3 Infra Services,https://communityfund.stellar.org/dashboard/submissions/recwxiAUvdOz3nlNh,https://communityfund.stellar.org/dashboard/submissions/recwxiAUvdOz3nlNh,SCF #30,SCF #30,"Partly, I do have a public Github",https://github.com/nodiesorg,https://nodies.app/discord,https://x.com/nodies_infra,,https://blog.nodies.app,,"We have a team of 13 members with over three years of experience in running blockchain infrastructure. Our expertise includes developing node-running software that has dramatically reduced the cost of node operation by 99%. Additionally, Nodies is leading efforts to develop open-source gateways within decentralized RPC protocols. This initiative not only simplifies the onboarding process for additional gateways but also contributes to the broader open-source community.",checked,Logo_horizontal-colored-white_background.png (https://v5.airtableusercontent.com/v3/u/50/50/1771855200000/Q1n56C9c0X04dlnwc8MJSA/OAvH70zNjzJKlyzWW6D_Lnvjmf-Iy1iR2d70K1J8UpmwQNig9ycM87Y43cJkRi_FsxCLjsAa02bMDvIFGwgak4qUMUiBAbBQYyocn_mMN58SPJNgZUtqjMnrghghrDZTxAPXtHgfhoZZ7f5EnXa8b5mxj5NlGzvBOVWVoCmtoc95M3iSha8qoPUEyXrSMfROkjtKR5rn7ewD6nf80BMkgg/elyxOtpNPvw5KhPT0-psA5tPekDYd2VKQAujm_u0eC8)
Dfns,Mainnet,Infrastructure & Services,https://www.dfns.co,"Dfns is a leading wallet infrastructure as a service platform, supporting banks, fintechs, tokenization platforms and more.",$25000.00,$25000.00,No specific region of operation,Dfns,Dfns Stellar Support,https://communityfund.stellar.org/dashboard/submissions/reciEIStd1IvAErh8,https://communityfund.stellar.org/dashboard/submissions/reciEIStd1IvAErh8,SCF #25,SCF #25,"Not yet, I don’t have a Github yet but my project will be open-source",https://github.com/dfns,,https://x.com/dfnsHQ,https://linkedin.com/company/dfnshq,https://github.com/dfns/dfns-sdk-ts/pulse/monthly,,-   c0x41lch0x41: Dfns CISO. Ex SDF head of security,checked,Screenshot2024-04-17at4.47.47PM.png (https://v5.airtableusercontent.com/v3/u/50/50/1771855200000/ZoX3jPFBq145vv71AYF7Xg/8fJM1Y5OaAis3gMC3MqEfpoUugxk91EgM6zO3aak55fLXlptgg_W94xKf1gjbbnDfd6AWWSImAG25kgST_k5iYQIrQW4qyebRa4G3aIzLym85jW9W3p1AxsX3l_2hqWVu-DwIvv1I53ysbxHWzMLUg/Y87EMXzJEfay9dZDTLeGnYWpQqjhlUBY1Zekugq_EHs)
Dapplooker,Mainnet,Infrastructure & Services,https://dapplooker.com/,"Stellar Network integration for No-Code Web3 Business Intelligence, Community Analytics, and Visualization",$27700.00,$27700.00,,Dapplooker,BI Tool For Stellar Community,https://communityfund.stellar.org/dashboard/submissions/recRWimCH2fHeod4L,https://communityfund.stellar.org/dashboard/submissions/recRWimCH2fHeod4L,SCF #24,SCF #24,"Partly, I do have a public Github",https://github.com/orgs/dapplooker/repositories,https://discord.com/invite/s2BYwUMTQ4,https://twitter.com/dapplooker,https://www.linkedin.com/company/dapplooker?originalSubdomain=in,,,,,6690582c933b3b8efdcc07ca20a550b6.png (https://v5.airtableusercontent.com/v3/u/50/50/1771855200000/1EE6LzvLj_8rq3lk1eV88A/VOnDTdLx4J0Fj0LdtSNq2SckAy-JbMtu2arm8jEQ_CQKQTHVZIIqk2FzHkQC0AwUVAqcKvoVjHPkkLndSMIPvLDo7pOTc-pV1pJuzDhmnxp9E5ZwYPQfNeumqMBVMK3rMYqThH77rBy6lW0Di9djUl_HKHyLUZ53xNrCJ5aqgWo/dUsoBIv2tMMIE3nVQBiWKb8KqAN-eXAGDO_X96QNUTc)
Reflector,Mainnet,Infrastructure & Services,https://reflector.network,"Decentralized price feed oracle for Stellar DeFi smart contracts to support derivatives, lending, and asset management",$444840.00,$444840.00,No specific region of operation,"Reflector,Reflector,Reflector,Reflector","Reflector, Reflector | Expansion, Reflector | CEX price feeds, Reflector DAO","https://communityfund.stellar.org/dashboard/submissions/recWtqpdZ2UzVkfhe, https://communityfund.stellar.org/dashboard/submissions/recfrasfvgSGAXEZD, https://communityfund.stellar.org/dashboard/submissions/rec6KwJXq7HNQpjAb, https://communityfund.stellar.org/dashboard/submissions/receZeLlUlVSruadg","https://communityfund.stellar.org/dashboard/submissions/recWtqpdZ2UzVkfhe, https://communityfund.stellar.org/dashboard/submissions/recfrasfvgSGAXEZD, https://communityfund.stellar.org/dashboard/submissions/rec6KwJXq7HNQpjAb, https://communityfund.stellar.org/dashboard/submissions/receZeLlUlVSruadg","SCF #15, SCF #20, SCF #26, SCF #29","SCF #15, SCF #20, SCF #26, SCF #29","Yes, fully open-source with Github",https://github.com/reflector-network/,https://discord.gg/v2ggfDty2d,https://x.com/in_reflector,,https://reflector.network,https://ottersec.notion.site/Reflector-edd307969e3843b4abfaff993328d7ee,We build Stellar infrastructure on Stellar network. Majority of Stellar ecosystem developers use our services on a daily basis.,checked,image.png (https://v5.airtableusercontent.com/v3/u/50/50/1771855200000/FjYEeFxZnuqUba5U6hAwOg/1YHFnpFKdkHmWTSq69wBYNEZ8LZGKy4yYk71qfTyzOlp9vn3eJSPS6sZQOCxQzJOy9ON-4c5EhuMfLfq6KawF9D8pWH2kUqtYNAkP0K_oaPZUTOmChZYEK8TZ8LenS06nCvi4jLK2NXusN0LOmqBWQ/39BYW2ujaXIG54HUDg1LwNrwR9VPhHqiGIhc7ZrLIVA)
Public Node,Mainnet,Infrastructure & Services,https://publicnode.org,A nonprofit organization that supports and brings a trusted and meaningful public voice to open and inclusive blockchain networks. ,$150000.00,$183223.62,,"Public Node,Public Node","Public Node – Nodes funded by community, Public Node","https://communityfund.stellar.org/dashboard/submissions/recTji3f3i7o27OUM, https://communityfund.stellar.org/dashboard/submissions/recyLIn8jG3DJVJz3","https://communityfund.stellar.org/dashboard/submissions/recTji3f3i7o27OUM, https://communityfund.stellar.org/dashboard/submissions/recyLIn8jG3DJVJz3","SCF #3, SCF #13","SCF #3, SCF #13","No, my project does not need to be open-source, now or in the future",https://github.com/publicnode,https://discord.gg/pVR29p5NxK,https://twitter.com/publicnode,,,,,checked,image.png (https://v5.airtableusercontent.com/v3/u/50/50/1771855200000/rpxhTT2v3kOpYgKrByY6Uw/MAv3sG6Y1Fkpc3QvjnrOY4CrA6EY_xIFmlwPsWK9F-28xLZtGQmMb5X_C1J8NOEfu1ABZWK1V5ZOCWz_atp5zoCWIUHlGXCwlRvJMdt7LSp146Id0cRpvEteX4KNPxhGvqUM-Eh2dAbqZolltwjFXw/1rZ6PxdjWn-GsksqbZbVXwjOXTjWCpdPCSokLd06A04)
Band Protocol,Mainnet,Infrastructure & Services,https://www.bandprotocol.com/,Band Protocol is a cross-chain data oracle platform that aggregates and connects real-world data and APIs to smart contracts.,$60000.00,$60000.00,,Band Protocol,Band Protocol Oracle Solution,https://communityfund.stellar.org/dashboard/submissions/recItGzRXb0jGGtzx,https://communityfund.stellar.org/dashboard/submissions/recItGzRXb0jGGtzx,SCF #16,SCF #16,"Yes, fully open-source with Github",https://github.com/bandprotocol/band-std-reference-contracts-soroban,https://discord.gg/qDcEsjCj,https://x.com/BandProtocol?s=20,,,https://runtimeverification.com/blog/runtime-verification-audits-band-protocol-s-rust-implementation-of-the-band-standard-reference-soroban-smart-contract,,checked,image.png (https://v5.airtableusercontent.com/v3/u/50/50/1771855200000/M070E45-HbRFvoxLC3b_sQ/5qRujswiQBXXCLEdfrh1j3aMxlcfkypSb-lcyLlG7vy6_holwYCOMwsrPfxWzOTHDZrJytRyf-jqGw3JgLeAqWDkD5wNlyqx9tevzv4kwUbF6bqNIkuWU9ub6H_za7w81S24mvXnfSD-5IS0Z5yBWQ/wy_VKOi2tMlpels1fkR0tGUdyxF3zr4WCifu5xfWbPE)
Gateway.fm,Mainnet,Infrastructure & Services,https://gateway.fm/public-rpc/,Public Soroban RPC infra from gateway.fm. Mainnet/Testnet: 30RPS free of charge. Or 60RPS after the signup at https://admin.gateway.fm/,$150000.00,$150000.00,,Gateway.fm,Stellar/Soroban Public RPC infrastructure from Gateway.fm,"https://communityfund.stellar.org/dashboard/submissions/recw85qJRueeg4l6d, https://communityfund.stellar.org/dashboard/submissions/recFxuRJV392alOYs",https://communityfund.stellar.org/dashboard/submissions/recw85qJRueeg4l6d,"SCF #16, SCF #30",SCF #16,"No, my project does not need to be open-source, now or in the future",https://github.com/gateway-fm,,https://twitter.com/gateway_eth,,,,,checked,image.png (https://v5.airtableusercontent.com/v3/u/50/50/1771855200000/WUsOmKMIxPtJPLb3tbi-pQ/tYq5ZB-PqhVyi3S27D95U3gZN2XY0zqWqBctuRDELEN7zxscjK-XpgNmc_am5IxEH8Zo_7Ew0lQI-XINdLLsMKECpENXdHdxCJ0hIhsuVC40hQTwcL3DuJx-2SQ4_ysktDOECbgc01PSsJn15nZkLw/lWJa5YyqCsC3JOhGyWElzip5xU62WNzs5kQCQgI-f5s)
Horizon-as-a-Service,Mainnet,Infrastructure & Services,https://withobsrvr.com,"Whether you're looking for Soroban RPC nodes, or Horizon API Access, Obsrvr offers production ready, infrastructure to help you build on the Stellar network with a few clicks.",$32500.00,$32500.00,North America (without Mexico),"Horizon-as-a-Service,Horizon-as-a-Service","Horizon-as-a-service, Horizon-as-a-Service","https://communityfund.stellar.org/dashboard/submissions/recekYNQEoPjP1Did, https://communityfund.stellar.org/dashboard/submissions/recYP22jRMBNgKhaU","https://communityfund.stellar.org/dashboard/submissions/recekYNQEoPjP1Did, https://communityfund.stellar.org/dashboard/submissions/recYP22jRMBNgKhaU","SCF #11, SCF #13","SCF #11, SCF #13","No, my project does not need to be open-source, now or in the future",https://github.com/withObsrvr/nomad-pack-web3-registry,,https://twitter.com/withobsrvr,,https://withobsrvr.com,,Tillman Mosley III - Founder - Specializes in automation and platform management across multiple industries.,checked,Screenshot2023-02-126.371.png (https://v5.airtableusercontent.com/v3/u/50/50/1771855200000/n3BVs7hJM-E68ofGZ86Rmg/R90slGTxYrF50Qcc088iH26zB6yI1sn-MqVEkLGOxkD15SmKNBv93vKltvrau4b3-5aBxW-2Mgin7axyyLN2KaIMgq1gXRM7UfVfyIkyqjHOf2bzb1Z4jryYdW7P84Dmz1SHuqExk22dWAub1lMAjw/yG0wNvyVK_zTHi12aVWWZpAY0sJ1tXIJdALioAzelvk)
Stellar Attestation Service,Mainnet,Infrastructure & Services,https://sasdev.xyz,Soroban framework for attesting to digital interactions on the Stellar network.,$120550.00,$120550.00,,"Stellar Attestation Service,Stellar Attestation Service","Stellar Attestation Service, Stellar Attestation (Proofs & Notaries)","https://communityfund.stellar.org/dashboard/submissions/recF8AbyncoxdFYvk, https://communityfund.stellar.org/dashboard/submissions/recoWNZzFCKF3y2jb, https://communityfund.stellar.org/dashboard/submissions/recIHN98Ja7MMb4DX","https://communityfund.stellar.org/dashboard/submissions/recF8AbyncoxdFYvk, https://communityfund.stellar.org/dashboard/submissions/recIHN98Ja7MMb4DX","SCF #29, SCF #31, SCF #32, SCF Public Goods - Q4 '25","SCF #29, SCF #32","Yes, fully open-source with Github",https://github.com/daccred/attest.so,,,,,,,checked,1080 (https://v5.airtableusercontent.com/v3/u/50/50/1771855200000/ITXLu9VPQuu9BQPPfTzH-g/Wgyo1JAuKTxF0xqERUzMuqWwMFbn-jBmRwCkqiHLeIasaavTVOkcmLMvBqapQfPG4qVQafSrtKe_htoMC3c5TnH4-yMqJvcVv2uMGfJj4z7dZkQgxz8l-KJFXQiWgtzEHzm437E7kDxuxf7_HfwVVQ/uQpDpbCdkD43aa2mg8pOBpklGVS2q2SZG6QTWMuKdFs)
Steepx Stellar Explorer,Mainnet,Infrastructure & Services,https://steexp.com,Soroban / latest protocol support and stack upgrade,$31100.00,$31100.00,,"Steepx Stellar Explorer,Steepx Stellar Explorer",Stellar Explorer,"https://communityfund.stellar.org/dashboard/submissions/recZKQqHZYKuHG5Ib, https://communityfund.stellar.org/dashboard/submissions/reccUoeNl7hFKThtM","https://communityfund.stellar.org/dashboard/submissions/recZKQqHZYKuHG5Ib, https://communityfund.stellar.org/dashboard/submissions/reccUoeNl7hFKThtM","SCF #16, SCF #20","SCF #16, SCF #20","Yes, fully open-source with Github",https://github.com/chatch/stellarexplorer,,,,,,,checked,image.png (https://v5.airtableusercontent.com/v3/u/50/50/1771855200000/WdJAJJKD3Sweuo6lKH0lcg/cDVj0egu9AOGtyNabl48aw3j0EuyOWwkIxMoDPKt39tRvUSnBaHa34f_NBQlj7IO913yjyOViKY5riXaX6veTE7ZqHHRBFzyUtf7m5ce0-bwx7DiP4wkWZYf8tLxz9TGBk1kMWU1sTOvLn5vNRh74Q/ufs-d-Pa-oUkhV87DFujWvk3BkkjbcGd03F1F5PwIws)
EnerDAO,Mainnet,Infrastructure & Services,https://www.enerdao.org/,EnerDAO: Fuelling the Global Green Transition through Decentralized Finance and tokenization of renewable power projects debt.,$47700.00,$47700.00,,EnerDAO,EnerDAO - DeFi for Renewables,https://communityfund.stellar.org/dashboard/submissions/recxI1WH8tFYnAwag,https://communityfund.stellar.org/dashboard/submissions/recxI1WH8tFYnAwag,SCF #24,SCF #24,"Partly, I do have a public Github",https://github.com/EnerDAO/MVP_SMART_CONTRACT.git,,https://x.com/ener_dao,,,,,checked,968b56663d287d49267618ee8e606f53.png (https://v5.airtableusercontent.com/v3/u/50/50/1771855200000/Yti0FDW3i9Hj2ZvwRQ0hyQ/K5zeoOs8zhD3US865dQ8Z5VF6ZbE-EoUVgHulQ86dqt0YNvIFEYb2uttJIfKwYs-_TUsedFfNAUWWUZ4O2m7OHfXZZRKy3tGHgJ_LzNilIp841UDkN0BqkDBJVyzeolbcPi6oCyNwlXRZx-_HpfI9VuBHo66trNmPIgzHWpBD7Q/vHR7a4-JvlXRDtlFFCb7OjziV9GGSb5yFA0KYlNUHeY)
Goldsky,Mainnet,Infrastructure & Services,https://goldsky.com,"Offering builders access to real-time, high-performance Stellar data indexing and to a CC0-licensed public good dataset",$128000.00,$128000.00,No specific region of operation,Goldsky,Goldsky,https://communityfund.stellar.org/dashboard/submissions/recnHUE6Wv5qJbloO,https://communityfund.stellar.org/dashboard/submissions/recnHUE6Wv5qJbloO,SCF #19,SCF #19,"No, my project does not need to be open-source, now or in the future",https://github.com/indexed-xyz/docs,,https://twitter.com/goldskyio,,https://goldsky.com,,"Goldsky is a team of ~25, primarily high-powered builders and engineers from the data engineering world in gaming, financial services, and big tech.",checked,soroban1.png (https://v5.airtableusercontent.com/v3/u/50/50/1771855200000/8HOKW3sA5BaT_a1X5mk2KQ/BBNia_p9UQBabC2CazVXx7mHceNkeMxwZnpfn3kJ_M2PFPEC-ji_N1QvU6K8jQG1CMB407UKvdwNy3yzbdo66peS8ps2zbQ2BrXfMihSXdsRwAP0WDm044EQtQ5hqFDErE4EQU4-qze9JE12zeY9lQ/7JLLuNhDT1JjxGLp0uuc-lmvGR_ReQTp3kxbU4nEMPE)
Mercuryo ,Mainnet,Infrastructure & Services,https://www.mercuryo.io/,Mercuryo is a leading web3 payment company empowering clients across 150 countries. ,$50000.00,$50000.00,"Latin America & Caribbean,East Asia & Pacific,Middle East & North Africa,Sub-Saharan Africa,North America (without Mexico),Europe & Central Asia,South Asia",Mercuryo ,Mercuryo x Mastercard x Stellar Connecting Stellar to 100m Merchants. ,https://communityfund.stellar.org/dashboard/submissions/recNQZK29Ly63kIP2,https://communityfund.stellar.org/dashboard/submissions/recNQZK29Ly63kIP2,SCF #31,SCF #31,"No, my project does not need to be open-source, now or in the future",https://oor-api.redoc.ly/,,,https://www.linkedin.com/company/mercuryo-io/mycompany/,https://oor-api.redoc.ly/,,"Lobstr x Mercuryo x Mastercard * [Pascal Kurzawa](https://www.linkedin.com/in/pascal-kurzawa/) - Senior BD, responsible for this proposal, managing relationships with Cardano foundation and Cardano dApps. [Peter Kelen](https://www.linkedin.com/in/peter-kelen/) - Commercial Director and Ex-VISA, responsible for overlooking revenue growth, establishing targets, ensuring project execution and overlooking client acquisition on Cardano. Vasil Viktorov - Product Lead (Debit Card), responsible for Mercuryos card program, establishing roadmap and liaising with card providers, negotiating contracts and accepting customer feedback/product recommendations.",,soteeun1jrxvo1vfgbqu.png (https://v5.airtableusercontent.com/v3/u/50/50/1771855200000/d_ZmG-RAn-Kr6yW5VHs18Q/oNRLvN7sQ9IoNKpXSKegu9euxHciowR69XUq_AL4J4LMj7atdSWbkxaqAWDYPpBaIPor9Ubz9niS5MxRIAO4vsQPT2pYpENk-wQTEQJHGvnVVMvnnodEOmuLmK1XjjH5LLGxpbp4TbQI_mPubV5iwQ/mRQOM5aI4fDMG1F7_AnmMG_A9RA1bPiEkMbW9ZKceyM)
Arculus x Stellar: Payments With Soroban,Mainnet,Infrastructure & Services,https://www.getarculus.com,"Arculus enables stablecoin or token holders on Stellar to pay at any Visa/MasterCard merchant, directly from self-custody wallets, utilizing Soroban smart-contracts.",$148400.00,$148400.00,No specific region of operation,Arculus x Stellar: Payments With Soroban,Real World Payments with Stablecoins and Tokens on Stellar with Soroban,https://communityfund.stellar.org/dashboard/submissions/recGwkWWrGuZAuC3b,https://communityfund.stellar.org/dashboard/submissions/recGwkWWrGuZAuC3b,SCF #30,SCF #30,"No, my project does not need to be open-source, now or in the future",,,,,https://www.getarculus.com/business-solutions/,,"The core team on this project consists of around 5 members. Besides building an entire cold storage wallet ecosystem - We have built a working product that is identical in function to the project proposed in this application on the polygon network, and are ready to start building on Soroban.",checked,Arculus_HorizontalLockup_Obsidian_1000px.png (https://v5.airtableusercontent.com/v3/u/50/50/1771855200000/CrvMFfzkZ9G1xpWFegzmTA/aakZBwZw8bNVTXHX5IZKaNKf3_6iwI-rTxYYDThwDj0I_Fa7MXuD1ZXMRmzl-ufM-eMUQbaPfokLkjT6glXNTDOGhp0NR5bdlq_hg2He8O2Yo6C-OTcNxDux8XMfsCHiQG4XIh1ivWK457VkFV-YLg/kq_uECQN6aK7OzcOcLH8wJYO0wZQEkygItZR6G732q8)
InfStones,Mainnet,Infrastructure & Services,https://infstones.com ,Provide Horizon and Soroban API developer access via an auto-scaling cluster with a freemium endpoint and support structure.,$150000.00,$150000.00,,"InfStones,InfStones",Horizon & Soroban API,"https://communityfund.stellar.org/dashboard/submissions/rectOzAPw9WZwU8ec, https://communityfund.stellar.org/dashboard/submissions/rec14mcRMcEixJXEg","https://communityfund.stellar.org/dashboard/submissions/rectOzAPw9WZwU8ec, https://communityfund.stellar.org/dashboard/submissions/rec14mcRMcEixJXEg","SCF #26, SCF #29","SCF #26, SCF #29","Partly, I do have a public Github",https://gitlab.com/infstones-com,https://discord.com/invite/5Sgu93crrA,https://twitter.com/infstones,https://www.linkedin.com/company/infstones/,,,,checked,Screenshot 2024-05-14 at 12.06.34 PM.png (https://v5.airtableusercontent.com/v3/u/50/50/1771855200000/eJIe_DXOBFd-WiT-gOCSTw/8c8SZ1Auj4MV2uCd9tgGF9IhNUphgaHKiFr9uO14dOia0G2X5u1KVDepl12Wkfs4yOpn1OjVqnweXJORiaGBeg4LcSPD4MiMKuOgpvLTSaxfcInFig11FRslZLSCHEqD0WsBrVPOFAjgU2b2fBjW38WVA_Dibd-EVUvxcYwMk4OooA53SH8Dq8B2tneam6uj/j59DIuCzz3gdvvo1b1mi3IlAZDEACITjXE-JcHUOvxc)
Institutional Treasury - XLM,Mainnet,Infrastructure & Services,https://arreltech.com/platform,Integration of Stellar blockchain into existing Digital Asset PLatform (DAPL)to reduce adoption barrier for institutional clients,$150000.00,$150000.00,"Sub-Saharan Africa,Europe & Central Asia,North America (without Mexico)","Institutional Treasury - XLM,Institutional Treasury - XLM","Institutional Treasury - XLM, Wallet Management and Payment Link Suite",https://communityfund.stellar.org/dashboard/submissions/recb03CISF3JCSdeW,https://communityfund.stellar.org/dashboard/submissions/recb03CISF3JCSdeW,"SCF #27, SCF #37, SCF #38","SCF #27, SCF #38","No, my project does not need to be open-source, now or in the future",,,,https://www.linkedin.com/company/arrel-technology/,https://docs.google.com/document/d/1ymKmsYDR6j93A0YMWJsMN8E-BzFHDNYWFlZD3ZY8bys/,,"Founder / Director Team: 

Nicholas Allen - https://www.linkedin.com/in/nicholas-allen-697b286/

Jevon Coffin-Grey - https://www.linkedin.com/in/jdcoffingrey/

Andrew Meyerowitz - https://www.linkedin.com/in/andrew-meyerowitz-0433a632/  
  
The business started as a prop trading engine and evolved into a B2B SaaS offering to TradFi Institutions seeking to build out digital asset products or operational capabilities. We are now honing in on particular niche markets and applications with DAPL (Digial Asset Platform) eg payments throughout Africa (and beyond) on Stellar.

  
Our team consists of engineers, we have financial and technical acumen and we love what we do.

  
Arrel was incorporated 8 years ago, and we have survived the great Celcius, 3AC, FTX bear market of '22 '23 :)  
  
We believe in a decentralized future.",checked,cbaf6ad8 (https://v5.airtableusercontent.com/v3/u/50/50/1771855200000/ke3osJhCXSRPFveTGkzfCQ/2e0tRDi_3_O8EaCXSPE_Uklnk25Yb2CDb-9JGr9DSKamEDfk0u0lPLXuZfiMoktscxqqHfrgRGNEQRfci3i9GZl-3pLJAL7qxSC5PcieX9Na-c9QLLsniXTrzJ3q_c9FkHD8tnhUjl93FebXEv70nA/Iwe8WxSAsPZb5QRtZxclwBmCiC0Zh82Vmvu8uRGiN-A)
NOWNodes,Mainnet,Infrastructure & Services,https://nownodes.io,Soroban Project Soroban x NOWNodes project is an extensive set of tools developed for builders and crypto enterprises to work with smart contracts on Soroban,$28090.00,$28090.00,,NOWNodes,NOWNodes,https://communityfund.stellar.org/dashboard/submissions/recd8vP3BvCKs2zqY,https://communityfund.stellar.org/dashboard/submissions/recd8vP3BvCKs2zqY,SCF #19,SCF #19,,,,https://twitter.com/NOWNodes,https://www.linkedin.com/company/nownodesio/ ,,,,checked,image.png (https://v5.airtableusercontent.com/v3/u/50/50/1771855200000/MP4c5hnis_JlLFt3QvXrOw/n_270ngZdhrkeJMaorvWnea6SS6jS8DB9sxOC2xDR9ooPNHqUTqVNXNvGsSh4L_SIjjHOOGxNDP15t2i4nTcw_BMf6c-u6D1NzSw6U5BPdQZcBoV5xvhFuEJi0LppiBG5bqBiwPOdvJvYN02bkHEng/Gp363qZzJsOaad8fmKPHCE5Q9cOWsXJpTkwihIYWlic)
Stellarchain.io,Mainnet,Infrastructure & Services,https://stellarchain.io,"The StellarChain.Dev Community will be a platform for engaging stellar community members and creating new connection, introducing new features and functionalities while collecting data from the blockchain. This extension will provide additional tools and resources to further empower users, ensuring a more interactive, transparent, and efficient experience for all participants in the Stellar ecosystem.",$240635.00,$265635.00,No specific region of operation,"Stellarchain.io,Stellarchain.io","Stellarchain.io, Soroban Contract Auditor, ","https://communityfund.stellar.org/dashboard/submissions/receYuwM1ucRK5MB2, https://communityfund.stellar.org/dashboard/submissions/recKACcbgfiocc06L, https://communityfund.stellar.org/dashboard/submissions/recdWwlmIqejdHsGc","https://communityfund.stellar.org/dashboard/submissions/receYuwM1ucRK5MB2, https://communityfund.stellar.org/dashboard/submissions/recKACcbgfiocc06L","SCF #19, SCF #23, SCF #31, SCF Public Goods - Q1 '26","SCF #19, SCF #23, SCF Public Goods - Q1 '26","Not yet, I don’t have a Github yet but my project will be open-source",https://github.com/stellarchain/stellarchain-v3,,,,https://stats.co/stellarchain.io,,"Florin Mangu – Project Manager Florin Mangu leads the team as the Project Manager, overseeing project timelines, scope, and resource management. Fedot Sereoja is the Fullstack Developer responsible for both front-end and back-end development. His expertise spans across designing, building, and maintaining applications, ensuring seamless integration between the user interface and server-side functionality",checked,f5f60088 (https://v5.airtableusercontent.com/v3/u/50/50/1771855200000/4Nx_f7SCf1QgFptOKQJ38A/jkbdpcTJEHE3heFQ3wv-Oaco726-i_IzqfZn67TOHNnuJBM6IgNCftEe2T-SUIpr71LjlApRJYP0Sniz4CzXEVn6FzOYVwQnF5mXdpfvRLBuRPCdBUtU-m7nbrlSd91mEGR9F6MYciISj5xuylui3A/yJEFSgq1mjSPDfCQwIN3SFrGJz_kqiWFWzOksrujCOM)
LedgersTax,Mainnet,Infrastructure & Services,https://ledgers.tax,"LedgersTax exports your Stellar transactions history for tax reporting. Comprehensive taxable events data in a few clicks – saving time, alleviating headache. Even on the moon, you still have to file taxes.",$96000.00,$64000.00,No specific region of operation,LedgersTax,LedgersTax | Takeoff,,,SCF #35,SCF #35,"No, my project does not need to be open-source, now or in the future",,,,,https://ledgers.tax,,"We build Stellar infrastructure services: StellarExpert, Reflector, Albedo, Refractor, StellarBorker.",checked,967e4b51 (https://v5.airtableusercontent.com/v3/u/50/50/1771855200000/9wiGHhunS9YLQgywJp93Nw/f5VX_bpNN2Ql6OQlc5ZeqKOJt8062q_Wk2XXaMu008hjpVogROeXoP8nnw_zFkJJbJC6_ZdUQ7BRvEkH4dgLhauJwM7xptXQX2tGJFLkfDJ5jgaO7l1pf_v8oksepQMh9gounmlIj2EZPzEBL_wkrg/meQ0bQ6YVLouSId5K_316YNWbuILiQVwKR54YGACkkA)
Volta Circuit,Mainnet,Infrastructure & Services,https://voltacircuit.com,"Volta Circuit is a non-custodial, smart contract-based security platform designed to enable secure asset management, DeFi participation, and cross-chain mobility. Modeled after Gnosis Safe, our architecture ensures users maintain full control over their assets through programmable, on-chain access controls without relying on centralized custodians.  We seek support to integrate Stellar into Volta Circuit, extending our secure, multi-signature smart contract capabilities to the Stellar network. This will allow users to safely store and manage Stellar-based assets, interact with Stellar-native DeFi protocols, and facilitate trustless cross-chain transactions.  Implementation Highlights Non-custodial, multi-signature smart contract wallets for Stellar assets On-chain policy enforcement for secure, automated transaction approvals Cross-chain interoperability, enabling seamless asset transfers between Stellar and other blockchains DeFi-ready architecture, allowing institutional and individual users to engage with Stellar-based financial applications securely By adding Stellar support, Volta Circuit will enhance secure, non-custodial asset management and bridge DeFi ecosystems across chains, unlocking new liquidity opportunities for users and developers alike. 🚀",$150000.00,$100000.00,North America (without Mexico),Volta Circuit,A Cross-Chain Defi Control Panel,,,"SCF #34 , SCF #35",SCF #35,"No, my project does not need to be open-source, now or in the future",https://github.com/VoltaHQ,,http://x.com/voltacircuit,https://www.linkedin.com/company/volta-wallet,https://notyet.com,,"Our founding team brings together exceptional expertise in cryptocurrency, software development, and institutional finance. The technical team is led by George Melika, a crypto veteran and former CTO/founder of SFOX, who brings 11 years of crypto experience and deep cryptography expertise with multiple patents. The development team combines decades of experience from leading technology companies including Bird, TruCar, and ZipRecruiter, with strong backgrounds in mathematics, computer science, and blockchain development. The business side is headed by Daniel Kim, whose extensive capital markets background includes launching two of the largest US regulated crypto exchanges (Paxos and Gemini) and establishing Maple Finance as the leading institutional DeFi platform, which originated over $1B in loans within its first year. This combination of technical depth and institutional expertise uniquely positions our team to deliver a secure and sophisticated crypto wallet solution.",checked,ce2b7730 (https://v5.airtableusercontent.com/v3/u/50/50/1771855200000/zNEG8ZuiXuvq-om8DZ-00A/6KxJpT7Hodbh0s9keXSVeZryhwDrvp2bZlPjEeWg_m-lwcfnh8iCorCuvUmhdCLuCy7T8z0FfZgqDpiORFpaOmwYa8yr4TrYqT92Q7i7U-y3ZS8bUCF1Mlzyu65q3uQO-PMJW12iUXUCYcBb8LtcRw/RwWfHdD44Zj4gSP5ZtK2w79zlVV-JCYVbF1za5n3Jf0)
Flow,Mainnet,Infrastructure & Services,https://www.withobsrvr.com,"Flow is a data indexing solution that lets Stellar data be received, changed, and sent to external data stores in real time. Flow builds up the Composable Data Platform, the next generation data-access platform on Stellar. With an open-source cli component and a managed service through Obsrvr. Flow lets developers make custom workflows based on blockchain data, which makes sure that data flows smoothly into their applications or analytical systems.   The components that make up the solution are: Publicly available datasets for Mainnet, Testnet and Futurenet created using Stellar Galexie (requester pays), CLI indexer that can be self hosted,  SaaS offering with shared and dedicated options",$120000.00,$80000.00,North America (without Mexico),Flow,Modular Data Pipelines for Stellar,,,SCF #35,SCF #35,"Yes, fully open-source with Github",https://github.com/withObsrvr/flowctl,,,https://www.linkedin.com/company/obsrvr,https://github.com/withObsrvr/Flow/pulse,,"Tillman Mosley III  
Proven Expertise in Building and Managing Critical Infrastructure

-   Dermatopathology Platform: Managed the infrastructure for a digital platform enabling remote diagnoses.
    
-   Managed Cellular Solution: Designed and maintained secure infrastructure to block unauthorized cell phone use in prisons.
    
-   DevOps Focus: Specializes in automation and platform management across multiple industries.",checked,qpz1xkakmomo99j3xegj.png (https://v5.airtableusercontent.com/v3/u/50/50/1771855200000/27r4IPVI2HiuMRCHXLF1sw/nC_M9iX8nKR8HI4n6IzBatqDC2_u-kZqCMVm4QDWHLCK-wfs7wFXm2v8h_aPN82CrhlM-4ls1F0cgQVExeie8KNkRiaXF79FfJ8s3rwFW8akWVAtZ_FYrjVTZBf3CzPNaKLF4CudtMU4oEOYJ0LA7A/QzuWE9vUr7jqbCqAUm5NwNdaZHuYFvFdISz0tNeycMY)
Range: Cross-chain intelligence platform,Mainnet,Infrastructure & Services,https://www.range.org,"This proposal seeks to build a Steller Bridge Explorer, and integrate Stellar with Range’s Cross-Chain Explorer and Range Trail, our cross-chain, cross-ecosystem, real-time forensic intelligence platform.",$150000.00,$150000.00,No specific region of operation,Range: Cross-chain intelligence platform,Cross-chain Explorer & Intelligence,,,SCF #34 ,SCF #34 ,"No, my project does not need to be open-source, now or in the future",https://github.com/rangesecurity,,https://x.com/RangeSecurity,https://www.linkedin.com/company/rangesecurity,https://explorer.range.org,,"Range is a leading blockchain intelligence and monitoring platform for the Ethereum, Solana and Cosmos ecosystems.  

Range brings extensive experience in Rust development, as well as deep proficiency in L1 and cross-chain integrations. Our clients and trusted partners include the Solana Foundation, Circle, dYdX, Celestia, Squads, Osmosis, Noble, Cosmos Hub, and more.   

Our products are natively cross-chain. To solve the frustration of tracking cross-chain transfers, we launched the first Cross-Chain Explorer - consolidating data from 50+ major ecosystems and 4 leading interoperability protocols, offering real-time insights into cross-chain transactions, all in one place. Developers and Product Teams can then leverage our API to integrate real-time transaction tracking and build custom analytics directly into their applications.  

We provide critical infrastructure across the risk and security lifecycle to help organizations and users build and use cutting-edge financial applications safely:  

-   With its advanced explorer, Risk APIs, real-time monitoring and alerts, the Range Platform helps secure over $31 billion in assets.
    
-   Range Trail, our cross-chain forensic wallet monitoring tool, is used by multiple teams to respond to incidents and identify stolen funds in security hacks. 
    
-   Our USDC Explorer is the primary explorer for Circle's CCTP protocol. It helps users track cross-chain stablecoin transfers daily across Ethereum, Solana, Base, Arbitrum, Polygon, Cosmos and many other ecosystems.
    
-   Our IBC Rate Limit contracts secure every transaction across Cosmos’s Osmosis and Neutron chains, limiting the potential damage caused by a hack. 
    

Our Risk APIs form the backbone of the new Solana Transaction Security Standard, which Squads Protocol adopted to secure its users, who have over $10 billion in combined assets. Squads and other teams rely on our Risk API to secure more than $100 million in stablecoin transactions monthly, ensuring real-time risk assessment and proactive threat mitigation across the Solana ecosystem.",checked,b7fcf4ooli9ouuyghsso.png (https://v5.airtableusercontent.com/v3/u/50/50/1771855200000/ulirs4HhPaX6Zz6M-Y_e0A/gGhoIE4nUmuUN_i05_0y6MWkwhXBAyX6Yc-SbVP_GbexffkAKL_NFhhl8O6gDpR7qqqPsScgPYr88iqY-i4ikwlrZvC-nO9DgzHQAw_95qQEgkZDy1b9CK5ZB4kE_zxusa0c9Dm0Do6DsX9_QXzIYA/xYDwOk6F7eupCTNsrzdYOe45QHsKSE7HIiLXG-8lYoM)
human.tech,Mainnet,Infrastructure & Services,https://human.tech,"keys, wallets, and identity for personhood, self-custody, and privacy",$150000.00,$100000.00,"Middle East & North Africa,North America (without Mexico),South Asia",human.tech,"Keys, Wallets and Identity for Stellar",,,SCF #34 ,SCF #34 ,"Yes, fully open-source with Github",https://github.com/holosoe/Human-Wallet-On-Stellar/tree/stellar,,https://x.com/0xholonym,,https://dune.com/thenorthon/holonym,,"30 team members, deep research + academic backgrounds, marketing (ex polkastarter), product (ex gitcoin)",checked,ligmrcfsrqu18h87pegf.png (https://v5.airtableusercontent.com/v3/u/50/50/1771855200000/SStKTJn4rQacAmrSnk7zVQ/_a6tMjx-1e8V2Ax0C4d0LmZjTaKbco1u-WoFQsFttUebdKD9txsArYsiGn_q1PVfDzG6SxLR9-X8eEjmntA6v_WfOhU4C6-BFNjyKJskB1xK04hcNztdA_1zuMkALw54Sk0ZCer9txy323kHRU_aYg/daaw8Xhp6aec3qREMTw_3z9bAQiWpByJANTZBvUGJ1s)
Upwealth,Mainnet,Infrastructure & Services,https://www.upwealth.io,"Upwealth is an AI-powered, Web3-native investment and management platform registered SEC (US) and AMF (EU) designed for financial professionals (RIAs, wealth managers) to seamlessly offer digital asset investments to their customers.  Vision & Objectives: Upwealth aims to bridge traditional finance and Web3, allowing professionals to offer, manage, and automate digital asset portfolios through Smart Contract SMAs and AI-driven investment tools—all within a regulated, secure, and scalable environment.  We have implemented an off-chain proof-of-concept showcasing Upwealth’s crypto asset management and trading capabilities, including:  • A trading engine connected via API to CEXs and DEXs for automated order execution.  • A portfolio rebalancing and backtesting module optimizing investment strategies.  • An asset aggregator enabling customers to connect 350+ protocols, wallets, and exchange accounts for a unified portfolio view.   We plan to integrate on-chain operations by:  • Connecting Soroban to Upwealth for decentralized portfolio management via smart contracts. • Enhancing DeFi and on-chain liquidity through Stellar’s AMMs, and leveraging platforms such as Allbridge (cross-chain bridge) and Blend Protocol for seamless asset transfers and liquidity access.",$88000.00,$89894.13,"Latin America & Caribbean,Middle East & North Africa,Europe & Central Asia,North America (without Mexico),East Asia & Pacific",Upwealth,Upwealth - Smart Contract SMAs,,,SCF #34 ,SCF #34 ,"Partly, I do have a public Github",https://github.com/wealthsquare,,https://x.com/Upwealth_io,https://www.linkedin.com/company/up-wealth,https://docs.google.com/document/d/1yVMAhq4gmGWZsGY6BDrCLjD5NbHrWFaW8diwLFS-Llw/edit?usp=sharing,,"Darren Moon:  
Darren, CEO and Co-Founder, has 22 years of experience in finance and business management, having founded and managed over 12 companies since 2001, including four blockchain companies since 2016. His expertise spans from crypto mining data centers to algorithmic trading firms. A registered financial advisor, seasoned trader, and fintech expert, Darren has deep knowledge in blockchain technology and global regulatory compliance.  

Volodymyr Katanskyi:  
Volodymyr, CTO and Co-Founder, has 16 years of experience in software development and is a Senior Software Engineer with expertise in Fintech & Blockchain. He is the founder of StartupCraft and Synchronos, leading teams of over 40 software developers for Fortune 500 companies since 2007.  
  
Andrew Demchenko:  
Andrew is the Chief AI Officer and Co-Founder at Upwealth, leveraging seven years of leadership experience in the AI sector. He drives strategic growth in AI solutions, ensuring cutting-edge development while fostering innovation and client success.

George Viazemsky:  
George is a Principal Full-Stack Engineer and Fintech expert at Upwealth. With 16 years of experience, he started as a software engineer and has cultivated extensive expertise across modern technology stacks, including blockchain development.  

Dmytry Alymov:  
Dmytry is a Senior Software Engineer specializing in Blockchain technology. With vast experience, he excels in building scalable architectures and developing complex algorithms for highly efficient systems.  

Sergey Laptev:  
Sergey is a Principal Front-End Engineer at Upwealth, with eight years of experience in software architecture, development, and resource management. He focuses on front-end engineering, delivering high-quality user experiences and innovative solutions.  

Jonathan Glibert:  
Jonathan is a seasoned payment services and security expert with over 15 years of experience in the banking industry, working with institutions like Crédit Agricole and Oney Bank. His expertise spans compliance, cybersecurity, and team management.  

Expertise & Achievements

✅ 4 Blockchain Companies Built  
✅ 25+ years in Fintech & Blockchain  
✅ Crypto & Algorithmic Trading Experts  
✅ Global Compliance & Regulatory Expertise",,353b3e2b (https://v5.airtableusercontent.com/v3/u/50/50/1771855200000/heQ7Fl4Ie6ejARLE08N0BA/Y41yYwmdA8s8Cq1lDd-_KJ5thdyW6qyZx_XX2neiQQt8v4tetES0LWBJlaox-0O38cJdqRvn_R-ykjWvtTX27WR-KalWSuECLSCNmAxZTB14US2R32C3F0QDOk-CyHqwRuQZM5xd08GPpjSmJPrgHw/ybJQ-92ljYJjakuUFj4sag64kOzInuNYCJaJ-ze3cGc)
Unstoppable Wallet,Mainnet,Infrastructure & Services,https://unstoppable.money/,"Unstoppable Wallet is an open-source, non-custodial, cryptocurrency wallet that supports multiple blockchains, including Bitcoin, Ethereum, and others. It provides secure storage and management of assets, along with features like swapping and DeFi integration. Being open-source, its transparency and security can be verified by the community. Available for iOS and Android.",$128900.00,$171866.67,North America (without Mexico),Unstoppable Wallet,Stellar on Unstoppable Wallet,,,SCF #34 ,SCF #34 ,"Yes, fully open-source with Github",https://github.com/horizontalsystems/StellarKit.Swift / https://github.com/horizontalsystems/stellar-kit-android,,https://x.com/unstoppablebyhs,,https://mempoolstreet.notion.site/Analytics-189c1f428a328093b8e6c24b461dca06,,"Our team consists of 7 engineers with over 15 years of experience in full-stack development, specializing in Kotlin, Swift, Solidity, Rust, JS, Ruby on Rails, and C++.

We’ve built a Lightning Bitcoin wallet and created kits and providers for EVM networks and Bitcoin, implemented atomic swaps for Bitcoin-Bitcoin Cash, and developed a native SPV library for Bitcoin. Additionally, we created mini-apps for the Telegram ecosystem and smart contracts for a major mempad in the TON ecosystem.

Team & Company

1) Aibek Esengulov – CEO & Founder

Aibek Esengulov is a technology entrepreneur known for his contributions to the tech industry. He co-founded Make Use Of, a technology and internet applications blog launched in July 2006, which focuses on software, web applications, and technology news. 

In 2015, Esengulov co-founded Horizontal Systems, a company specializing in fintech, blockchain, and software solutions. Through Horizontal Systems, he co-developed Unstoppable Wallet, a decentralized multi-blockchain wallet designed to provide users with control over their crypto assets without the risk of being locked out by centralized systems.

-   Connect with Aibek: LinkedIn & GitHub
    

2) Ermat Alymbaev – CTO & iOS Team Lead

Ermat holds a degree in Computer Science and brings over 15 years of experience in mobile application development. As a full-stack developer with a strong background in blockchain technology, he specializes in writing smart contracts for Ethereum, Solana, and Ton blockchains. Ermat's expertise in developing scalable and secure blockchain solutions has made him a key figure in driving innovations across multiple decentralized platforms. His work focuses on ensuring that smart contracts are efficient and functional across different blockchain ecosystems, contributing significantly to the overall success of the projects he works on.

-   Connect with Ermat: GitHub
    

3) Esenbek Kadyr – Senior Engineer

Esenbek holds a degree in Computer Science and has over 10 years of experience in software development, with a focus on mobile applications and backend systems. He is a participant in the International Olympiad in Informatics (IOI) and has made significant contributions to the blockchain space. Esenbek is the author of Bitcoin and Ethereum libraries/kits and was also one of the developers of the SPV library for Bitcoin—one of the first native libraries in the world. With extensive experience in programming languages such as Ruby, C++, Swift, and Kotlin, he has developed a deep expertise in creating innovative solutions for blockchain integration, positioning him as a key player in the development of decentralized technologies.

-   Connect with Esenbek: LinkedIn & GitHub
    

4) Rafael Muhamedzyanov – Senior Engineer

Rafael holds a degree in Computer Science from Boğaziçi University, one of the top universities in Turkey. With over 10 years of experience in mobile application development, he specializes in Android-based applications. His deep knowledge and expertise in building scalable and user-friendly mobile solutions have made him a valuable contributor to numerous successful projects in the mobile tech space.

-   Connect with Rafael: LinkedIn & GitHub
    

5) Bakyt Abdrasulov – Android Team Lead

Bakyt holds a degree in Computer Science and has over 18 years of experience in software development. He is the Team Lead of the Android team for the Unstoppable Wallet and a Full-stack engineer with extensive expertise in developing native applications. Bakyt’s leadership in mobile development, combined with his deep technical skills, has made him a key figure in the success of the Unstoppable Wallet. His ability to work across both frontend and backend development ensures that the applications he works on are robust, scalable, and user-friendly.

-   Connect with Bakyt: LinkedIn & GitHub",,eae36db5 (https://v5.airtableusercontent.com/v3/u/50/50/1771855200000/2-dhAzHxlMCkckQYZEqX5A/jJToLh4a0a8a_-8yARmfPGiD-i_ojCzDPGzmkg4Ms75bOfg7oGAB3KdjJMjpdEsTcJ9ibxhhtTCKnk1WMA2kVY-yNtZt2a8HG0D3rdt-Sfz34WHbaQybcnk7xj1iWWIXQtSE51LCHzhyxFShrJneKg/UvrFKB6t8r_BZgB24HNOpxH7WI3DHBtgStyyYhRDpFg)
Uniblock,Mainnet,Infrastructure & Services,https://www.uniblock.dev/,"Uniblock is God mode for crypto developers. Developers get instant access to 1,500 APIs and 100+ protocols from 50 partners, including Alchemy, Helius, QuickNode, CoinGecko, CoinMarketCap, and many more. We save developers time and money by unlocking access to all the best tools. One monthly plan for limitless potential.   We are striving to build the tooling and capabilities that developers leverage in Web2 through Google Cloud API Management or AWS API Manager and bring that into Web3. We are driven to reduce the silos that exist across different infrastructure providers, and ultimately help the end-users - the builders - get access to the best tools available to bring their ideas to life without the headaches of multiple providers. Allowing projects to work with less operational complexity, less technical fragility and fragmentation, and less monthly expenses to get the data that they need to build.   To date, we have partnered with leading companies across Web3 - the providers listed above, but also other major players like Moonpay and many others to help build a robust partner ecosystem for our supported chains and protocols.   Today, we have a fully functional product with thousands of developers who have signed up for accounts and are building with us. We are continuously improving our auto-routing and AI models behind the scenes, forging new partnerships with providers, and bringing our new way of working in Web3 to as many chains and ecosystems as possible. ",$142740.00,$95160.00,No specific region of operation,Uniblock,Infrastructure Orchestration Layer,,,"SCF #35, SCF #36",SCF #36,"No, my project does not need to be open-source, now or in the future",,,,,https://docs.uniblock.dev/reference/unified-api-reference-overview,,"We have a fully in-house team. A 1-page slide that provides the overview of the team is available here.  
  
We have experience from Coinbase, Twitter, Accenture, among other firms and projects. The development team all have experience from other blockchain projects.",checked,splcpihm4swu4stif16k.png (https://v5.airtableusercontent.com/v3/u/50/50/1771855200000/yoynvdsWISAtrx8Du68-EQ/aWnOWVOhzSac06j2fMIM2GLxYWaC71p9k5w70Iyl__XtBRDoC-pCJwSNI4QsGHZRwuRNG4l4GgFLU2_1dicbfaLST5iUbifixw7cFFci2v-7bITkSWRUkFpCPmWi7fTWFhrim9Nmuy9jryhm0Zjhmg/b3ZGhSkcKHXMZflAjTJBZc_OPHkXeIdQ4sdWA06d5NE)
Stellar Integration in Adamik API,Mainnet,Infrastructure & Services,https://adamik.io,"Adamik is a blockchain-agnostic, non-custodial API that radically simplifies integration for wallets, custodians, and exchanges. Instead of building custom infrastructure for each chain, developers use Adamik to access 60+ blockchains through a single, unified interface.  Our API exposes standardized endpoints for retrieving balances, preparing transactions, and managing staking — all abstracted from the complexity of protocol-specific logic. We are signer-agnostic by design and fully compatible with industry-grade solutions like Ledger, Fireblocks, Turnkey, Sodot, and DFNS.  With this project, we aim to make Stellar (XLM) natively accessible via the Adamik API — enabling developers to add Stellar support in days, not weeks, while maintaining full compatibility with their existing signing and security infrastructure.",$74800.00,$74800.00,Europe & Central Asia,Stellar Integration in Adamik API,Developer APIs for Stellar Adoption,,,SCF #37,SCF #37,"Partly, I do have a public Github",https://github.com/AdamikHQ,,https://x.com/adamik_io,https://www.linkedin.com/company/adamik,https://nopublicanalyticsbutavailableuponrequests.com,,"The Adamik team is composed of blockchain infrastructure veterans with deep expertise in protocol integration. Our core team previously led and delivered multiple protocol integrations at Ledger, including the Stellar (XLM) integration for both Ledger Live and Ledger Enterprise, as well as several reviews on the Ledger Stellar application running on the hardware wallets.  

-   Fabrice Dautriat (CEO) – Former Head of Developer Ecosystem at Ledger, with 6 years at the company overseeing integrations across hardware, software, and infrastructure.  
    
-   Hakim Aammar (CTO) – Former Technical Lead of Ledger’s Blockchain team, responsible for Stellar’s protocol integration and tooling.  
    
-   Roman Beyon Grataroli (CCO) – Former Blockchain Product Lead at Ledger, focused on partnerships and developer engagements.  
    
-   Henri Ly (Lead Developer) – 4 years at Ledger as a Blockchain Integration Engineer, directly involved in Stellar compatibility and hardware wallet support.  
    
-   Mourad Kejji (Blockchain Engineer) – Expert in multi-chain infrastructure and EVM compatibility.  
      
    

We bring years of hands-on experience working with the Stellar network and are uniquely positioned to expose Stellar’s capabilities through a standardized, production-grade API used by institutions.",,6e484672 (https://v5.airtableusercontent.com/v3/u/50/50/1771855200000/VijvWWdNEHSVo8AM5tezmQ/tFEBTUn3gLdWGETInr30t3DsIuuSK50I5VHR1F2THZXxPMlsW-r0S__ERld8uhNtjfPWgw0BCc15d1mNjQAGR7cfx5g1PUTp0x2e-gizmU64OWSbGx8M7KA6wXyNrBSVj7ES8imQygcZZTdjcFyHgQ/veRclPb0p_2ZpeF3S7fXXDLQWCzrOlWzUuOzVqIQ6fw)
Hito Wallet,Mainnet,Infrastructure & Services,https://hito.xyz,"Enable the Hito hardware wallet to support Stellar. Hito, currently supports Bitcoin, Ethereum, Solana and NEAR and has sold more than 5,000 customized wallets.",$50000.00,$33333.33,"Europe & Central Asia,North America (without Mexico),No specific region of operation",Hito Wallet,Hito Wallet - SCF 38,,,"SCF #35, SCF #38",SCF #38,"Not yet, I don’t have a Github yet but my project will be open-source",https://github.com/mishabunte/hito-firmware-rust,,https://x.com/hito_xyz,https://www.linkedin.com/company/hitoxyz,https://t.me/hito_wallet_news,,"'-   4 engineers, 1 designer, supply chain manager, production manager
    

-   Previous entrepreneurial success with:
    

-   Content marketplace (50,000 daily visitors)
    
-   High-frequency ad platform (80,000 requests/second)",checked,jam8oedzc4y8rfvnpw0o.png (https://v5.airtableusercontent.com/v3/u/50/50/1771855200000/eoTawDQhZuZo-j84XlOL6g/p5Fcdw1aZ_GvSddeGUgFYLrp_QT3ta7EwYenJ2ucJtJSaI87dlnnwYuqmmB2IE8QVrMVz3gRLfYHVJOxy7JhOQxn7M-oXfQSrYqxfKI5S4Bc9_w6wRNMjPD0RUfxhSdFJhGymJu7M1A2k5Bzi1fqLQ/6pGg_PfMjQrh8hPoy78EzrHopUYDdsTHO4rc0tln4og)
Meta Contracts in Stellar,Mainnet,Infrastructure & Services,https://jsr.io/@creit-tech/stellar-router-sdk,"A set of ""meta contracts"" developers can use to avoid uploading contracts just to do complex calls from their dApps",$26400.00,$8800.00,No specific region of operation,Meta Contracts in Stellar,First batch of Meta Contracts,,,SCF #36,SCF #36,"Yes, fully open-source with Github",https://github.com/creit-tech,,https://x.com/CreitTech_,,https://jsr.io/@creit-tech/stellar-router-sdk/versions,,"We are a software development company who has been creating both open source and closed source apps in the Stellar network, we are the creators of: xBull Wallet, Stellar Wallets Kit (The wallet connection tool being used in the websites: Stellar Laboratory, Blend Capital, Aqua, FxDAO and others), FxDAO, SorobanDomains, SorobanHub and many others.",checked,atfhi9fpao1b3x9qsmrp.png (https://v5.airtableusercontent.com/v3/u/50/50/1771855200000/Gdw8ej4ZZsuyFz5qIu-GvQ/lMXxUB7mhQgp6vRBhH2wO0BB3rTxX1AS7MChI2D04u86tDE-jIha2bVS8QbC5sY5en2BdJW8N1ve0VRi-xHJzkzNKzESk2H-bFjFC2uBVXlayJcu6wqRGWhpT4Vlmo3eSBNvIBARw60sPG-Vxu82VQ/DTL_HEqxmQzJW0VuuH33MBt7bPynzDUcZmHpOSZuxOQ)
zkFetch: zkTLS-Powered Oracle Solution,Mainnet,Infrastructure & Services,https://www.reclaimprotocol.org,"zkFetch leverages zkTLS infrastructure to democratize and scale Stellar oracles by enabling fetching of any off-chain data from HTTPS endpoints while not exposing API keys. This enables a truly decentralized oracle infrastructure removing any dependency on centralized oracles such as Chainlink, Pyth etc. 
",$166000.00,$127333.33,No specific region of operation,"zkFetch: zkTLS-Powered Oracle Solution,zkFetch: zkTLS-Powered Oracle Solution","zkFetch: zkTLS-Powered Oracle Solution, Reclaim Protocol",https://communityfund.stellar.org/dashboard/submissions/recIJqhn2HhQ0tIFu,https://communityfund.stellar.org/dashboard/submissions/recIJqhn2HhQ0tIFu,"SCF #34 , SCF #36, SCF #20, SCF #21","SCF #36, SCF #21","Yes, fully open-source with Github",https://github.com/reclaimprotocol/stellar-sdk-onchain-integration,,https://x.com/reclaimprotocol/,,https://nopubliclyavailabledashboard.com,,"Our team's expertise and Reclaim Protocol's proven track record uniquely position us to deliver zkFetch integration for Stellar with high trust and accountability:

Capabilities:

1.  Unparalleled zkTLS Infrastructure: Reclaim is the only production-ready zkTLS infrastructure, capable of generating zk proofs and data attestations in under 4 seconds, even on low-compute devices.
    
1.  Extensive Blockchain Experience: Our team has successfully deployed Reclaim on multiple chains including Arbitrum, Solana, Optimism, Base, BNB, and Polkadot, demonstrating cross-chain expertise.
    
1.  Stellar-Specific Knowledge: Deep understanding of development on Stellar essential for seamless integration.
    
1.  Proven Scalability: Our devtool allows generation of data templates for any website within 30 minutes, ensuring zkFetch's adaptability to Stellar's diverse needs.
    
1.  Wide-ranging Integrations: Reclaim powers major DID and attestation projects like PolygonID, EAS, BAS, and Gitcoin Passport, showcasing its versatility and reliability.
    
1.  Web2 and Web3 Compatibility: Reclaim SDK seamlessly embeds in both Web2 and Web3 applications, broadening potential use cases for Stellar.
    

Feasibility Validation:

1.  Existing Proof of Concept: We've already developed a Data DAO, testing zkFetch's capabilities with various data feed APIs.
    
1.  Rapid Prototyping: We'll leverage our sub-4-second proof generation capability to quickly develop and iterate on Stellar specific implementations.
    
1.  Phased Testnet Deployment: Incremental deployments on Stellar testnets will allow for continuous validation and refinement.
    
1.  Industry Partnerships: We're actively engaging with leading data providers to integrate them into our platform, ensuring robust real-world testing.
    
1.  Community Engagement: Regular reviews with SCF technical advisors and engagement with the Stellar developer community will provide crucial feedback.
    

Trust and Accountability:

1.  Transparent Reporting: Regular updates on project milestones, including GitHub commits and technical blog posts.
    
1.  Open Communication: Maintaining open channels with the Stellar community for continuous feedback and accountability.
    

we are also recipient of grant for Reclaim in F11

Our team's proven expertise in zkTLS infrastructure, cross-chain deployment experience, demonstrates our capability to successfully integrate zkFetch into Stellar. We're committed to a transparent, community-engaged development process that will deliver a secure, efficient, and transformative oracle solution for the Stellar ecosystem.

We built Questbook.app, an on-chain grants management tool and have been successfully running it for nearly 2 years managing grants for large L1/L2s including Polygon, Compound, Arbitrum, Ton etc. Questbook platform has disbursed more than $3 Mn to more than 250+ developers and engaged with more than 25000 developers.

Written more 100 tutorials for web2 developers to transition to web3 (http://openquest.xyz/). More than 20000

Built DAuth a decentralized OAuth alternative (https://github.com/madhavanmalolan/dauth)

Authored EIP 1361 (https://github.com/ethereum/EIPs/issues/1361)

Retroactive funding in education mechanism design research (https://ethresear.ch/t/retrofunding-dao-for-education/10821)",checked,fb1ff2a6 (https://v5.airtableusercontent.com/v3/u/50/50/1771855200000/RAoj1bQ197F6AcdHc0H8pA/XgoUGeWnhFYEYKjr31e61cnpQT9gXV64iYgni-ewMiiZjegsvs245eqG-cXXmTxGuUmwtRzSzjduLXW1G5TaWTwU878jBV3sr1xYRV_GDJTruVY1MKtaXSkKNTlCVbvb2xPPV0CMvXF8H4WfAfJOYg/dJXm8J_1esTopSEoLXS7ZBA6-3fm7UsPtl9lLGCynsw)
ChainPatrol,Mainnet,Infrastructure & Services,https://chainpatrol.com/,"ChainPatrol is a real-time Web3 security platform that detects, blocks, and takes down online threats targeting crypto users, such as phishing sites, fake social accounts, and impersonation attempts. Our system protects leading ecosystems like Consensys, Arbitrum, and Sui through proactive monitoring and takedown coverage across Discord, Slack, Telegram, and over 20 crypto wallets. With support from Stellar, we aim to expand this coverage to safeguard its ecosystem, boost user trust, and enable safer adoption.",$100000.00,$33333.33,"East Asia & Pacific,Europe & Central Asia,North America (without Mexico),Latin America & Caribbean",ChainPatrol,Protecting the Broader Stellar Ecosystem,,,SCF #40,SCF #40,"Partly, I do have a public Github",https://github.com/chainpatrol,,https://x.com/ChainPatrol,https://www.linkedin.com/company/chainpatrol,https://app.chainpatrol.io/stellarblockchainnetwork,,"Core team members:

Nikita Varabei, Co-Founder, CEO - linkedin.com/in/nikitavarabei

Nikita is the CEO and Co-Founder of ChainPatrol.com. After graduating from the University of Toronto with a specialization in AI, Nikita led the development of Fortune 500 Software Projects, built his first bootstrapped business in 3D Web and be working at Coinbase Wallet where his passion for protecting crypto users started. As the CEO of ChainPatrol, Nikita has led the creation of a real time security network that protects millions of user across leading Web3 communities that includes Consensys, Arbitrum, zkSync, and Polymarket. 

  
Vito Giovannetti, Co-Founder, COO - linkedin.com/in/vitogiovannetti

Vito Giovannetti is a Canadian entrepreneur, innovator and educator. He is currently the COO and co-Founder of ChainPatrol, a real-time security network for Web3 communities.  Vito has 20+ years of business experience, and strategic consulting for small businesses and Fortune 500 companies. Vito received global recognition for his 1st venture, Treasured, which designed 3D Museums that were featured in the NY Times, CBS Evening News, and the Globe and Mail. Treasured, is a leading immersive 3D website platform and design agency that introduced Vito to the bigger problem of security in crypto.  He is also a community leader at the Schulich School of Business, Office of Innovation and Entrepreneurship.

  
Umar Ahmed, Co-Founder, CTO -  linkedin.com/in/umar-ahmed

Umar Ahmed is a Canadian tech entrepreneur, software engineer, and designer. He is currently the CTO and Co-Founder of ChainPatrol, a real-time security network for Web3 communities. Umar has led the development of advanced AI threat detection systems, designed novel threat analysis and reporting tools, and built a world-class team of engineers at ChainPatrol. Graduating from the University of Toronto with a degree in Computer Science, Umar started his career as a Full Stack Software Engineer at Top Hat and later at Together Software (YC 2019). He has 10+ years of software development experience and had a keen eye for technical and visual design.

  
Dave Scalzo, Customer Success - linkedin.com/in/dscalzo

Davide Scalzo is the Director of Customer Success at ChainPatrol, where he leads customer onboarding, engagement, and retention strategies. With a strong focus on driving customer outcomes and operational excellence, Dave ensures clients realize the full value of their solutions. He specializes in dashboard monitoring, reporting prioritization, and issue identification across data and UI layers, helping streamline service activation and resolve pain points efficiently. Passionate about building strong relationships and delivering impact, Dave brings a proactive, data-driven approach to customer success leadership.

  
Juan Paradela, Community  - linkedin.com/in/juan-paradela

Juan Paradela is the Partnerships and Growth Lead at ChainPatrol. Juan is a marketing expert specializing in the growth of startups. With over four years of experience in Web3 growth management and marketing, he excels in strategic planning, product positioning, and brand awareness. His expertise includes business development, forging partnerships, leading fundraising campaigns, and managing professional teams with a data-driven approach.",,4cd7aac3 (https://v5.airtableusercontent.com/v3/u/50/50/1771855200000/y0HZAMWcJX3ooMRBdnkuzg/KBhdPT72VdAiuGkLiUwL4eu7KRWF1MmdDfHuvN6cccVmSp7vIV74k2JKGgMns43hP6_KA0-f-Ix1oXfXgUipbZS1bWNkg68qcMDOdB5jHn7igtbNzkpyEWGBX1VDDTwWHJ8-XxPmz4nT8979NJPdMQ/cEH-1FXFokybkHfjH1L9JHXAldWljkasAB_p6Pc2zf0)
0xAuth,Testnet,Infrastructure & Services,https://www.david.inc/,0xAuth will enable seamless compliance andinteroperability for tokenised funds.,$135000.00,$135000.00,,"0xAuth,0xAuth",0xAuth,"https://communityfund.stellar.org/dashboard/submissions/rec2UJLCx1DBLgdm4, https://communityfund.stellar.org/dashboard/submissions/recsAQHCghw9HIUvF, https://communityfund.stellar.org/dashboard/submissions/recKIxeFHipaZoqFx","https://communityfund.stellar.org/dashboard/submissions/rec2UJLCx1DBLgdm4, https://communityfund.stellar.org/dashboard/submissions/recsAQHCghw9HIUvF","SCF #27, SCF #29, SCF #31","SCF #27, SCF #29","Partly, I do have a public Github",https://github.com/authentication-labs/0xauth-stellar,,,,,,,checked,1080 (https://v5.airtableusercontent.com/v3/u/50/50/1771855200000/YcBQBx9FaD4U33rmdnvTrg/47PlNTR64PNXCZ0zTCrFBEVxFZUZ_txI0M0JWyu0BAn6KsYcT2AGCzWRmAREYlxy64zPPkm-a8nlPyz29OyotRNskxfkXBRc6DlkkHWZbkE6T-Np7mfAe6mKld5pm9yIZVkiZEi3CGupdET2M_vttg/dDgimBW3ZtLQz-p8Zr3N5eWk7WfgtTcSDqJKje9bJRo)
PipeOps,Testnet,Infrastructure & Services,https://pipeops.io,"PipeOps is a cloud Infrastructure product that allows for devs to deploy, automate, manage and scale their cloud Operations easily.",$48000.00,$48000.00,No specific region of operation,PipeOps,PipeOps,"https://communityfund.stellar.org/dashboard/submissions/recpCRmHBSmkdBEr9, https://communityfund.stellar.org/dashboard/submissions/recFODGv4mnljWDHf",https://communityfund.stellar.org/dashboard/submissions/recpCRmHBSmkdBEr9,"SCF #25, SCF #30, SCF #32, SCF #34 , SCF #35, SCF #38",SCF #25,"No, I don’t have a public Github",https://github.com/PipeOpsHQ,https://discord.gg/PQscGtfFD2,https://x.com/pipeopshq,https://www.linkedin.com/company/pipeops/,https://metrics-tailc68ff.pipeops.dev/public/dashboard/8f07d312-a4c7-43e5-9769-9ee1783ab3d7,,"We are a highly skilled and experienced team 7 comprising of engineers, designers, and leaders with a proven track record of delivering innovative and robust software solutions. Backed by Techstars and leveraging extensive expertise in Web3 technologies, blockchain development, and the Stellar ecosystem, we are uniquely positioned to execute this project successfully.

-   Alex Idowu, CTO: A seasoned DevOps Engineer with 12 years of experience in software engineering, systems architecture, and blockchain technologies. Alex has successfully led teams in delivering Web3 solutions and scalable decentralized applications. https://www.linkedin.com/in/nitrocode?utm_source=share&utm_campaign=share_via&utm_content=profile&utm_medium=ios_app
    

-   Ewere Diagboya: An AWS Hero with over 8 years of experience in cloud engineering, infrastructure automation, and Stellar integrations. Ewere is a recognized expert in deploying secure, scalable cloud-based platforms tailored for blockchain ecosystems. https://www.linkedin.com/in/ewere?utm_source=share&utm_campaign=share_via&utm_content=profile&utm_medium=ios_app
    

-   Samuel Ogbonyomi, CEO: A founding member of Flux (YC W21) and an accomplished product and experience designer with a deep understanding of Web3 and blockchain user experience. Samuel has a strong track record of delivering user-centric solutions in the Stellar and cryptocurrency space. http://linkedin.com/in/samuel-ogbonyomi-31a578171
    

-   Olalekan Odukoya: A talented software engineer specializing in Golang with hands-on experience developing Web3 solutions and Stellar-based backend systems. Olalekan focuses on building high-performance, reliable, and secure applications. https://www.linkedin.com/in/olalekan-odukoya-a5aab811b?utm_source=share&utm_campaign=share_via&utm_content=profile&utm_medium=ios_app
    

-   Olayiwola Sobowale: A skilled software engineer with significant experience in blockchain technologies, including Stellar Core and Horizon. Olayiwola has contributed to the development of several Web3 platforms and ensures seamless integration of blockchain components. https://www.linkedin.com/in/olayiwola-sobowale?utm_source=share&utm_campaign=share_via&utm_content=profile&utm_medium=ios_app
    
-   Taye Odunfa: A frontend engineer with expertise in creating intuitive, user-friendly interfaces for Web3 applications. Taye has worked on multiple Stellar-based projects, enhancing the user experience for developers and end-users alike.
    

With a deep understanding of Stellar's blockchain infrastructure, smart contracts, and Web3 ecosystems, we are committed to building a cutting-edge Stellar deployment platform that meets the highest standards of performance, security, and usability. https://www.linkedin.com/in/taye-joseph?utm_source=share&utm_campaign=share_via&utm_content=profile&utm_medium=ios_app",,2052d174 (https://v5.airtableusercontent.com/v3/u/50/50/1771855200000/LXQIUxmOy2JhEHSrkqLy2Q/k5RDzjUWEfxVemL4ka2tS-aY-kZr43H_HUif5pVV7zW3_yKJaEmpQRuQBhKLojsY8g6sTGO8KlGg4GBGYLCgC7mRsD88yscaNaF1VaOeLd0sqXqRUCVnshHcMnMDIk_G9c-ltDzFGavCugVjzEYO_Q/IaHJzlYFQnKHUKLMhlh3ctUcMXdzL8rPU65yKDg9DKw)
DIA Oracles,Development,Infrastructure & Services,https://www.diadata.org/,"Elevate functionality and innovation across Soroban’s smart contract ecosystem with DIA’s robust, open-source cross-chain oracles",$38000.00,$38000.00,,DIA Oracles,DIA Oracles on Soroban,https://communityfund.stellar.org/dashboard/submissions/recQH7t1KOVb8jBOH,https://communityfund.stellar.org/dashboard/submissions/recQH7t1KOVb8jBOH,SCF #20,SCF #20,"Yes, fully open-source with Github",https://github.com/diadata-org/soroban-oracle-feeders ; https://github.com/diadata-org/soroban-oracles,,,,,Coming soon,,checked,image.png (https://v5.airtableusercontent.com/v3/u/50/50/1771855200000/gIVqJ_8IcmfeoBg5f0h73w/iUSbKbCXZ7QJaNx2C-spiKPMm-qSZ5b3BLfVO7wSrdpUSEMI21voL46p_87GCZY6RcC1NZfP7BBZ_6loR4w6Jm7LAY6Ab11xOkTbZBgsbQqXg_qLTyBjlcWR1DKe0Mr2dNfeQ9rM1hcAd23DuN2ynA/35rsNk0DDllEdMxA3O-e8JieVZvUwF_vLYC1UCaK6-I)
Alterscope,Development,Infrastructure & Services,https://www.alterscope.org/,"Alterscope develops the community-driven platform unifying real-time risk processing and monitoring capabilities with zk-proofs to unlock verifiable liquidity management for protocol foundations, professional investors, and retail users.",$137600.00,$137600.00,Europe & Central Asia,"Alterscope,Alterscope","KYP - Risk Dashboard & Market, KYP - Risk Dashboard (Phase 2)","https://communityfund.stellar.org/dashboard/submissions/recam5gal7vWgPt9A, https://communityfund.stellar.org/dashboard/submissions/rec9bGg7CKnZUW3tG, https://communityfund.stellar.org/dashboard/submissions/recQkU2wTVr3bS7IE","https://communityfund.stellar.org/dashboard/submissions/recam5gal7vWgPt9A, https://communityfund.stellar.org/dashboard/submissions/rec9bGg7CKnZUW3tG","SCF #24, SCF #26, SCF #31","SCF #24, SCF #26","No, my project does not need to be open-source, now or in the future",https://github.com/Solity-Network,https://discord.com/invite/QpVxf742qx,https://twitter.com/Alterscope,https://www.linkedin.com/company/Alterscope,https://linktr.ee/alterscope,,"The development team of 15 is led by Marijo Radman, who has more than 10 years of experience in corporate development, having worked for major German corporations such as AUDI, ZF Group, and E.ON. He has led intricate multibillion-dollar projects and managed teams of over 70 individuals in the area of electromobility and won prizes at various web3 hackathons, including Miami Wormhole, Avalanche Summit Barcelona, and ETH Amsterdam. Our development team includes senior and junior developers from top European technical universities such as Technical University Munich, Koc University Istanbul, and FER Zagreb. They bring a wealth of applied research experience from institutions like Frauenhofer IIS and IEEE, and practical experience from renowned organizations like Oracle, SAP Labs, ING, Cisco, and Dassault Systems. Our infrastructure lead Vedran Zivicnjak has over 15 years of experience in DevOps and previously built critical national IT infrastructures in telecommunications.",checked,ea22e191 (https://v5.airtableusercontent.com/v3/u/50/50/1771855200000/65XEV6NZl3GcviVtZIwO9g/qWM2YnU3m7iwxUpY_7ofjbgNf5nouEJ7lZlbub6qo0rZkK-g4yop8o66cJf2Ey9Sh8AjBZOxUC8kz2_fUeHZySQn2vMX4QqVH5V28IyltEkNbR91kwwhGOm_hDYF7D2UWdlox740J3dLkHQ9UQ65CQ/CVu3-TdQP8_ZewV2riSNcMGK0U1rsjEqcC_tea2ME0s)
CyVers,Development,Infrastructure & Services,https://www.cyvers.ai,Cyvers is a ML & AI based security solution that proactively mitigates and prevents asset-loss related exploits in real-time.,$49996.00,$49996.00,,CyVers,CyVers - Web3 Proactive Protec,https://communityfund.stellar.org/dashboard/submissions/rec06I0eNKQ4gWeOq,https://communityfund.stellar.org/dashboard/submissions/rec06I0eNKQ4gWeOq,SCF #26,SCF #26,"No, I don’t have a public Github",,,https://twitter.com/cyvers_,https://www.linkedin.com/company/cyvers/,,,,checked,Screenshot 2024-05-14 at 11.42.34 AM.png (https://v5.airtableusercontent.com/v3/u/50/50/1771855200000/HPMxx6qGti89KCxhR3EZJg/9Z0VXLOxzq8e4FP1l9gILOniz0-40hbkPG4pSTcyXUti2mmUNabcryVfir28XUdMYOznwRtvuVv1rZQ1o_t9_TrZ5aXJ_OtmKO-Uta70Fk-18X_2FGQ-GJHyw0E4TFtaOXOah8e-eXwolTUU8X_cVIQlpu5S_g1L6beBbPY_xSzISWk0wkiuxj5YMvJOo3i1/TQG39YSrxYhkd7VzZVKmxQ2sLOG8-JHJgK6eFI47Jyk)
KYC Token & UI for RWA,Development,Infrastructure & Services,https://github.com/tigerblocks/BBF/tree/main/KYCtoken,Build a KYC token with Soroban to accelerate the adoption of Real World Assets on Stellar for Financial Service Providers,$45000.00,$45000.00,,KYC Token & UI for RWA,KYC Token & UI for RWA,https://communityfund.stellar.org/dashboard/submissions/recK8gdGynSRyEhc5,https://communityfund.stellar.org/dashboard/submissions/recK8gdGynSRyEhc5,SCF #22,SCF #22,"Yes, fully open-source with Github",https://github.com/tigerblocks/BBF,,,,,,,checked,slide 16_9 - 1.png (https://v5.airtableusercontent.com/v3/u/50/50/1771855200000/jOtSiOq5X8B93RwgXsH3iQ/RC1ojEXh-a5lfFjKMs0KTeBqaBpp7WbTjq7Ovix3tOcq-IlCHQaKQcP9PI6rgyhRWl78hS4p92UNXUmvaJBmVZIFOSD7dS_l4gTeXnxRu0rpWPmZwNJcY5bd0u_JLam0lGh0gcw2giEoWashTpP5Kw/wVi5uu53zB0jBHnShAgfcZbJIZ9EuScrR5sA9aGrRcU)
VIA Labs ,Development,Infrastructure & Services,https://vialabs.io/,"The VIA Network is an omni-chain infrastructure that enables developers to create cross-chain products between Stellar and 140+ other blockchains (including both EVM and non-EVM chains). This interconnectivity opens the door for dapp developers to send messages, data and value between all supported chains.  Unified Liquidity: Access liquidity across many blockchains. Unified Features: Unique features easily accessible across networks. Unified Developer Experience: Ease of integration and maintenance. Unified User Base: Users previously scattered across various networks now united.  Further, it enables expansion and/or migration of existing dapps from other networks to easily onboard into the Stellar ecosystem.",$95000.00,$63333.33,North America (without Mexico),VIA Labs ,Cross-Chain Interop: Oracles to Tokens,,,"SCF #35, SCF #40",SCF #35,"Yes, fully open-source with Github",https://github.com/VIALabs-io/via-drivers,https://discord.gg/vialabs,https://x.com/VIA_Labs,https://linkedin.com/company/via-labs-llc,https://dappradar.com/dapp/via-labs?range-ha=30d&range-ds=30d,,"Raymond (""Atlas""):  
Raymond brings 20+ years of enterprise experience in development, security, operations, Agile, management, and consulting, specializing in complex systems engineering. He has scaled teams from 5 to 75 employees and managed high-traffic, regulated platforms in fintech, education, and ecommerce.

Robert (""Cletus""):  
Robert leads VIA Lab’s operations and strategy, bridging teams with his experience on multi-million-dollar solar projects. He holds a BS and MS in Electrical Engineering and is the glue between the development team and strategic pursuits.

Andre (""Druuu""):  
Andre is a full-stack developer with a strong track record in the medical and fintech sectors. He has built diverse backend tools, is proficient in frameworks like React, Nuxt, Next, and Vue, and is exploring AI technology and wallet abstraction.

Jake:  
Jake drives business development at VIA Labs, using his background as a senior conductor on the British railway system to forge strategic partnerships in blockchain. His logistical and people management skills have been key to the company's growth.",checked,ee87d294 (https://v5.airtableusercontent.com/v3/u/50/50/1771855200000/4SJ_AFuA5Rd70yOX1ygQzA/5XBhNH01yO9FdAdzs6HqPEQHRfJ0-OEFj6eR-ww9G4WZBK5yR9GbAWbrIUie4EMPiOp1K0lJmEUG9dtcRi3AOvV6P4SE6-gktzv7jJko9ll2trqsQQ4_41TLXnjLjdHirgiNxtLebe2905_vh73Z9Q/WNmRuMnPsTtdlN47AfC8k6ZlQu_9Lqnw8hp-OvBvu14)
Mobula Labs,Development,Infrastructure & Services,https://mobula.io,"Mobula offers an extensive range of Data APIs tailored for decentralized applications (dApps), enabling seamless integration and real-time data access. For foundations, Mobula provides robust blockchain analytics tools to monitor and analyze user engagement and growth trends. Additionally, Mobula supports builders by offering comprehensive data warehousing solutions, ensuring efficient data storage and retrieval for enhanced application performance.",$122000.00,$122000.00,No specific region of operation,Mobula Labs,Stellar Data Engine by Mobula,,,SCF #34 ,SCF #34 ,"Partly, I do have a public Github",https://github.com/MobulaFi,https://discord.gg/JVT7xKm3AD,https://x.com/Mobulaio,https://www.linkedin.com/company/mobulalabs/,https://docs.google.com/document/d/168HXaKcc44XabjEqJyAl-wrfcvrSbUr-tRBowjYvidc/edit?usp=sharing,,"Mobula’s core team consists of five members, each bringing strong expertise in blockchain, backend, full-stack development, and operations:

Sacha Marcus, CEO of Mobula, left high school at 17 to launch Mobula Labs. He led the development of Mobula, a blockchain API layer integrated with 35+ blockchains and used by hundreds of projects, including Supra, Chainlink, Optimism, and Vanar. Before that, he founded StaySAFU, the first security scanner adopted by over 10 universities and DeFi tools.

Teo Constant, an experienced backend developer, has worked as a freelancer and contributed to StaySAFU, a Web3 security initiative. At Mobula, he plays a crucial role across the entire tech stack, from backend and frontend to architecture design. His proficiency with various development tools enhances system efficiency and accelerates deployment. Adaptable and fully engaged, he actively contributes to Mobula’s scalability and reliability.

Christian Ogoubiyi, formerly a freelancer and StaySAFU contributor, now leads operations at Mobula. His deep Web3 knowledge, combined with expertise in administrative, financial, and managerial processes, allows him to provide strategic oversight across key operational functions. Highly versatile and dedicated, he refines Mobula’s internal organization, ensuring efficiency, stability, and long-term growth.

Sanjayshanmugam S K is a full-stack developer specializing in software architecture, blockchain integration, and multichain solutions. Proficient in TypeScript, React, Next.js, Node.js, PostgreSQL, ClickHouse, Web3, and DevOps on GCP and Azure, he brings two years of experience, including one at Mobula. He designed the Mobula Multichain Explorer, developed advanced blockchain position tracking tools (Alephium, DeFi), and optimized Chainlink price feed integration. His expertise in cross-chain transactions and scalable infrastructures strengthens Mobula’s innovation and technical resilience.

Sacha Delhoux, in his twenties, is a specialist in market data aggregation, backend development, and the Solana ecosystem, with three years of experience. He has contributed to major projects such as Ennea, Genezys, PlayBones, and Famous Foxes, as well as personal ventures like OnCom, a Web3 social network. At Mobula, he spearheaded the Solana integration and is now working on XRPL and SUI, broadening the platform’s multichain reach. Skilled in TypeScript and Bun, he adds key technical expertise while fitting seamlessly into the team’s collaborative dynamic.",checked,4e0fe951 (https://v5.airtableusercontent.com/v3/u/50/50/1771855200000/WR-jHQd_LogDCqMmAgvCvA/XyRSo-uOBTG2COoOOLEUJjEQz0jzVLMzyGHCeha-C9mPVK02EMSgyXc8g5y1jhU02acvxPFnk9-b7-zA9zexwmCYfG4QUQftKTcKWtFwIjhBe4w1x9w_RERDTbX6CGoWck6rq0NchW6bwLC1BRlDvA/zv5m7e_rdheHUhTcnTvz_EyoDlFf4o0Ti45KI3Dlh-o)
Flashback,Development,Infrastructure & Services,https://www.flashback.tech,"Flashback is the world's first multi-cloud storage platform that enables companies to diversify and orchestrate their data storage with Agentic AI recommendations and smart contracts across both centralized (AWS, Google Cloud, etc.) and DePIN cloud (Filecoin, Siacoin, etc.) providers.",$120000.00,$82350.00,North America (without Mexico),Flashback,Decentralized Multi-Cloud Storage,,,"SCF #32, SCF #33, SCF #34 ",SCF #34 ,"Not yet, I don’t have a Github yet but my project will be open-source",https://github.com/flashbacknetwork/FlashOnStellar,https://discord.gg/yy8kyM5qFB,https://twitter.com/FlashbackSocial,https://www.linkedin.com/company/flashback-network,https://www.flashback.tech,,"Flashback’s team brings together builders with decades of experience in blockchain, Web3, and cloud technologies, with backgrounds at Orange, Blockdaemon, AWS, G-20 Group, and Filecoin. Brieuc, CEO and Co-Founder of Flashback, has a Ph.D. in Computer Science and over 8 years of experience in Computer Science, specializing in Artificial Intelligence, Cloud, and blockchain technologies.

Collectively, they have scaled Web3 communities to over 50,000 members, built blockchain infrastructures valued at over $700 million, and successfully launched more than 20 tokens in their experience. With an accumulated experience of 35 years in IT management and cloud innovation and more than 5 years in blockchain and consensus development, the team combines deep technical expertise with strategic insight in bridging traditional IT systems with decentralized technologies. Flashback’s team is uniquely equipped to redefine data storage, and their extensive branding, market strategy, and development backgrounds ensure a strong foundation for scaling decentralized solutions globally.",checked,22923a35 (https://v5.airtableusercontent.com/v3/u/50/50/1771855200000/VnY6BGLczlOhYpuCO4NpPQ/mUV_v_jnxA_-RCNS_w0icRjI8YksGjRjGZS20hzgkfSXHzatiFvaYSFil3_YpLhGjnGXKfMaLCtZkB_PdfVY_8Hoddl2_59mmcNwWYnsWQqP95sBi5WYYcwVjcn-M9e1SZolZtXTA7Hr9-rbN5GnyQ/qYp23heIJlgGqmQqvr3CEXcBrvk3dsWqswLVjJy5pwE)
Moonlight Protocol,Development,Infrastructure & Services,https://moonlight-10.gitbook.io/moonlight-docs,"Moonlight Protocol is a non-custodial privacy solution built on Stellar, enabling private balances and transactions without sacrificing user control. It is tailored for financial institutions and wallets looking to leverage blockchain while preserving customer privacy. The protocol combines open source on-chain components with off-chain infrastructure, including privacy-preserving transaction bundling and SEP-10-based user authentication for compliance. This architecture allows “privacy providers” (such as wallets or institutions) to shield user identities while remaining fully compliant with regulations. Moonlight's first PoC is already live on the Stellar testnet, with functioning Soroban contracts and other off-chain components to enable private transaction execution demonstrating its feasibility.",$134990.00,$89993.33,No specific region of operation,Moonlight Protocol,Mainnet Launch of Private Payments,,,SCF #37,SCF #37,"Yes, fully open-source with Github",https://github.com/Moonlight-Protocol,,,https://www.linkedin.com/company/aha-labs-dev,https://docs.google.com/document/d/1OmwrSVYBd-WA_UeYt9G-RNZcz6_8AnZST-fd-fFUMro/edit?usp=sharing,,"1.  Chad Ostrowski — Chief Executive Officer  
    A ten-year Web2 veteran (Ruby on Rails, React) before moving to Web3 in 2019, Chad joined NEAR Inc. as a core engineer and later co-founded Aha Labs (2021). He has designed much of Stellar’s modern developer workflow, including portions of the Soroban CLI and its JavaScript interaction layer.  
    Connect → GitHub | LinkedIn | Wellfound
    
1.  Willem Wyndham — Chief Technology Officer  
    MSc CS (UNC Chapel Hill) and PhD-track research at the University of Maryland in programming languages and security. Former Contract Runtime Engineer at Pagoda (NEAR Inc.). Co-founded Aha Labs and leads all Rust/WebAssembly work, including SmartDeploy and Loam’s core runtime.  
    Connect → GitHub | LinkedIn
    
1.  Fabricius Zatti — Principal Engineer/ Moonlight Lead  
    15 years in enterprise tech; designed blockchain systems for the Central Bank of Indonesia, MoneyGram, IOG, and the Stellar Development Foundation. Hyperledger Fabric & Besu certified; active contributor to Hyperledger Cacti interoperability. Brings deep Soroban, Ethereum, NEAR, Solana, and Cardano skills.  
    Connect → Github | LinkedIn
    
1.  Pamela Selle — Principal Engineer  
    Former Senior Engineer II at HashiCorp (Terraform Core maintainer) and cloud-infrastructure lead at Comcast. Community organiser in the JavaScript ecosystem. At Aha Labs she shapes Loam and Moonlight’s production-grade architecture.  
    Connect → GitHub | LinkedIn
    
1.  Elizabeth Engelman — Senior Engineer  
    A decade of consulting across healthcare, insurance, and finance; speaker at Clojure/West and SCNA. Joined Aha Labs in 2023 to advance Soroban tooling and documentation, bringing experience from Ethereum, Polygon, Stellar, and Flow.  
    Connect → GitHub | LinkedIn
    
1.  Blaine Heffron — Senior Engineer  
    Physics PhD, 12+ years in C++, Rust, machine learning, and full-stack web. Leads EquitX’s Stellar workstream while contributing to Loam QA and Moonlight contract audits.  
    Connect → GitHub | LinkedIn
    
1.  Enzo Soyer — Chief Operating Officer  
    Dual Master’s (ESSEC & CentraleSupélec), Enzo has worked in Denmark, Singapore, and France. He founded Fungible Strategy, advising Web 2 and Web 3 firms on blockchain adoption, and previously held roles at Brave Software and Thales Alenia Space. At Aha Labs he drives partnerships and market strategy.  
    Connect → LinkedIn",checked,868133a7 (https://v5.airtableusercontent.com/v3/u/50/50/1771855200000/-WJ1Z5nNMqaOopdI7hIXlw/NlM45yq2xwYTNWu9Ul3K9PARJyldd84lqAH1Ih9Dablaf1-HZg6rm9uS4mpq8HR3Yw1jvanOGSAsIZ7Pb2n_ypBgYSMem0cwDt7J3TtLwHgvg_MOQqfuG9rFD-8SbVSBnEjNYYllPGJO16epcY-8iQ/zX2pf3BuC03J0AmmE4N1pdDpkT0VQgtQ_hHbJlYJLvA)
Dobprotocol,Development,Infrastructure & Services,https://linktr.ee/dobprotocol,"Dobprotocol is a decentralized protocol that automates the distribution of Real-World Assets (RWA) using artificial intelligence (AI), smart contracts, and blockchain technology. By eliminating intermediaries, Dobprotocol ensures transparent, efficient, and programmable value distribution, redefining how assets are managed and shared in the digital economy.  Our infrastructure integrates Decentralized Finance AI (DeFAI) to optimize capital allocation and financial automation, while Decentralized Autonomous Machines (DAMs) enable autonomous revenue generation and distribution without human intervention. Through blockchain interoperability, Dobprotocol facilitates seamless integration with DeFi ecosystems, tokenization platforms, and automated financial flows.  By leveraging Stellar’s fast, low-cost transactions and global reach, we aim to create a scalable, inclusive financial infrastructure that empowers individuals, businesses, and institutions to access and manage assets with efficiency and transparency.",$143330.00,$110553.33,"Latin America & Caribbean,North America (without Mexico),Europe & Central Asia",Dobprotocol,"Dob Validator, Dobprotocol: Validating RWA Funding",,,"SCF Kickstart #11, SCF #37","SCF Kickstart #11, SCF #37","Yes, fully open-source with Github",https://github.com/Dobprotocol/stellar-distribution-contracts,,https://x.com/dobprotocol,https://www.linkedin.com/company/dobprotocol,https://docs.google.com/document/d/1-yVw6ensY0QqjWPgBEIFWlyHvNhI6gkTCnXjZCirGTU/edit?usp=sharing,,"Dobprotocol is led by a team of experienced professionals with deep expertise in blockchain, artificial intelligence, decentralized finance (DeFi), and strategic growth. Our founders bring a unique blend of technical innovation, financial expertise, and community-driven expansion, making Dobprotocol a key player in the evolution of DeFAI (Decentralized Finance AI) and automated RWA distribution.

Founding Team

Oscar Castillo Arce (CEO) – Visionary leader in decentralization, Web3 finance, and startup growth. Raised $10M+ in investment for LATAM startups, directed accelerators, and built scalable blockchain infrastructures. His expertise in financial ecosystems and capital markets drives Dobprotocol’s mission to redefine asset distribution.

Fernando Castillo (CTO) – Blockchain architect and expert in trustless distributed systems. Designed interoperable security models, integrating cryptographic frameworks and scalable blockchain solutions. Leads Dobprotocol’s AI-powered automation and smart contract development.

Andrés Peña (CMO) – Growth strategist and Web3 adoption specialist. Former BeInCrypto editor, helped position it as the most-read crypto news outlet in Spanish. Specializes in branding, community engagement, and virality strategies, ensuring Dobprotocol’s global expansion and adoption.

Core Expertise & Strengths

-   AI-driven decentralized finance (DeFAI) – Pioneering AI-enhanced liquidity management and automated treasury solutions.
    
-   Blockchain architecture & security – Ensuring scalable, secure, and trustless asset distribution.
    
-   Growth, marketing & adoption – Building strong Web3 communities and strategic partnerships.
    

With a combined expertise in finance, automation, and AI, the Dobprotocol team is driving the next-generation infrastructure for decentralized asset management and programmable finance.",checked,qvkumtwgaa0djqwolgrd.png (https://v5.airtableusercontent.com/v3/u/50/50/1771855200000/tGH7x0cJoVP6p8YzT4y5LQ/_psbDS2f4IPN4FtO8uWWud6aXuXtCMyMuDxoxwZc9dEbqBS8CT34p-97_T2nbtqxPcKkjISp2dQ-RoArE4FX0PONeY2btTFof78fM5BQup9P13mpfRhuRa7boTHDGQmYmYjXGyuvfDINUiRxYp0pzg/YFtFOjDK85CuQbe_hYeeTP6e9_PnwLTe-BQt7oDY6yg)
reBlue: Securing Austere Supply Chains,Development,Infrastructure & Services,https://www.reblue.io/,"reBlue hybridizes Stellar with off-chain analysis to provide supply chain oversight within fragile states, enable frontier market access, and engage informal economic systems.",$100000.00,$66666.67,"Middle East & North Africa,Europe & Central Asia,North America (without Mexico)",reBlue: Securing Austere Supply Chains,Trust as a Service for Frontier Markets,,,SCF #37,SCF #37,"Partly, I do have a public Github",https://github.com/rebluedev,,,https://www.linkedin.com/company/reblue-inc/,https://docs.google.com/document/d/1XoMZMZr_jwZkam6voYMPJWd6Mixc3a3APon3ZZjKFHo/edit?usp=drive_link,,"Grounded in extensive real world experience and sharpened at Oxford, our founding team showcases a strong capacity for adaptation and innovation.  

CEO Thomas Kasza’s journey from a Green Beret to a humanitarian entrepreneur was forged in the chaos of the collapse of Afghanistan, which spurred him to found the 1208 Foundation. This transformation reflects his commitment to applying lessons learned from firsthand experiences with international interventions, to create more effective humanitarian and austere supply chain solutions.  

Similarly, COO Ross Wood transitioned from a traditional humanitarian role into a critical analyst of the sector. Having previously held high ranking positions at USAID and other NGOs, Ross managed portfolios that provided life saving assistance to tens of millions, while uncovering some of the largest aid diversions in recent decades while serving in Ethiopia. Ross is now applying his doctoral studies at Oxford to challenge and improve the norms of humanitarian aid. This ability to pivot and apply diverse experiences is a key strength of our team.",checked,8b53430b (https://v5.airtableusercontent.com/v3/u/50/50/1771855200000/xGIv06T2DSqVf_uf7ujuAw/4xZVTmDzgV6_KlzUwCL_2tSW-oLWxALXuz7dGmcsLxYG8aQWTJoySmTYobJmTweLljFc0g9pxld8NmiXL6op0MoNq-A569_v2Ouo08e5Xh4x4wtGeqFutgBfkBkfkIk-3uVqMvvVddku_uCosDKNnw/h8vuiCfk8VMTLGVXhwKF1BJEhnNdqPdWQG9pCeuLCbI)
Webacy Inc.,Development,Infrastructure & Services,https://dd.xyz,Decisioning and risk data scoring for digital assets and wallets,$150000.00,$100000.00,No specific region of operation,Webacy Inc.,DD for Stellar: Risk Intelligence,,,SCF #38,SCF #38,"No, my project does not need to be open-source, now or in the future",,,https://x.com/mywebacy,https://www.linkedin.com/company/webacy/,https://na.com,,"Maika Isogawa, CEO, co-founder: Stanford CS/AI, Cirque du Soleil acrobat, Former Microsoft Cybersecurity engineer

https://www.linkedin.com/in/maikaisogawa/

Jeremiah O'Connor, CTO: former Binance, Coinbase principal investigator, Cisco Cybersecurity, co-founder at Trugard (funded by Evolution Equity, Masterkey) https://www.linkedin.com/in/jeremiah-o-connor-4a55aa40/

Brian Wong, co-founder: founder and GP of Ascii Ventures, former founder of Kiip, raised $32mm, acquired by Ninthdecimal https://www.linkedin.com/in/wongbrian/

Rodrigo Lajous, lead Engineer: former lead engineer at POAP https://www.linkedin.com/in/rodrigo-lajous/",checked,fe3af043 (https://v5.airtableusercontent.com/v3/u/50/50/1771855200000/a8etOxyvu3H0Lo9qmuVsqA/uJ_kIxCOvFSA2yU6qkC_m-2Y-A4uFN5dm67hGTKm9q1EYre5umR2MTCN2jfWGb1yDr3YX0-vZIAg7kMImMiNxobDt5A4Ebn-3EJvBWqQrUhV_U7FcJA_uZZ5ZGooxUxqLPg7bqPbUa_RtQrWAFghIg/4zRS0bfwny48DStEG6w0uWXsNb7JiHMQHTihKn0QQww)
Aerochain,Development,Infrastructure & Services,https://aerochain.wingleet.com/redoc,"AeroChain is a blockchain infrastructure built on Stellar, designed to provide full end-to-end traceability for aircraft parts. It aims to become the go-to trust protocol for the aerospace industry.  The system uses a hybrid architecture combining Stellar smart contracts, a business-layer API, and SaaS interfaces for easy integration into existing tools. Each part is assigned a tamper-proof digital identity that records lifecycle events — from manufacturing to maintenance, ownership, and recycling.  AeroChain addresses key industry challenges: regulatory compliance, paperwork, human error, and lack of transparency. It automates compliance documentation, tracks parts in real time, and helps reduce costs and errors by up to 80%.  We target OEMs, MROs, airlines, lessors, and regulators with role-specific tools for certification, authenticity checks, predictive maintenance, and shared audit trails.  We’ve already started developing basic features on Stellar. You can find more technical details in the analytics document.  Our goal is to onboard over 2,000 aerospace players by 2029 and establish AeroChain as the European standard for traceability — leveraging Stellar’s speed, low cost, and energy efficiency",$128000.00,$85333.33,No specific region of operation,Aerochain,AeroChain: On-Chain Aerospace Components,,,"SCF #37, SCF #38",SCF #38,"Not yet, I don’t have a Github yet but my project will be open-source",https://github.com/SebWingleet/Aerochain-Stellar,,,,https://docs.google.com/document/d/10Bc21WRMmi0pNrcQW9qd2aEYdGyjJo_uNXahDhMP37w/edit?usp=sharing,,"Our team is composed of three co-founders combining deep aerospace, software, and blockchain expertise:

-   Vincent Montesano has over 10 years of experience in the aerospace industry, having served as Technical and Quality Director for several airlines and MRO centers. He brings deep domain expertise in maintenance operations and regulatory compliance.
    
    Linkedin
    
-   Antoine Houlette is a seasoned full-stack developer with a strong background in building complex web applications. He now specializes in blockchain systems engineering, focusing on secure and scalable architectures.
    
    Linkedin
    
-   Sébastien Batty, a CentraleSupélec-trained AI engineer, has worked across multiple startups developing machine learning models and intelligent systems. He has led several blockchain projects, including recent work on Stellar and Soroban-based infrastructure for traceability and automation.
    
    Linkedin
    

Together, the team has already delivered multiple end-to-end solutions in aerospace tech and web3, combining real-world industry knowledge with cutting-edge technical skills.",checked,bdd8eb45 (https://v5.airtableusercontent.com/v3/u/50/50/1771855200000/kNIiPbSxJf_khZUYtkudjA/A5hpoZHXdarSuqOHjD85iOz76w-E_EMr95m5LEP2Zo26M5mEzbHK3FV66jmD_rwoo69elyOYzbxB-buMIpLdWndy8cYaNnodv78ol8oXsbfDHwKC8EL3wbyCHlsUybtn4K6ey0RFuail5gcgpaEzdg/JnnxxsEJRWQjIFSpcOgc5sU6G44Kanj553i5v9wxWX8)
Agnostic,Development,Infrastructure & Services,https://agnostic.dev/,"Agnostic is a real-time blockchain analytics platform designed to provide seamless access to on-chain data across EVM-compatible chains, with a mission to eliminate complexity and latency in querying and analyzing blockchain activity by abstracting away data model intricacies and offering a unified, low-latency interface complete with SQL support, visual dashboards, and AI-assisted exploration. Agnostic empowers developers, analysts, and enterprises to unlock meaningful insights from blockchain data effortlessly.  We are now expanding to support non-EVM chains like Stellar. By integrating Stellar into our unified analytics layer, Agnostic will make Stellar’s unique transaction model accessible through the same user-friendly, powerful experience that already supports Ethereum, Base, Arbitrum, and others.  Our platform is used by projects in DeFi, infra, and research sectors, and we’re launching a new AI-native interface for no-code exploration of blockchain datasets. We are open source at the query layer and provide native support for tools like Superset and Grafana.  With support from Stellar, we aim to develop open analytics schemas, data access APIs, and AI-native experiences tailored to the Stellar ecosystem, helping increase developer adoption and visibility for Stellar-based projects.",$121000.00,$80666.67,No specific region of operation,Agnostic,Bringing Real-Time Analytics to Stellar,,,SCF #38,SCF #38,"Yes, fully open-source with Github",https://github.com/agnosticeng/ch-stellar,,https://x.com/agnosticeng,https://www.linkedin.com/company/agnostic,https://docs.google.com/document/d/1aZBRcQSclu84TFvOTTRuzgULNYo3rLLbfEJpCxxsGFQ/edit?usp=sharing,,"Didier Franc - Co-Founder and CEO of Agnostic

Software engineer and blockchain analytics expert with over a decade of experience. He leads the development of open-source tools for extracting, indexing, and visualizing on-chain data across EVM networks, democratizing blockchain access for developers and analysts.

X - Github - Linkedin

Arnaud Briche, Co-Founder and General Director of Agnostic, specializes in data-intensive applications and blockchain data pipelines. With a strong background in ad tech, he optimizes indexing solutions to enhance on-chain analytics, ensuring efficiency and accessibility for users.

X - Github - Linkedin

John Calabrese, Head of Analysis, leverages blockchain data tools for market research and analytics. Formerly at Nansen, he excels in financial modeling and wallet tracking, ensuring Agnostic’s tools provide valuable insights for traders, researchers, and analysts.

X - Linkedin

Yann Amsellem, a UX Engineer with almost ten years of experience across different fields, focuses on providing users with effective access to data visualization.

X - Github - Linkedin

Paul Beynier, Agnostic’s business developer, drives strategic growth, partnerships, and blockchain adoption. With experience in tech and finance, he shapes Agnostic’s business strategy, secures funding, and fosters industry relationships to expand its market presence.

X - Linkedin

Each member plays a crucial role in advancing Agnostic’s open-source mission, refining tools that empower the blockchain community.",checked,tjcfznabq4o89qjvohvb.png (https://v5.airtableusercontent.com/v3/u/50/50/1771855200000/xYl5BmRTcvYrkLQZg_wdsQ/p8UI6D0dTAjHrJEI2SZnuhKrvH5dwa_io8syQUYiieZB9cpooWHp_5ZsNTdnuBv9HyGS7IF6aiO4d9uBXYALhl-kc7-ggV34yizBjMtOSonnOHcnn6lyaC5Q3ezxor5VK80-5KpkjwlYOdrPTi1YrA/eibTxAlRIEGB_kxqcCQswVfHKQNmJ8Y_0krLj-W66YU)
Token Terminal,Development,Infrastructure & Services,https://tokenterminal.com/,"Token Terminal is the leading full-stack onchain data platform, trusted by institutions such as Bloomberg, Franklin Templeton, Bitwise, Coinbase, and Ark Invest. Our mission is to build the most comprehensive, accurate, and standardized dataset in crypto—bridging traditional financial analysis with decentralized ecosystems. This project focuses on integrating Stellar’s onchain data into the Token Terminal platform. By indexing and standardizing Stellar blockchain data, we will bring enterprise-grade visibility and analytics tools to the Stellar ecosystem. Our work includes the development of robust data pipelines, long-term data maintenance, and the creation of intuitive dashboards that present Stellar’s network and application-level metrics in a clear, comparable, and actionable format. Beyond data infrastructure, we will produce high-quality educational and analytical content—including dashboards, reports, and API access—tailored for analysts, builders, and investors. This ensures ongoing visibility and accurate benchmarking of Stellar’s performance alongside other leading blockchains and dApps. The impact of this partnership is twofold: First, it strengthens Stellar’s credibility among institutional and retail stakeholders by embedding its data within a globally used analytics standard. Second, it empowers the Stellar builder community with tools to better communicate progress, measure success, and attract funding or users. Together, we’re making Stellar’s ecosystem more transparent, discoverable, and data-driven—laying the groundwork for broader adoption and sustained growth.",$150000.00,$100000.00,Europe & Central Asia,Token Terminal,Onchain analytics for Stellar,,,SCF #38,SCF #38,"No, my project does not need to be open-source, now or in the future",,,https://x.com/tokenterminal,,https://tokenterminal.com/,,"Token Terminal is a 25-person team with deep expertise in data infrastructure, blockchain analytics, and financial modeling.  
  
Our engineering team, consisting of 17 full-time developers, builds and maintains the platform’s end-to-end data pipelines and products. We are headquartered in Europe, with additional team members based in the U.S. Our structure enables us to move fast, deliver institutional-grade analytics, and support the world’s leading crypto networks and applications.

https://www.linkedin.com/company/token-terminal/",checked,67890841 (https://v5.airtableusercontent.com/v3/u/50/50/1771855200000/pi8Knb2SNViNkpfWBDqjBA/U9I9MGlMDse8Ei00_4dWN4Ho79y1-xMJvHM-EoHpFoZyx7U3rFdGiJajTLteEWEExtbXCrUz4AiNIGFfW1Jr8xi4MCJ_MeiOf_oOcoLHK2E1b0Vrhk2rsGys1x3urq-UmHyqc7HPIkE4j7RyDF6gcw/YBPrlzrJJvRk9xQgWayb74zClltBM3G1nR0IVAU6MQY)
dolphinze,Development,Infrastructure & Services,https://www.dolphinze.com/,"dolphinze is building the next generation of global payroll infrastructure—designed specifically for contractors and powered by crypto-native rails.  Today’s payroll systems are slow, expensive, and built for a world of full-time employees and legacy banking. They struggle to keep up with how modern companies hire and pay talent—especially across borders. Most providers serve both employees and contractors, juggling complex compliance burdens. And when companies want to pay in crypto, they’re forced to use clunky add-ons or push contractors to external exchanges.  We’re changing that.  dolphinze is a crypto-native, contractor-only platform that helps businesses onboard and pay global contractors in minutes—not weeks. We’ve built a compliant onboarding and payment stack that allows companies to fund payroll in fiat while contractors receive payouts in their preferred currency.  This decoupling of employer funding from contractor payout gives both sides maximum flexibility. Employers can keep their treasury in fiat and maintain clean accounting. Contractors can skip the delays and fees of traditional banking systems and receive funds instantly—wherever they are in the world.  Our mission is simple: make it effortless to pay contractors, anywhere in the world. Fast, flexible, and future-ready.",$129800.00,$43266.67,No specific region of operation,dolphinze,Enhance payroll infrastructure,,,"SCF #38, SCF #39",SCF #39,"Not yet, I don’t have a Github yet but my project will be open-source",https://gitlab.com/dolphinze/disbursements,https://discord.gg/MZFhr2EN,https://x.com/dolphin_ze,https://www.linkedin.com/company/dolphinze/,https://www.dolphinze.com/,,"Tity M. Lyngdoh – CEO & Co-Founder

-   20 years in fintech & banking, 8 years in crypto
    

Chris Oaks – CTO & Co-Founder

-   Built & scaled two crypto startups
    
-   Lead engineer of flagship OTC platform
    

Distributed across six countries, our crypto-native engineers and designers live the cross-border reality we’re fixing.",,d24730c2 (https://v5.airtableusercontent.com/v3/u/50/50/1771855200000/aenYIDWrIFMBS0O9XjlNJQ/pijgE__azsfBd1616yf5rkmHHm-d0Hx2BYZOv60iUAKCbwRdYU82f1rkQArLCBwYnbrFL0ylxWuGyNl7VA7gy_4zA1IlYMGrEPMhk5vxlXPqSUwh8QeaVH-REEl3UqEySRhOdJZjag2cw_vYxJYSVQ/ubrTiFRvEjzb_hMRpbn71sifVAGOvo4Oo3JOWhelIhE)
Diameter Pay,Development,Infrastructure & Services,https://diameterpay.com/,"Diameter Pay is a regulated payments platform providing an API-first infrastructure for USD payments and virtual accounts. Our mission is to create a programmable access layer to the U.S. financial system—connecting foreign banks, PSPs, and stablecoin platforms to Fedwire, ACH, SWIFT, and, soon, Stellar, through a unified, compliance-first interface.  Today, Diameter’s infrastructure enables regulated institutions to access U.S. payment rails safely and transparently, with multi-tier virtual accounts, continuous AML/CFT and sanctions screening, and real-time treasury visibility across multiple U.S. partner banks.  Diameter operates as a licensed Money Services Business (MSB) and New Jersey Money Transmitter, under supervision by the New Jersey Department of Banking and Insurance (NJDOBI). The company has been a third-party participant in FDIC and Federal Reserve Bank of San Francisco regulatory exams, has been examined directly by NJDOBI, and has successfully passed independent AML audits, demonstrating robust compliance and operational integrity.  Our customers include leading stablecoin orchestrators and crypto-focused banks in Switzerland and Singapore, who currently manage the on-chain settlement leg via their own infrastructure. With support from the Stellar Community Fund, Diameter will extend this capability in-house, integrating Stellar as a programmable settlement layer for issuing, redeeming, and settling USD-backed assets on-chain under full regulatory oversight.  Diameter is cash-flow positive, processes over $1 billion in monthly transaction volume, and is positioned to bring compliant, programmable money to institutions globally.",$147000.00,$98000.00,"Latin America & Caribbean,East Asia & Pacific,Europe & Central Asia,North America (without Mexico)",Diameter Pay,Diameter Stellar: USD to USDC Payments ,,,SCF #40,SCF #40,"No, my project does not need to be open-source, now or in the future",,,https://x.com/DiameterPay,https://www.linkedin.com/company/diameterpay,https://docs.google.com/presentation/d/1gsnIQC8YpeP4g-InM9S9LWbVAyKwVWVr6Yap3WEIzTY/edit?slide=id.g3690aa4457a_0_424#slide=id.g3690aa4457a_0_424,,"Diameter Pay is led by founder and CEO David Lighton, an MIT graduate and former World Bank Analyst who helped rebuild Haiti’s financial system after the 2010 earthquake. He founded Diameter to modernize global payments access with a compliance-first approach rooted in real-world financial inclusion.  

Our leadership team combines deep institutional and fintech experience. Philipp von Girsewald, former Partner at Deutsche Bank and CEO of Raisin U.S., and Jeff Horvath, former Senior Managing Director of Legal and Compliance at Deutsche Bank and Fitch Ratings, anchor our governance and regulatory framework. Raj Sheth, based in London, leads revenue. Diameter is also onboarding a new compliance officer who formerly ran correspondent banking AML for Deutsche Bank.  

Our engineering organization, headquartered in Poland and led by Rafal Petsch, builds and maintains Diameter’s multi-bank API, ledger, and compliance systems. Senior engineers Jakub Andrzejewski, Jakub Sokołowski, Jakub Miziołek, and Juliusz Kowalewski specialize in payments orchestration, security, and automation.  

Operations and compliance are managed from Argentina by Matias Lefloth, Javier Sanchez, and Nicolas Mauro—all formerly at Flutterwave—bringing hands-on expertise in AML, transaction monitoring, and customer due diligence. Fred Hosea, based in Lagos, supports AML review and sanctions analysis.  

Our board of directors includes Sandra Ro, CEO of the Global Blockchain Business Council, and Satwik Seshasai, cofounder of Segovia Technology, one of Africa’s original mobile money pioneers.

  
Diameter’s multicultural team spans the U.S., U.K., Poland, Argentina, and Nigeria—reflecting our mission to build the world’s most trusted programmable payments infrastructure.",,Diameter Stellar Cover.jpg (https://v5.airtableusercontent.com/v3/u/50/50/1771855200000/e-Sktpy46bPtPDRO69oaIg/2T5TS7fMOD9Fd6NYEG3bhJE2mXUuZ8pUfZA3QZHouyC-lrNEZxvVyE_35ycrUGESrG7as6-gdCgfzEGeg6liKGvvtLn4j0PGucXffZq6_kh47H2aRyKoNiotPGM8br_uEZ8JUbOsA7eSNKnIEUU7cmwV07hUNnFWXaNt634EoPs/Xf1wFrj0Hwr6N1Be2lG7-lR2onJ39yJ0TUouync9Jeo)
AI Transparency Token (AITT),Development,Infrastructure & Services,https://ethixia.com/,"AITT is an open-source solution that certifies the compliance of artificial intelligence systems using the Stellar Soroban blockchain. With the rise of regulations such as the AI Act and GDPR, businesses must demonstrate their commitment to ethics, transparency, and data protection. AITT automates this process by providing an immutable blockchain-based certification registry.    Through its REST API, companies can submit their compliance audits, which are then stored as tamper-proof certificates on the blockchain. Certifications are generated via Soroban smart contracts, issuing non-transferable NFTs to ensure authenticity and prevent falsification. These contracts also enable automatic updates and revocations of certifications if non-compliance is detected in a new audit.    An interactive dashboard allows regulators, investors, and businesses to query the blockchain in real-time to verify certification status. The use of Stellar Soroban ensures optimal scalability and low transaction costs, making adoption accessible to companies of all sizes. This approach eliminates complex manual audits and guarantees a transparent and automated monitoring system for AI compliance.",$74000.00,$49333.33,Europe & Central Asia,AI Transparency Token (AITT),Certification for Ethical Compliance,,,"SCF #34 , SCF #36",SCF #36,"Partly, I do have a public Github",https://github.com/Falparis/AITT,,,,https://docs.google.com/document/d/1vLe8CgLCrRAJyv3i_ONP_woBSrBZ8SZfRPiO061sn_Q/edit?tab=t.0,,"1. Fares G. - CEO

Background:

-   PhD student in Legal AI at the University of Sorbonne.
    
-   Developer of the Legal Tech Lawyer Academy, providing innovative legal technology solutions.
    
-   Member of ESSEC Ventures and Station F, the world’s largest startup campus.
    
-   Former Secretary-General of the French Institute of Legal Information (Droit.org).
    
-   Blockchain enthusiast with a passion for decentralized compliance solutions.
    

Role:

-   Leads the vision and strategy for AITT.
    
-   Focuses on bridging AI regulation and blockchain technology to create transparent compliance solutions.
    

2. Josselin G. - CTO

Background:

-   PhD in AI Ethics and Security with a focus on LLM AI Agents and their ethical applications.
    
-   Formerly with Thales, specializing in secure systems and ethical AI design.
    
-   Certified Scrum Master with extensive experience in project leadership.
    

Role:

-   Drives API development and ensures seamless integration with compliance systems.
    

3. Thomas S. - Advisor in Legal Tech

Background:

-   Former CEO of a leading Contract Lifecycle Management company in France.
    
-   Former advisor to the Prime Minister’s Office on digital transformation and legal technology.
    
-   Recognized leader in the French Legal Tech ecosystem.
    

Role:

-   Provides strategic guidance on scaling AITT within the legaltech and regtech industries.
    
-   Supports partnerships with regulatory bodies and enterprise clients.
    

4. Laurent V. - Partner – Lawyer in AI Law

Background:

-   Professor at the University of Sorbonne, specializing in AI and Data Governance.
    
-   Lawyer at the Paris Bar and Vice-President of IDFRights, advocating for digital rights.
    

Role:

-   Ensures that AITT aligns with evolving AI laws such as the AI Act and GDPR.
    
-   Leads discussions with regulators and academic institutions to establish AI compliance standards.",checked,10656ca5 (https://v5.airtableusercontent.com/v3/u/50/50/1771855200000/RfSRSqvagrWD9ztqbdcv8w/PWdvT5BmNGvzyeEPRv6jbqxzZKrFZeVdPyD5QcjAROgvjmfvMg9YdtFbxJ71pgizoIK583kLXJ0aTGtpNYG2Kki7H0Imklpuxd4tT9N8kfXWkM6RU4IbrsoncEFGwt2OgcI3mtOU_b03ihlhr0Wdhw/cNTUjGA9FdAYKj27EJ2G59oNaQhav1LxddEWTOnAH-A)
Stellar DeFi Dune Dashboards,Development,Infrastructure & Services,https://dune.com/paltalabs,"Right now, most DeFi stats on Stellar come from project-provided reports, which are not always transparent or easy to verify. Platforms like DeFi Llama and DappRadar often rely on these reports instead of pulling data directly from the blockchain. The Stellar DeFi Dune Dashboards will change this by providing fully verifiable, on-chain data from smart contract activity. These dashboards will track important stats like Weekly and Monthly Active Users, Average Slippage on Trades, Percentage of Aggregated Trades, and Liquidity Provider Activity. For AMMs and aggregators, we will show key insights, including trade volume, slippage, price impact, and how often trades go through aggregators instead of single AMMs. We will also track arbitrage profits and how many trades are related to arbitrage. This project will make Stellar DeFi data more transparent and accessible for everyone, helping users, developers, and investors understand how healthy and active the ecosystem really is. We will also maintain and update the dashboards for one year to ensure they stay reliable.",$25000.00,$8333.33,No specific region of operation,Stellar DeFi Dune Dashboards,Stellar DeFi Dune Dashboards,,,SCF #35,SCF #35,"Yes, fully open-source with Github",https://github.com/paltalabs,,https://x.com/PaltaLabs,,https://dune.com/discover/content/relevant?q=author:paltalabs&resource-type=queries,,"We are PaltaLabs 🥑, a hacker hub focused on Stellar. We build DeFi products like the Soroswap.Finance AMM and AMM Aggregator, DeFindex DeFi Investment Vaults, and developer tools like the @soroban-react library and Create Soroban Dapp. Check us out at paltalabs.io.

We manage a team of five full-time developers who are highly active in the community—building dev tools, answering questions, and collaborating with other projects.",checked,jwrm9byntftslq8yxk16.png (https://v5.airtableusercontent.com/v3/u/50/50/1771855200000/FFnsAwR_sKkY9Uow-iBB5Q/dHb-aO4C88CgJ8CYULJmmxY4BO-mRG99xYHJPczNtM-Whcekskz8OqZGLAD9_8Z7emp9fxToB5agZoGCqyG68dkRVHTFWYxH9F7VySwuokioaGdZTc3CTCUlr6OER9dhEb7ipFoCVDC9cj-SGEkZpA/b-sKxLIfCArhU6VutqJbHAp6m9JIFn-a5sRVRe8eZ5Y)
Post-Quantum Secure Wallets for Stellar,Development,Infrastructure & Services,https://soundness.xyz/,"Enable post-quantum wallets and transactions on Stellar, protecting retail and institutional users against upcoming quantum threats.",$150000.00,$100000.00,Europe & Central Asia,Post-Quantum Secure Wallets for Stellar,Post-Quantum Secure Wallets for Stellar ,,,SCF #40,SCF #40,"Partly, I do have a public Github",https://github.com/SoundnessLabs,https://discord.gg/SoundnessLabs,https://x.com/SoundnessLabs,,https://soundness.xyz/,,"Soundness Labs Ltd (soundness.xyz) builds cryptographic infrastructure to make the internet provably secure. The team specializes in zero-knowledge and post-quantum cryptography, developing systems that enable scalable, verifiable, and post-quantum-secure cryptographic infrastructure for blockchains.interoperability.

Its flagship product, Soundness Layer, provides seamless and low-cost proof validity attestations across chains. It leverages Walrus for sequencing and data availability and is deployed on Sui. Soundness Labs has collaborated with Mysten Labs, Sui, and Walrus on joint research and product integrations.

Soundness Labs was co-founded by Alex and Mahdi, who bring extensive experience in zero-knowledge protocol design, cryptographic systems engineering, and blockchain integration.",,c7d9f3aa (https://v5.airtableusercontent.com/v3/u/50/50/1771855200000/lH2SP0Co1-VjtP2TRUbISA/19i0VVuUoZ3e33aIntBu67pztxBqgWLVLPWRLlgPsY5wKf42gG3ToGG7NCcIlbZgEYg9KXw931WTQjLsC9DgErXjr6ffaBvSUJgapTE-fS7lFc6xxLLjMdB5a3OHW9v1O6ylAe4EJMqTQKXy7Pc91A/NAix4gvC2wf0_RVTr49LMgZFb_j8H62F2DW22vwiNUU)
DeRisk,Unknown,Infrastructure & Services,https://derisk.carmine.finance,DeRisk is a risk monitoring platform that serves as an “early warning” mechanism to detect risky situations for lending protocols.,$50000.00,$50000.00,,DeRisk,DeRisk - Monitoring DeFi risks,https://communityfund.stellar.org/dashboard/submissions/recWVVLF0ufdI0y0Z,https://communityfund.stellar.org/dashboard/submissions/recWVVLF0ufdI0y0Z,SCF #20,SCF #20,"Yes, fully open-source with Github",https://github.com/CarmineOptions,,,,,,,checked,image.png (https://v5.airtableusercontent.com/v3/u/50/50/1771855200000/lm7CYrJvF1DY0tkftoiFnw/hdBgZsP1TcnZRbAp0lxQXN3jhTl5_P7EIaqTRm4O5ZXOnrKtPQj82LyJoNdz934KANhWjfz7Wa3oLXdeSacUxdXkTrERex-5lCExmrj_CC1JcRP6L-PTs250f_P1AqX_wy7-HqUCloFlo9pi8YkuGQ/CL1tiu09ur93K0HjupYssHAm5PcZMR2R1nTxHSD0C4k)
ApiCharge,Live (on Mainnet),Infrastructure & Services,https://apicharge.com,"ApiCharge (ApiCharge.com) enables direct monetization and complex pricing control of APIs or other digital services, currently in Circle USD, Circle EUR and Stellar XLM. It has been under development for about a year and takes a different approach to x402 and its analogues, though with overlaps such as service discoverability and a marketplace. Unlike x402 which is a protocol and community toolset, ApiCharge requires (at minimum) zero code on the server side because it is a drop-in network component. As well as handling micropayments for per-call service access,  like x402 and others, ApiCharge allows stream access - directly rate limiting streamrate quality against price. It handles complex pricing scenarios by tying the purchased access and quality of service to a digitally signed purchase agreement, allowing flexible re-pricing without retroactively affecting prior subscriptions (like the recent Cursor debacle). It comes with a native desktop management app for B2B publication, on Linux, Windows and Mac, including a marketplace for desktop publication and consumption of services. This includes a native wallet based on Stellar. It uses Stellar Soroban for settling payment against readable JSON messages promising service access quality and micropayment batches.",$79000.00,$52666.67,No specific region of operation,ApiCharge,ApiCharge - ML and AI ,,,SCF #40,SCF #40,"No, my project does not need to be open-source, now or in the future",,,https://x.com/apicharge,https://www.linkedin.com/in/frank-szendzielarz-a0041089/,http://apicharge.com,,"Just me for now, with the support of family and friends https://www.linkedin.com/in/frank-szendzielarz-a0041089/",,750fa714 (https://v5.airtableusercontent.com/v3/u/50/50/1771855200000/6mntyNTXqLiVqaGpQ4eppw/XIbXZoaYVgCnvJI0zBzLxrPgdIRxr8ipyIWewbwv_gV8KSTg9R9xXe3Y3M8Xbl1ips5nzKd-SMvNoPw243QWWmWaPYX_lQI3iTWVLD_7yDrPLqC0aSD3H_29QAJnm3jvlva5jh5jtvzak5ZoBHb_Uw/5VVRubj3R-_DKz9BpazqMkaN_KHPsxk0kBUTdAvA_tM)
Digicus,Mainnet,Developer Tooling,https://spaced-out-thoughts-development-foundation.org/2024/10/10/digicus-whitepaper.html,"Digicus, Scratch for smart contracts, simplifies contract creation &amp; modification via an intuitive, Lego-like graphical interface.",$150000.00,$150000.00,North America (without Mexico),"Digicus,Digicus","Digicus, Digicus - from MVP to 1.0","https://communityfund.stellar.org/dashboard/submissions/recF2pa0KGpGBfFBP, https://communityfund.stellar.org/dashboard/submissions/recoFbY3txQwrt3p2","https://communityfund.stellar.org/dashboard/submissions/recF2pa0KGpGBfFBP, https://communityfund.stellar.org/dashboard/submissions/recoFbY3txQwrt3p2","SCF #26, SCF #29","SCF #26, SCF #29","Yes, fully open-source with Github",https://github.com/spaced-out-thoughts-dev-foundation,,,,https://spaced-out-thoughts-development-foundation.org/,,"Senior software engineer who strives for clean, discoverable, simple code. Past experience in blockchain world includes a couple years with SDF (‘18-‘19) and co-leader of largest developer only blockchain meetup in San Francisco (‘17-‘18).",checked,1b640a16ceed9391dcaf58e914fe3714.png (https://v5.airtableusercontent.com/v3/u/50/50/1771855200000/zlvPIKpXT7HzzJ6XgmCwpA/O0R2sBxvKA3u3B9Sz6lC5E0J45p_5D4uzInUJjaja1UjeN-4tNKzj4u3vcAQKxM7tLP5gMucv4rVd6l5ufAwJnbbBzPIGoYA4Ow8kYsACkzhPZkcicOYM_lQ4uBDGwdZQISceQUnAzHvfMfstTaxIQ/buFuUgLkJRpgvoD4cVj5hoaH1bivnV-bx91FN7syX6g)
Komet: Formal Verification,Mainnet,Developer Tooling,https://kasmer.runtimeverification.com,"Open-source tool for Soroban smart contract developers, enabling them to perform robust formal verification.",$150000.00,$150000.00,,"Komet: Formal Verification,Komet: Formal Verification","Kasmer: Formal Verification, Komet: Formal Verification by Runtime Verification","https://communityfund.stellar.org/dashboard/submissions/reciIW33y5UCN7CLd, https://communityfund.stellar.org/dashboard/submissions/recX2wXDG0aIJ4z4I","https://communityfund.stellar.org/dashboard/submissions/reciIW33y5UCN7CLd, https://communityfund.stellar.org/dashboard/submissions/recX2wXDG0aIJ4z4I","SCF #28, SCF #30","SCF #28, SCF #30","Yes, fully open-source with Github",https://github.com/runtimeverification/komet,https://discord.gg/CurfmXNtbN,https://twitter.com/rv_inc,https://www.linkedin.com/company/3142238/,,,,checked,0c365e3395e6c9c9bca8cdfd3d380cb2.png (https://v5.airtableusercontent.com/v3/u/50/50/1771855200000/AOPt_ytQm3D1DLw9Agms1A/89r1Ik9D3exNJ_tTN8H3yAExStLzmEfrJCpsGRNRM1XYWaO2LDO_ct19jAmKaoVqM1Lg4JfoaN6qCxB8WtnbhZxaNq_adK7Uhr0BO7MXUNcNYgmDqOemOgYPafM0zxGkIi9mN1GDMQ1CUifepvpKO6EY_rFcX8l2TvAGNU80x2Q3wRx4R3C40chZ-JnuaqpK/qL2FU6MdSsL3-Lhwv-q-r38gAOBPqnT1sMJRpPZDfSk)
Python Stellar SDK,Mainnet,Developer Tooling,https://github.com/StellarCN/py-stellar-base,py-stellar-base is a Python library for communicating with a Stellar Horizon server and Soroban-RPC server. It is used for building Stellar apps on Python.,$29860.59,$62360.59,No specific region of operation,Python Stellar SDK,"Stellar Python SDK, ",https://communityfund.stellar.org/dashboard/submissions/reciEJw932bi9fM5Y,https://communityfund.stellar.org/dashboard/submissions/reciEJw932bi9fM5Y,"SCF #1, SCF Public Goods - Q3 '25, SCF Public Goods - Q4 '25, SCF Public Goods - Q1 '26","SCF #1, SCF Public Goods - Q3 '25, SCF Public Goods - Q4 '25, SCF Public Goods - Q1 '26","Yes, fully open-source with Github",https://github.com/StellarCN/py-stellar-base,,,,https://github.com/StellarCN/py-stellar-base,,overcat - Has been active in the Stellar community since 2018 and has rich experience in Stellar-related development. He maintains a series of Stellar infrastructure software. You can find all of his currently maintained Stellar-related projects here: https://lightsail.network,checked,b06362eb (https://v5.airtableusercontent.com/v3/u/50/50/1771855200000/u5ArDpCdDrWI3uog_pM8eg/fSwSpPG-2SXbJ4aPoPzuOc3xRnySIjjVqBcvmtb7iWhwasfDZ9HefZ06GkVDV18FBQiM5NRHoW5lFRF2ru1n1lf50w5BSUImereWnAhd50rPKBelX6oIFyTvKXRGCK0GHeMyYWvP84HbxwI51_LrBA/YFNCA6uJF7ABTdV3N1Tpv561b0zIJt7Sfn0KMHKYgZI)
SiBorg,Mainnet,Developer Tooling,https://www.siborg.io,"SiBorg is creating a decentralized monetization protocol that transforms media and creator visibility into a new asset class by tokenizing advertising spaces across various interfaces, enabling buyers to speculate on the future growth of publishers",$95900.00,$63933.34,Europe & Central Asia,SiBorg,SiBorg: The Future of Sponsorship through Tokenized Advertising Spaces,https://communityfund.stellar.org/dashboard/submissions/rec7DMQ1TCxcapjR3,https://communityfund.stellar.org/dashboard/submissions/rec7DMQ1TCxcapjR3,SCF #31,SCF #31,"Yes, fully open-source with Github",https://github.com/siborg-ads/stellar-client,https://discord.gg/siborglabs,https://x.com/SiBorgLabs,https://www.linkedin.com/company/siborg/,https://dsponsor-app.siborg.io/leaderboard,,"Team Members: 4
Expertise:
- Maxime Gay (CEO): Experienced entrepreneur in crypto and finance, ex-SwissBorg analyst, focused on investments, strategy, and project analysis.
- Anthony Gourraud (Tech Lead Blockchain & Monetization): Blockchain expert, co-created tokenized ad spaces, leads smart contract development and backend services at SiBorg.
- Mickael Bobovitch (CTO, Frontend Engineer): Frontend developer specializing in React and blockchain integration, with previous work on decentralized music platforms and explorers.
- Margaux Bonetti (CMO): Marketing strategist with expertise in Web3, leads partnerships, brand development, and community growth for SiBorg’s tokenized ad platform.",checked,c84c0841 (https://v5.airtableusercontent.com/v3/u/50/50/1771855200000/7APV5a4AZ21zKgoBHFbpvw/pdBDpPuGEtS_-npiJXWcIFp54k2D2GsDKYqkCdqBDfZZpyarbD5899yXXYm9wMCm6Jy6yCnXDRkDwzF9LE3wZe3LTZkQvpNuHqN8Vr5kcHsbEDCOQKP71zJMzlfFLzE7GuPLgSCzAZZRJ7oS9prKaA/as3NAVDEQUOcor3iYqnwtuDomFCeWLSfXEq95_ZdNHs)
Subs,Mainnet,Developer Tooling,https://stellar.subsprotocol.com/,Subs offers an SDK to help businesses manage blockchain subscriptions using Stellar's Soroban smart contracts.,$139480.00,$139480.00,"Europe & Central Asia,Latin America & Caribbean,South Asia,East Asia & Pacific",Subs,Subs SDK: Scaling Global Subscriptions with Stellar Payments,https://communityfund.stellar.org/dashboard/submissions/recFudOvNezhmYZig,https://communityfund.stellar.org/dashboard/submissions/recFudOvNezhmYZig,SCF #30,SCF #30,"Not yet, I don’t have a Github yet but my project will be open-source",https://github.com/Subs-Protocol,,https://x.com/subsprotocol,https://www.linkedin.com/company/subsprotocol,https://docs.google.com/document/d/1v3kU2D7dUhukJA_U4mmgW1KUinlSCpPzEnUHbHSGaEQ/edit?usp=sharing,,"1) Ferdinand Attivi - CEO & Co-founder
Ferdinand is a blockchain expert with over six years of experience in the industry. He has a background in architecture and development, specializing in smart contracts, decentralized applications (Dapps), and blockchain integration. Ferdinand co-founded Subs after identifying a critical need for decentralized recurring payment systems that operate seamlessly on blockchain networks.
He has been instrumental in building the core architecture of Subs on several blockchain testnets and is now leading the integration of Subs SDK with Stellar’s Soroban smart contracts. His expertise in decentralized solutions and his commitment to innovating subscription management tools have made him a driving force behind Subs.
- Connect with Ferdinand: Twitter / Github

2) Esteban Pinon - CTO & Co-founder
Esteban holds a Master's degree in computer science and has a strong background in blockchain infrastructure, testing, and deployment. With expertise in managing complex blockchain infrastructures and deploying Dapps, he oversees the development of the Subs protocol and all technical integrations.
Esteban has played a crucial role in ensuring the scalability and security of Subs, handling testing and infrastructure deployment for the entire protocol. His focus on ensuring that smart contracts perform optimally across multiple blockchains, including Stellar, has made him a cornerstone of the technical team.
- Connect with Esteban: Twitter / Github
",checked,301419c0 (https://v5.airtableusercontent.com/v3/u/50/50/1771855200000/EAN5DywHTaxBCegYhKlp7Q/buGwu9_e6ZpVeGl1U4YIuBFOAHLMvH72uQ256MWXkEMxXuqYxM0OXcoUBprdTltlRWaZF3-TpJuWd5tRAnDR6YyMiEOqu_yUXh2JDPEotvFtH-f5LKE0m_s05ZxF6ydOtVDKndhVWfbfCH4YdJHQcw/P0V-k5zW-GMgJ2_7RJqlnGe_i93-7y6hFWlaia_TvuY)
Stellar C SDK,Mainnet,Developer Tooling,https://github.com/overcat/libstellar,The lowest-level Stellar helper library implemented in the C language.,$48000.00,$48000.00,No specific region of operation,Stellar C SDK,Stellar C SDK,https://communityfund.stellar.org/dashboard/submissions/reccyvj0bBSK9Ty7O,https://communityfund.stellar.org/dashboard/submissions/reccyvj0bBSK9Ty7O,SCF #9,SCF #9,"Yes, fully open-source with Github",https://github.com/overcat/libstellar,,,,https://github.com/overcat/libstellar,,overcat - Has been active in the Stellar community since 2018 and has rich experience in Stellar-related development. He maintains a series of Stellar infrastructure software. You can find all of his currently maintained Stellar-related projects here: https://lightsail.network,checked,image.png (https://v5.airtableusercontent.com/v3/u/50/50/1771855200000/P-d6W9qzSNXG10ceNv206g/N3tW64dYJqOQo5jlCE7vWwH-I8RfT2S5eZNzjvdQ2l1EyopcsOzXuX_S76k26kR8zgBinHQKwz6pDsbY9WD0MDvi9ywQFpunaCxrleHlkXuzHnkDh6fmWDMzNkErfaY8cWI9KFz3YIpmrTpoTCnU5Q/P-tNP_uF2FGQ9q85b8ebcb3dzW6tagm5UwrYodJMWzE)
Soroban Timelock Contract,Mainnet,Developer Tooling,https://github.com/57blocks/stellar-timelock-contract/tree/dev,Develop a standard timelock contract that can be leveraged by Soroban protocol developers to increase user trust,$24000.00,$24000.00,,Soroban Timelock Contract,Soroban Timelock Contract,https://communityfund.stellar.org/dashboard/submissions/reclhILl81OAe3spU,https://communityfund.stellar.org/dashboard/submissions/reclhILl81OAe3spU,SCF #27,SCF #27,"Yes, fully open-source with Github",https://github.com/57blocks/stellar-timelock-contract,,,,,https://veridise.com/wp-content/uploads/2024/10/VAR_57_blocks_240709_timelock_contract.pdf,,checked,fb5bb410cdc386fbc3bc7bc10f8b41ef.png (https://v5.airtableusercontent.com/v3/u/50/50/1771855200000/vkrr89J1H3DVXwWmxsAPOQ/OoE4ix-LZjUemfh7m-9xSugf936uoXqGX1yq9NJ2UccWdMMMPGaEWTBaCEhLRp7vtMz2fdjMOJDcZWts_NB2KBItR2Iq_9e_DQrEdih43rW8jnkd0xMjxz7IxE-dejV9QNB7ILn9AvCFVNiTjFYI74gbIi4bFc4foaDMLys7MC1IJbg6oAxnotfOq2XgQd8X/yaF8thkMnyLqeQlKYH1y7qnk-ccT2W4y8ocQ2mb7nV0)
Stellar Rust SDK,Mainnet,Developer Tooling,https://www.baseflow.com/,"We propose the integration of a Rust SDK into the Stellar ecosystem, as a addition to the currently available SDK's.",$80000.00,$80000.00,,"Stellar Rust SDK,Stellar Rust SDK","Stellar Rust SDK, Stellar RUST SDK Phase II","https://communityfund.stellar.org/dashboard/submissions/recO97yX78hdHD9WX, https://communityfund.stellar.org/dashboard/submissions/recnNmjVZlXtzzEwc","https://communityfund.stellar.org/dashboard/submissions/recO97yX78hdHD9WX, https://communityfund.stellar.org/dashboard/submissions/recnNmjVZlXtzzEwc","SCF #15, SCF #18, SCF #22","SCF #18, SCF #22","Yes, fully open-source with Github",https://github.com/Baseflow/stellar-rust-sdk,,,https://www.linkedin.com/company/baseflowit,,,,checked,image.png (https://v5.airtableusercontent.com/v3/u/50/50/1771855200000/fzodtU3oIVX_RHcExhD47g/m1Miubbq5mXhlBmieqBsZMAFtmSZuwlXwUZ_dXlYR-7N0l5d8DHm_BDa2w-CLSkfGKya_UqG-EC-N3P2GIbAS-2Q5vG_s4VQszzLZd_ZigixN6k4HYD0az8y-gEY_UfP-9OZwwbMUJliZF4A9QL-vA/34F94qPrqMiEXUT3HepQD50u4AT0wSasc5RKw3n9ezs)
Stellar Command Insights (SCI),Mainnet,Developer Tooling,https://voluble-fairy-844611.netlify.app/,"A real-time monitoring and visualization system for Soroban CLI commands on the Stellar network, powered by the ELK stack.",$35000.00,$35000.00,No specific region of operation,Stellar Command Insights (SCI),Soroban Command Insights (SCI),https://communityfund.stellar.org/dashboard/submissions/recR4ULg6RudZEquX,https://communityfund.stellar.org/dashboard/submissions/recR4ULg6RudZEquX,"SCF #29, SCF #34 ",SCF #29,"Yes, fully open-source with Github",https://github.com/bytemaster333/Soroban-ELK,,,,https://tooomm.github.io/github-release-stats/?username=bytemaster333&repository=Soroban-ELK,,"I am Salih Toruner, an Electrical and Electronics Engineer with a strong background in Linux system administration and a passion for DevOps. My expertise lies in system management, automation, and optimizing infrastructure for scalable and efficient operations. Additionally, I have a deep interest in blockchain technology, which drives my work in building innovative solutions within the Stellar ecosystem.",,hi5dqbtmrlnebhytjrbb.jpg (https://v5.airtableusercontent.com/v3/u/50/50/1771855200000/9aECGr-btdzWxob4eF8X4A/9Csszfq8akx_wJKEMoQOjNogn74qbpgdjjob1tkcifXO-tRPaYAf8HeP5ShgVLtHcb37sCfrxsTf6Ps2UwAJElvFEXJXJYRH_jAPmzDfxkffIk3PR8fKMnD2OysgodAugD0h_YHxuZGNBe0d8ge_8Q/IQK6T3unQl3PoPr8o7-v89lOKyKR5-veJzk_Ux9dJ-g)
Trustful,Mainnet,Developer Tooling,https://trustful-stellar.vercel.app/,A reputation system using Stellar badges and on-chain data that prioritizes fair cross-community collaboration over wealth.,$142000.00,$111333.34,Latin America & Caribbean,"Trustful,Trustful","Trustful, Trustful v1 – System Decentralization, Quadradic Funding Reputation Based, Community Incentives and Developer Resources","https://communityfund.stellar.org/dashboard/submissions/recTRjymkbSHuOlXH, https://communityfund.stellar.org/dashboard/submissions/recnj68U9UZAHjBOi","https://communityfund.stellar.org/dashboard/submissions/recTRjymkbSHuOlXH, https://communityfund.stellar.org/dashboard/submissions/recnj68U9UZAHjBOi","SCF #27, SCF #30","SCF #27, SCF #30","Yes, fully open-source with Github",https://github.com/blockful/trustful-stellar-v1/tree/main/contracts,,,,https://docs.google.com/document/d/1ur78Ry0QGuvlvle1y1nqYCduI3266GxRzms1CK21SKg/edit?usp=sharing,,"'-   Daniela Zschaber (Product Manager): Focused on on-chain reputation systems. Also a Web3 teacher in a post-graduate program, sharing knowledge on DAO governance and reputation in decentralized ecosystems.
    
-   Leonardo Vieira (Tech Lead): A skilled Rust developer with deep knowledge of the Stellar ecosystem. He has represented Trustful on stage at a Stellar event in Brazil, showcasing the project to the broader community.
    
-   Rascar (Junior Back-End Developer): Discovered Web3 through Blockful's initiatives, actively contributed to open-source projects, and transitioned from the community to becoming a full team member.
    
-   Douglas Falcão (Front-End Developer): A front-end developer dedicated to creating intuitive and user-friendly interfaces for Trustful’s dApp.",checked,
SDK for Stellar Qt,Mainnet,Developer Tooling,https://galactictalk.org/d/2300-sdk-for-stellar-qt,,$0.00,$25798.80,,SDK for Stellar Qt,SDK for Stellar Qt,https://communityfund.stellar.org/dashboard/submissions/recXb0s7x1Lm8XyXY,https://communityfund.stellar.org/dashboard/submissions/recXb0s7x1Lm8XyXY,SCF #4,SCF #4,"Yes, fully open-source with Github",https://github.com/bnogalm/StellarQtSDK,,,,,,,,
PHP Anchor SDK,Mainnet,Developer Tooling,https://github.com/Argo-Navis-Dev/php-anchor-sdk,"The PHP Anchor SDK abstracts Stellar-specific functionality for running an Anchor, allowing PHP devs to focus on business logic.",$152600.00,$152600.00,,"PHP Anchor SDK,PHP Anchor SDK,PHP Anchor SDK",PHP Anchor SDK,"https://communityfund.stellar.org/dashboard/submissions/rect8pQfINu8Enmqh, https://communityfund.stellar.org/dashboard/submissions/recHnYfdhDsCAmDHf, https://communityfund.stellar.org/dashboard/submissions/recYidv6nP5tSv03Z","https://communityfund.stellar.org/dashboard/submissions/rect8pQfINu8Enmqh, https://communityfund.stellar.org/dashboard/submissions/recHnYfdhDsCAmDHf, https://communityfund.stellar.org/dashboard/submissions/recYidv6nP5tSv03Z","SCF #22, SCF #24, SCF #27","SCF #22, SCF #24, SCF #27","Yes, fully open-source with Github",https://github.com/argo-Navis-Dev/php-anchor-sdk,,,,,,,,Screen Shot 2024-01-04 at 11.34.15 AM.png (https://v5.airtableusercontent.com/v3/u/50/50/1771855200000/Vcd4ndBVUG2P5ogC5OSneA/BWXOT455niTnF32krH8O8yAeS0rPsiWTcxAwYu-2xBzTUiY4i1NQqHZQcJQqw3-qd6pKIktUKZ2glSFLBkgc6tL6Y0BJ5j4-hQs0iUPWIHL6szHloviS-cGJaspTqWVryUsw-M54p31qxcDNcHt-Ufubz8HjJLa2C5edUAq8qT8/nzhNTYqPqvI3Qa-lmMyqYUze7fOA2d8Dh50CFn07ZXU)
OtterSec,Mainnet,Developer Tooling,https://osec.io,We are a blockchain cybersecurity company,$137500.00,$137500.00,,OtterSec,OtterSec,https://communityfund.stellar.org/dashboard/submissions/recUtPJPaKlIhvc6E,https://communityfund.stellar.org/dashboard/submissions/recUtPJPaKlIhvc6E,SCF #18,SCF #18,"Yes, fully open-source with Github",https://github.com/otter-sec/stellar-verify,https://discord.gg/QNE5b7Pgrs,https://x.com/osec_io,https://www.linkedin.com/company/91739484/admin/feed/posts/,,,,,image.png (https://v5.airtableusercontent.com/v3/u/50/50/1771855200000/z_d2na7Noh6hlYxEbrsK4w/JGfUWu0gAo2Ql7LomwOGdbIdjoDpoTWjQLAIo973mdkpUPLGHS9Dg2KuznQ9CmeO7VRmiFJjg_Av9B_1TG39S67n9E2bW6302tEpiCNBTtNl8KwD6P4FS5wF5uu2H2Eo4qF-ZgYglzpKp45h7z42lA/P3A_ymltOmNwTgEutxTMk63l1YWjQ0ng4rFlK2D1Jbg)
Kryptos,Mainnet,Developer Tooling,https://kryptos.io,Integrating Stellar Network and Ecosystem into Kryptos to help users and businesses to aggregate all their financial data and unlock access to an ecosystem of fintech applications and services built using the first-ever financial data standardization protocol in Web3.,$35000.00,$35000.00,"Europe & Central Asia,North America (without Mexico),South Asia",Kryptos,"Enabling PMS, Accounting, Tax and other FinTech solutions to Stellar Ecosystem","https://communityfund.stellar.org/dashboard/submissions/rec8oYbd5tHsa1sGc, https://communityfund.stellar.org/dashboard/submissions/recrFLHdpvW4P6GqL",https://communityfund.stellar.org/dashboard/submissions/rec8oYbd5tHsa1sGc,"SCF #30, SCF #30",SCF #30,"No, my project does not need to be open-source, now or in the future",,,https://x.com/KryptosConnect,https://www.linkedin.com/company/hellokryptos,https://x.com/KryptosConnect,,"We are a team of 23 individuals, around 70% of the team is tech and the remaining works with marketing, branding, and design. The Founder and CEO is a 3x Founder and is also one of the Co-Founder of Telos Blockchain Network, which is currently valued at $100m MCap. ",checked,Kryptos - Stellar Integration Grant (https://v5.airtableusercontent.com/v3/u/50/50/1771855200000/3oC8aHCOb4f_irj3jkSwrA/-Ov_MaWmw0-ga1bblV0WQ-h6IAVUmlBNitlp7sWQ7G--GUIbkoS_DyHX5Zy1qJfUy3i4IsjGAWXT_XC0GZo18SFnJrlAlofFAvfaVKLpNvc7VCcH_fAJH2bpyMElbX2smhTC-dDT1sdrmubGrXispmQ6mcEmSkAE5gHWKQMmU8A/vw1vBzaqSQjCvOT6oozmgy-cGru0En2CMHuY3dJky64)
Swift Wallet SDK,Mainnet,Developer Tooling,https://github.com/Soneso/stellar-swift-wallet-sdk,"With the Swift Wallet SDK, building an iOS Stellar-enabled wallet or application is faster and easier than ever.",$111800.00,$111800.00,No specific region of operation,"Swift Wallet SDK,Swift Wallet SDK","Implement the Swift Wallet SDK, Demo App & Integration Tests","https://communityfund.stellar.org/dashboard/submissions/rec5wu2mm18ZnTHqP, https://communityfund.stellar.org/dashboard/submissions/recC5ysuLRMNzZRiR",https://communityfund.stellar.org/dashboard/submissions/rec5wu2mm18ZnTHqP,"SCF #31, SCF #30, SCF #36","SCF #31, SCF #36","Yes, fully open-source with Github",https://github.com/Soneso/stellar-swift-wallet-sdk,,,,https://github.com/Soneso/stellar-swift-wallet-sdk/graphs/traffic,,"I have been a Stellar developer since 2017 and I am the main developer and maintainer of the: Stellar iOS SDK, Stellar Flutter SDK, Stellar Flutter Wallet SDK, Stellar PHP SDK and the AssemblyScript Soroban SDK.",,c2b23106 (https://v5.airtableusercontent.com/v3/u/50/50/1771855200000/rqJodtP-E_Rz71nUQjOEMA/Rvvl0tzg_F6XtRlECjeWLMCkatefYVE8k7nd34N-JkhWcYKaeLTuFu9iOVrE-v_6BOkpSXlTcRqHaY2sEmCK_CCpG-zcbyIiTUy6JlPAv8gOliCQAySv1P00RmpbQ--xHcDDMFAjxh85gQ4vYV6POQ/HF_6slkgOwjb51iA_whC3gVYMqd0fJ0kYeoPt5bTZy0)
SorobanHooks,Mainnet,Developer Tooling,https://www.sorobanhooks.xyz/,"We are building Real-Time On-Chain Data Made Simple — App-ready data instantly for developers & communities.  
  
Here is live features so far,

1.  Contract Alerts – Real-time Soroban contract events via webhook, Telegram, Discord + historical contract data APIs.
    
1.  Asset Alerts – Real-time price change alerts + historical pricing APIs.
    
1.  Wallet Alerts – Instant balance & transaction notifications.
    
1.  Wallet Streams – Backendless balance change streams for dApps.
    
1.  Cross-Chain Bridge Monitor – Track & validate cross-chain operations (Allbridge integrated).
    
1.  Contract Deployer – Deploy smart contracts from GitHub without local setup.
    
1.  Smart Monitoring – Converts raw on-chain data into human-readable feeds.
    
1.  Smart Analysis – AI-powered daily/weekly/monthly activity summaries.  
    

As a dev tooling platform, we are expanding new features from RFP:  
• DeFi Positions API  
• Advanced Price API  
• Soroban-first Block Explorer",$55000.00,$55000.00,East Asia & Pacific,"SorobanHooks,SorobanHooks","No-Code Stellar Event Automation & Flows, Smart Alerts and AI Insights for Stellar","https://communityfund.stellar.org/dashboard/submissions/recPiIhmVcmG0ryMv, https://communityfund.stellar.org/dashboard/submissions/recysaA77BBY6f6Ff, https://communityfund.stellar.org/dashboard/submissions/recwkBsoW10eSCw85",https://communityfund.stellar.org/dashboard/submissions/recwkBsoW10eSCw85,"SCF #31, SCF #31, SCF #32, SCF #33, SCF #37, SCF #39, SCF #41","SCF #33, SCF #37","Not yet, I don’t have a Github yet but my project will be open-source",https://github.com/sorobanhooks,,https://x.com/sorobanhooks,,https://x.com/sorobanhooks,,"'-   Vishal Patel(Product & Business) : Tech entrepreneur with 10 years of experience, 2x founder, having worked on 50+ products across web, mobile, blockchain, and AI. Scaled and led remote teams of over 50+ people. Linkedin : https://www.linkedin.com/in/vishalpatel1401/
    
-   Aman shah ( Tech Lead ) : Blockchain-focused technologist with 5+ years of experience, currently leading a 10-member engineering team delivering full- stack Web3 solutions. Proven track record in launching user- adopted tokenization platforms with strong product-market fit. Linkedin : https://www.linkedin.com/in/shah-aman/
    
-   Other total team of 15 people ( Frontend developer, Backend developer, Design, Marketing and Sales )  
      
    We worked on SCF project with good growth : https://sorobanhooks.xyz/
    
    Along with recent projects on stellar : 
    
    https://lumoscore.com/
    
    https://dopecredits.com/",checked,
Rust Soroban Client Library,Mainnet,Developer Tooling,https://github.com/rahul-soshte/rs-soroban-client,rs-soroban-client is a Rust library for communicating with a Soroban RPC server and using it on the client side. This library will enable developers to seamlessly integrate Soroban functionality into their Rust-based applications and services. ,$56000.00,$56000.00,No specific region of operation,"Rust Soroban Client Library,Rust Soroban Client Library","Rust Soroban Client Library, Rust Soroban Client Library - Launch","https://communityfund.stellar.org/dashboard/submissions/recJ1m2AzJdAiqm8Q, https://communityfund.stellar.org/dashboard/submissions/rec2Va7FjwZ5EM8y8","https://communityfund.stellar.org/dashboard/submissions/recJ1m2AzJdAiqm8Q, https://communityfund.stellar.org/dashboard/submissions/rec2Va7FjwZ5EM8y8","SCF #17, SCF #32","SCF #17, SCF #32","Yes, fully open-source with Github",https://github.com/rahul-soshte/rs-soroban-client,,,,https://crates.io/crates/soroban-client,,"I have been working in the blockchain space for 4+ years and been a rust developer for the past 3 years. My work in blockchain encompasses many chains, namely Solana, NEAR, Ethereum, Polkadot, and Stellar for the past 2 years.",checked,image.png (https://v5.airtableusercontent.com/v3/u/50/50/1771855200000/2K_T9B_xKuPOcc4Fo9_H3A/750fRgs2kFvHtZkJHcuzsUGKOt1zmmQvDXmM0ceC5Lrg0CwH0uUuoRON8zyyC05jVUzNl-cUcLeaSITC4e65fIucUM4p1RhNcC1BlSr0yfqJfrDCEWEiEFYR6UGWJXdpFvQUEh7xJdcXnf1MktyJRw/J1nJh7qscWxORwSan3_QG41BNDSjZoV6qYIhjWt-7wU)
CommuniDAO,Mainnet,Developer Tooling,https://www.communidao.cc,"Initially conceived as a Discord bot, the project has evolved into a comprehensive DAO tooling suite, complete with an Integrations SDK that allows for custom app development. The platform leverages Soroban, to manage memberships and facilitate governance, aiming to create a more democratic and scalable community ecosystem.",$219200.00,$219200.00,,"CommuniDAO,CommuniDAO,CommuniDAO","Stellar Dao Discord Bot, CommuniDAO - The Stellar Discord Dao Bot, CommuniDAO - A NFT Member DAO","https://communityfund.stellar.org/dashboard/submissions/recTGMVa9Utt1JQg5, https://communityfund.stellar.org/dashboard/submissions/recxH0eXulsk9NUBp, https://communityfund.stellar.org/dashboard/submissions/recJqAK96rS4QEe0v","https://communityfund.stellar.org/dashboard/submissions/recTGMVa9Utt1JQg5, https://communityfund.stellar.org/dashboard/submissions/recxH0eXulsk9NUBp, https://communityfund.stellar.org/dashboard/submissions/recJqAK96rS4QEe0v","SCF #14, SCF #16, SCF #20","SCF #14, SCF #16, SCF #20","Yes, fully open-source with Github",https://github.com/communidao,https://discord.gg/trppmYjVJJ,,,,,,checked,Logo_Home (1).png (https://v5.airtableusercontent.com/v3/u/50/50/1771855200000/W7OzR5IgaYwL8qOJSW0dmg/WT4IZavFaQ1oKvcYfedPCm-WJmcZIE-b2ugH2b2eztBR0I8iCLL-g6JP1_JSvBw3F2m50hWFNJ6xLfEVwpyFVXVcZyXkcz1nTNXRKBGVqFp6fCNJhKGyEBoQ67wcRcUFtPiwrNg8-93PtBtu5UL1IQ/-6uPuyNkcy7bKm1Gckic17JoE1JgQH2Kxq1IaUf2nVg)
AnChain.AI,Mainnet,Developer Tooling,https://www.anchain.ai/,The AnChain.AI Catalog is an open-source catalog of audited smart contracts designed to help companies build web3 projects faster.,$435000.00,$435000.00,,"AnChain.AI,AnChain.AI,AnChain.AI,AnChain.AI","CISO/BEI Stellar integration, AnChain.AI - Tenzing Smart Contract Catalog, AnChain.AI Web3SOC, AnChain.AI Web3SOC completion","https://communityfund.stellar.org/dashboard/submissions/recuNwIpd0qywbkzi, https://communityfund.stellar.org/dashboard/submissions/rec8A43DCXVKh78FI, https://communityfund.stellar.org/dashboard/submissions/rec0XJ3vYm5B0cls9, https://communityfund.stellar.org/dashboard/submissions/recJS3CwdA4WWlQZx","https://communityfund.stellar.org/dashboard/submissions/recuNwIpd0qywbkzi, https://communityfund.stellar.org/dashboard/submissions/rec8A43DCXVKh78FI, https://communityfund.stellar.org/dashboard/submissions/rec0XJ3vYm5B0cls9, https://communityfund.stellar.org/dashboard/submissions/recJS3CwdA4WWlQZx","SCF #11, SCF #15, SCF #20, SCF #23","SCF #11, SCF #15, SCF #20, SCF #23","Partly, I do have a public Github",https://github.com/AnChainAI,,https://twitter.com/AnChainAI,https://www.linkedin.com/company/anchainai/,,,,checked,image.png (https://v5.airtableusercontent.com/v3/u/50/50/1771855200000/WvKfV3cqLrnNxwX1mbMlPQ/UNacq2UDv7IKprGNWXQ0rHP5esKM_PeeTN1k7RjDDvluK1a0KW39i8BZPoRLTwHMcWtH4REhL_fC94A2d2SUDrRKHp5lchg7V-KpbOX_ZUlAxOHjWDO-YF68j0EfLmynHip29jTeoHH-hYHGdZnViA/pxPzpxVmSZG5uLITh621_zloS-24VnqJoESmgNjoWSA)
AutoAction,Mainnet,Developer Tooling,,"AutoAction is a smart contract automation tool for implementing custom logic, time-based, and event-based automated transactions",$50000.00,$50000.00,,AutoAction,AutoAction,,,SCF #29,SCF #29,"Yes, fully open-source with Github",https://github.com/57blocks/Stellar-AutoAction,,,,,,,,1080 (https://v5.airtableusercontent.com/v3/u/50/50/1771855200000/OEi-5PymKWgnDbyMBgmh9g/T_XzlS9o8z_IX01VCq4A1u8Y7IQS2iMtMle0oUCCk9b5E824YBSYbWWAyiWgUByHhHLUTFRkD7dwd-A1xF9_ALi58C8TWU99WhL-BH5QxqNNIBuHNucI7C1sNfsRf_hM3TBSpoFVxGmwoAiZ_nY7iA/z_mx5K4oa4VBepPKnPbzSMwR4Xs8lEepxDd4dk_c2T4)
Identity Operating System (idOS),Mainnet,Developer Tooling,https://idos.network/,The idOS is a decentralized identity and storage layer for user data. The idOS enables KYC re-usability in a compliant way. ,$125000.00,$83333.34,"North America (without Mexico),Europe & Central Asia,Sub-Saharan Africa,Middle East & North Africa,East Asia & Pacific,South Asia,Latin America & Caribbean",Identity Operating System (idOS),Implementing a self-custodial and compliant identity layer on Stellar,https://communityfund.stellar.org/dashboard/submissions/recFctBzb2Zo3VO4z,https://communityfund.stellar.org/dashboard/submissions/recFctBzb2Zo3VO4z,SCF #31,SCF #31,"Yes, fully open-source with Github",https://github.com/idos-network/idos-sdk-js,,https://x.com/idOS_network,https://www.linkedin.com/company/idos-network/,https://arbiscan.io/address/0x350829c8FCb3DF16EeaE9ADDa2565090348426f9,,"We have been working since 2017 on solving decentralized identity as a team consisting of the co-founders Julian Leitloff (CEO) and Júlio Santos (CTO). Lluis Bardet (COO) joined as co-founder in 2022 when starting the idOS. We are complemented by Martin Riedel (CPO, recently joined from Identity.com), Marjorie Ninno (Head of Legal) and Paulo Koch (Head of Engineering). We are currently 14 FTEs, with the majority working in product and engineering.",checked,e54dab4b (https://v5.airtableusercontent.com/v3/u/50/50/1771855200000/s01wlvCcDCr8k3-_EHAFfw/tvNpeArrgCuWiGMte0D72LUwx-hVArvtA3mH3fiNDK5RN3XqXm_6kArnjiNjGHFwtyHLsDGzZWkeJ90vTCfwq9NoqufB2y8Ba1UU2dqDQA6jYup7TXI2SeUUmZJGwAfKjgJnj7GkuGFTdSDKF0cdUg/2ovEbBIHY6CoX7KWn2z2OMTBDgTe4IDOqIhcNDaSJa8)
K3 Labs,Mainnet,Developer Tooling,https://www.k3-labs.com/,"K3 is brand new tool that transforms how businesses and developers interoperate with Web 3 technologies - allowing for the orchestration of both simple and complex workflows through the use of a simple drag, drop, and configure interface.",$75000.00,$75000.00,No specific region of operation,K3 Labs,Decentralized Workflow Orchestration for Stellar: Empowering Blockchain Use Cases with Seamless Workflows,https://communityfund.stellar.org/dashboard/submissions/recSO1s068FUtkTaJ,https://communityfund.stellar.org/dashboard/submissions/recSO1s068FUtkTaJ,SCF #31,SCF #31,"No, my project does not need to be open-source, now or in the future",https://github.com/k3-labs,,https://x.com/k3_labs,https://www.linkedin.com/company/k3-labs,-,,"William Herkelrath (Founder / CEO):
- 20+ years in FinTech serving 100+ enterprise clients. Early executive at four successfully exited startups worth ~$500M
- MD at Chainlink Labs, targeted specifically on the challenge of enterprise blockchain adoption
- CRO of Curv (MPC provider sold to PayPal in 2021 for $196M)

Ivan Reif (Founder / CTO):
- Early Bitcoin developer and blockchain technology leader. Experienced architect of large, broadly-used solutions
- CTO of Trustswap, where he led the initial product launch, grew the tech team to 50+ and helped the company reach a market valuation of $100m
- CTO of the The Crypto App ($m downloads).",checked,Ad 800px - 320px50.png (https://v5.airtableusercontent.com/v3/u/50/50/1771855200000/yFrD7RX9MrM4SIkiqwrq4A/eoKZRPBn1ITVO0wodoLQJgtPTz0Ln-oWgAyIhlNGbuDAcuRpGWRi6Tgm4uer__9H7a_pJb86wnQKOROtV1AeI2nAQBnpiNv2uccRHbI2BHd0CYsMJQiplizETDvqjbjw_j7AJYzp53mu5K68mzsfIABWd0ZXLwbUjVqBIAcJP1g/epeXvDNxI5raTUBYIGM_UXgzr0ZmO-Lt9Ov6u-aSSFQ)
Vottun developer platform,Mainnet,Developer Tooling,https://web3.vottun.io/,With the integration of Soroban into the Vottun developer platformWeb2 developers will be able to build Web3 solutions on Soroban,$50000.00,$50000.00,,Vottun developer platform,Vottun developer platform,"https://communityfund.stellar.org/dashboard/submissions/recWOr4dRl7ZqEThk, https://communityfund.stellar.org/dashboard/submissions/recO5LPp2mU9AM1l5",https://communityfund.stellar.org/dashboard/submissions/recWOr4dRl7ZqEThk,"SCF #27, SCF #30",SCF #27,"Yes, fully open-source with Github",,,,,,,,checked,1080 (https://v5.airtableusercontent.com/v3/u/50/50/1771855200000/KEX_pi-YkUl9L8Se0hxhyA/0JdMpgXAl91d7E1cAoRoDIob2nuJeB6pkPuPEAGKJZlieGJkygP-GQifOvOO81PXysN3YK-i3r_ky_-liFBgB1aTN4_OeYnX8Vyra6v_7CCL84NQ6w_l46KNBXgOfKIOmCCo4lZmEbERWmG43fIaUw/8RUZMspTitHd94_S24032do7dCc4QbV91rFgJyegBo0)
Almanax,Mainnet,Developer Tooling,https://www.almanax.ai/,Almanax is an automated security auditor that leverages AI to find and fix vulnerabilities in smart contracts.,$145000.00,$145000.00,,"Almanax,Almanax","Almanax, Almanax - AI Security Agents","https://communityfund.stellar.org/dashboard/submissions/recuBabEIY10zr9A5, https://communityfund.stellar.org/dashboard/submissions/reckrfKIJBMqJANK6, https://communityfund.stellar.org/dashboard/submissions/recP07tayhkLu9ezv","https://communityfund.stellar.org/dashboard/submissions/recuBabEIY10zr9A5, https://communityfund.stellar.org/dashboard/submissions/recP07tayhkLu9ezv","SCF #26, SCF #30, SCF #32","SCF #26, SCF #32","No, my project does not need to be open-source, now or in the future",https://github.com/almanax-ai/w3sa,,https://twitter.com/AlmanaxAI,https://www.linkedin.com/company/almanax-ai/,,,,checked,da5122f1072bae12b21d45a49f1d3ebd.png (https://v5.airtableusercontent.com/v3/u/50/50/1771855200000/ls5lo9xAfEgK5mImhBx5zQ/ATT93ab5Lsc2aYpyh5UKdf3tYheTGdjrb6Qph5HBqEnVPDIVvpnfEzYU1_acpaBU5udSyi7hDS17H7VDbTBk_eSRau8f76Lfrgy50QRl4zrQQpLvrLnDQPb9DfbjW9nfKAMbK2rNGK3nj8xOZLv296CaFw7c4-hGucbwQLFyZxPlF3jRkYuJAQt-acTqo2qP/pTmP-xGf1VKzNvrmnrQ5SL48NSOLPIvN0hFyRhQo-HU)
Stellar PHP SDK,Mainnet,Developer Tooling,https://github.com/Soneso/stellar-php-sdk,Easy access to Stellar for PHP developers,$225000.00,$262500.00,No specific region of operation,Stellar PHP SDK,"Stellar PHP SDK, ",https://communityfund.stellar.org/dashboard/submissions/recEdENntL5PSd0GS,https://communityfund.stellar.org/dashboard/submissions/recEdENntL5PSd0GS,"SCF #8, SCF Public Goods - Q3 '25, SCF Public Goods - Q4 '25, SCF Public Goods - Q1 '26","SCF #8, SCF Public Goods - Q3 '25, SCF Public Goods - Q4 '25, SCF Public Goods - Q1 '26","Yes, fully open-source with Github",https://github.com/Soneso/stellar-php-sdk,,,,https://packagist.org/packages/soneso/stellar-php-sdk/stats,,"I am a Stellar developer since 2017. Main developer and maintainer of the iOS, Flutter and PHP Stellar SDKs.",checked,image.png (https://v5.airtableusercontent.com/v3/u/50/50/1771855200000/WlkPD-c59iRvh5c_jwSzww/j1amcemMsu76CK6mAbXk3YUCITdNQAQd869AzlALRo99yIUAONuNZhc8xUSFF5qpbIhDK5HVBoL5loYTBxW6iuzjVJPQ8V25dlNrK_6lr6viEazIHrYuo9kkzS4jgrrg1bJ9cXGU2vlrKICHIBrU5A/6rAnFaWxB9LizG6vL9R-3mGYy_yFE-WVB6lsdkLIq4c)
Decentrio,Mainnet,Developer Tooling,https://decentrio.ventures/,We propose to provide a reliable RPC service and make a highly functional transactions/events indexer for Soroban Dapp.,$150000.00,$150000.00,,"Decentrio,Decentrio","Soroban RPC and indexer, Soroban full-featured indexer","https://communityfund.stellar.org/dashboard/submissions/rec38EACiEgZHpXzk, https://communityfund.stellar.org/dashboard/submissions/rec9Hr5X3cViYi8Te","https://communityfund.stellar.org/dashboard/submissions/rec38EACiEgZHpXzk, https://communityfund.stellar.org/dashboard/submissions/rec9Hr5X3cViYi8Te","SCF #24, SCF #29","SCF #24, SCF #29","Yes, fully open-source with Github",https://github.com/decentrio/sorobook,,https://twitter.com/decentriolabs,,,,,checked,1cb70fc779e8669e3823ac7866a18e8e.jpeg (https://v5.airtableusercontent.com/v3/u/50/50/1771855200000/xLRjNgnLzVb_-hSH1nvr7g/isFwoS4ZWYMA6CjSuQ6tSDwhfTvdY_amST1YVedK-Hke2n1rlcwhyiQz_76WU9f976kujBrWGL4LtqeKKeAEk3ZQ-GzANblBvJS2ziuNwomH6ApproI34GRW9jE8CkupyLPagHAVLW68BjCQ-OZlSOxHoAlI9Pd-EmrH5T55GCfyuk5gUJTuSVYPHGJZgRFF/Ve4asU6RVBPDzVNAbRbtCgNyic8ve64q_IC2yBKTBWw)
Soroban RPC SDK,Mainnet,Developer Tooling,https://github.com/FrankSzendzielarz/SorobanRPCSDK,A Soroban RPC SDK for native cross platform development.,$19000.00,$19000.00,No specific region of operation,Soroban RPC SDK,Soroban Multiplatform Light SDK v1.0,"https://communityfund.stellar.org/dashboard/submissions/recXguhmYVIjoqzwW, https://communityfund.stellar.org/dashboard/submissions/recl8E9u3mHSyWh5z",https://communityfund.stellar.org/dashboard/submissions/recl8E9u3mHSyWh5z,"SCF #31, SCF #32",SCF #32,"Yes, fully open-source with Github",https://github.com/FrankSzendzielarz/SorobanRPCSDK,,,,https://github.com/FrankSzendzielarz/SorobanRPCSDK,,"I am Frank Szendzielarz, someone who started their life as a games developer and entrepeneur in the UK, before moving to the Czech Republic in 1997, starting a new life and a few decades building things like enterprise systems, dotcom era startups, a family including two original new biological humans - a collab project with my wife, and homes. More recently I approached crypto, spending a bit of time on the core p2p ethereum team, Algorand - I am the author of the C# to AVM compiler, long-term maintainer of the Algorand SDK, and now focused on a Stellar based startup. This project is a spin off from the startup, an offering back to Stellar, but supporting the main thrust of the startup project.",checked,soz82blmf7u7q1gkh8op.png (https://v5.airtableusercontent.com/v3/u/50/50/1771855200000/dsevo0GjKhFaXB0paiV8Mw/-S6NWyk2Tq8p0K4YFfoEdt1NO0cBXgEEG5NsVaKDV0KGQlhN1qXOpEmV3tIDeI8kjMN_azaF-Ujp8ZFEJNUsQfL3UUsz6nBKtv-6bsxKDimBKiEszIjPcW15eOi8Gu5bEFIHxL2d1BW8qJwlvdyWnQ/opeqxLypZT4qAxXPIyNBq5SCYVOegdRxOLkGotORa3c)
Flutter Wallet SDK,Mainnet,Developer Tooling,https://github.com/Soneso/stellar_wallet_flutter_sdk,"With the Flutter Wallet SDK, building a Stellar-enabled wallet or application is faster and easier than ever.",$50000.00,$87500.00,No specific region of operation,"Flutter Wallet SDK,Flutter Wallet SDK","Flutter Wallet SDK, ","https://communityfund.stellar.org/dashboard/submissions/rec6KM9NQ4ajoMHTW, https://communityfund.stellar.org/dashboard/submissions/recxj2LCnWfaNjDRt","https://communityfund.stellar.org/dashboard/submissions/rec6KM9NQ4ajoMHTW, https://communityfund.stellar.org/dashboard/submissions/recxj2LCnWfaNjDRt","SCF #22, SCF #24, SCF Public Goods - Q3 '25, SCF Public Goods - Q4 '25, SCF Public Goods - Q1 '26","SCF #22, SCF #24, SCF Public Goods - Q3 '25, SCF Public Goods - Q4 '25, SCF Public Goods - Q1 '26","Yes, fully open-source with Github",https://github.com/Soneso/stellar_wallet_flutter_sdk,,,,https://github.com/Soneso/stellar_wallet_flutter_sdk,,"I am a Stellar Developer since 2017. Main developer and maintainer of the iOS, Flutter and PHP Stellar SDKs.",,flutterthumbnail.png (https://v5.airtableusercontent.com/v3/u/50/50/1771855200000/szcwGBtxrPQP_FKdAfa52w/yELuPvijrARK_Kg1wHC0HwkhbJ9La8YxDHssdQSQ8x6BnzYpm0g5_gp_38mPw1Ig31x5Nrckhjno9_NGlL75et5WciUg1fielnyWvzBZUxZ6IcpehXhWBS4ZyZZZtSM4ovQI5ez3Xb8m1zjFml86bA/FhSNN2gmh-87srF80JHd0OkqoVJxY5hKt7xnHWAgHKI)
Soroban Governor,Mainnet,Developer Tooling,https://governance.script3.io/,,$111300.00,$111300.00,,"Soroban Governor,Soroban Governor","Soroban Governor DAO, Soroban Governor","https://communityfund.stellar.org/dashboard/submissions/recB4ormy61AOrN5I, https://communityfund.stellar.org/dashboard/submissions/recsEVEThwFT4tSNI","https://communityfund.stellar.org/dashboard/submissions/recB4ormy61AOrN5I, https://communityfund.stellar.org/dashboard/submissions/recsEVEThwFT4tSNI","SCF #22, SCF #24","SCF #22, SCF #24","Yes, fully open-source with Github",https://github.com/script3/soroban-governor,,,,,https://ottersec.notion.site/Soroban-Governor-8ee2b53c779446af861bb78e075a43e6,,checked,Screenshot 2024-01-31 at 3.16.20 PM.png (https://v5.airtableusercontent.com/v3/u/50/50/1771855200000/R4CTWT1AEKo5MHCCA0pRvQ/8NIGi4dU6p2b-eiL9jqMyDs5QXIIh2qden2YqgjNqKNKlnr01Pm3vrK0WQwr809-RIL509_BQpsPgZch-_XvbWC-29eT2V_2uoBPD9afgJC-CbqOWFOw4KVvCxoHyjlaQayPzgkknLHWG6QOpdX64sA3JzZ82-CIc_gH_GUXHWI/CQH4bYNe_bFc-1IPDIYZc4yeT60EMQQMWgkkq7AfQ1Q)
Scout,Mainnet,Developer Tooling,https://www.coinfabrik.com/,"To enhance the usability of Scout and raise awareness about the product and the security issues it tackles, aiding Soroban devs.",$240000.00,$339500.00,,"Scout,Scout,Scout","Scout - Soroban Smart Contract, Scout - BugFighter for Soroban, ","https://communityfund.stellar.org/dashboard/submissions/rec9qEUMQyHnfk1ln, https://communityfund.stellar.org/dashboard/submissions/recPOG1QJ1ggXcygp, https://communityfund.stellar.org/dashboard/submissions/reckierHxbkwUbx3s, https://communityfund.stellar.org/dashboard/submissions/recYDOrHhV7E2okgU","https://communityfund.stellar.org/dashboard/submissions/rec9qEUMQyHnfk1ln, https://communityfund.stellar.org/dashboard/submissions/recPOG1QJ1ggXcygp, https://communityfund.stellar.org/dashboard/submissions/reckierHxbkwUbx3s","SCF #20, SCF #23, SCF #27, SCF #30, SCF Public Goods - Q3 '25, SCF Public Goods - Q4 '25, SCF Public Goods - Q1 '26","SCF #20, SCF #23, SCF #27, SCF Public Goods - Q3 '25, SCF Public Goods - Q4 '25, SCF Public Goods - Q1 '26","Yes, fully open-source with Github",https://github.com/CoinFabrik/scout-audit,,https://twitter.com/coinfabrik,https://ar.linkedin.com/company/coinfabrik,,,"CoinFabrik is a pioneering research, development, and security auditing company with a distinct focus on Web3 technologies. Established in 2014, our extensive portfolio comprises over 500 projects related to Web3, spanning the globe. Ranging from dynamic startups to industry giants, our expertise extends across a spectrum of cutting-edge technologies -Stellar being one of them.

Scout for Soroban has been developed thanks to the support of the SCF and its grants program, and we're proud to say that since its launch it has had great acceptance in the Soroban community.",checked,image.png (https://v5.airtableusercontent.com/v3/u/50/50/1771855200000/p82duJo7g-otxa-_P9vlKg/7AxElekyL84m7QXtnl_1-XS2z8GzxyIGUWM8QI7rel1t9oUtfpCDkHwxG3M1ip8fyp9g7tJ9FclmXGGkYyH90syDIZbkllwVNJOS-9Yld_uuM3F8771Pav4c7SG4WMbB5xw_0SX_ABClfMWrPZicdg/e55EBnC2_WvSFkrYT9kvf2_OKqnRKbrFCryLZ-vrnYQ)
Extractor - Soroban Security,Mainnet,Developer Tooling,https://extractor.hacken.io/,Extractor is a Post Deployment security solution that provides multi-level asset protection in smart contracts against exploitation.,$50000.00,$50000.00,,Extractor - Soroban Security,Extractor - Soroban Security,https://communityfund.stellar.org/dashboard/submissions/recUoH70iB9pNdgYR,https://communityfund.stellar.org/dashboard/submissions/recUoH70iB9pNdgYR,SCF #21,SCF #21,"No, my project does not need to be open-source, now or in the future",,,,,,,,checked,extractor-logo-2.png (https://v5.airtableusercontent.com/v3/u/50/50/1771855200000/CBGrHewbvDfw73dRQpcXtA/iUpWC7S4C0fgokqP-PpPOPd4Z06SZrfPJ3T6IoThOtwKC-t8qrE8hrvSu1abxW28_uSlVwYSwegbm0xAg3c1bgF0pzv3QfNZVdi9CSYbmt-F3nSW8p9Y56Wklt_Ibw2aeMA8YxvyMrXr92BGWfaW4g/Yo0bfdkkMIxUlFOt3LXMvpNvmRNdYs0LkCWtshclqNs)
EarnBIT,Mainnet,Developer Tooling,https://earnbit.com,"EU licensed CEX with dedicated Launchpad on Stellar, followed by video streaming service.",$47293.00,$47293.00,,EarnBIT,EarnBIT x Stellar,"https://communityfund.stellar.org/dashboard/submissions/rec0xYw97aaoZa9lA, https://communityfund.stellar.org/dashboard/submissions/recNmmE2uF5W6UZhD",https://communityfund.stellar.org/dashboard/submissions/rec0xYw97aaoZa9lA,"SCF #26, SCF #30",SCF #26,"No, my project does not need to be open-source, now or in the future",,,https://twitter.com/Earnbit2,https://www.linkedin.com/company/earnbit/,,,,,953c7ae971ac6c75b815f71ad240fcae.png (https://v5.airtableusercontent.com/v3/u/50/50/1771855200000/PoQBKwTRVrk9_8vh2133ng/EV0yIy3gG7yQwYVAf-Fbh4bg3ZOaBuh1TTpW-Un9lbtpkwGpvf3dLd54Gbyha_VJyKMz-ZQhkf8_ZN16yNetfdVyQBnjGOYJ8BvAc8C5fNnfm0fErGkR0zyphL82cBVFCvVJ_5bBUhMmg7gFO0Ey6mj7i1SuTXsKXHP1ydZpw_gdGA_yqRtOSkB2QKO9CSu-/oOnaH5flHQzpc-lJ2MwUAu11p2kmqObMVv6ZTzJAyuQ)
Tansu - Soroban Versioning,Mainnet,Developer Tooling,https://tansu.dev/,"Bring decentralization back to Version control System with Soroban providing transparency, integrity and security.",$147360.00,$246720.00,No specific region of operation,"Tansu - Soroban Versioning,Tansu - Soroban Versioning","Tansu - Soroban Versioning, Tansu - Bringing developers communities on-chain","https://communityfund.stellar.org/dashboard/submissions/recheNDUSZjVVMowM, https://communityfund.stellar.org/dashboard/submissions/recSDU41kudJLzoXL","https://communityfund.stellar.org/dashboard/submissions/recheNDUSZjVVMowM, https://communityfund.stellar.org/dashboard/submissions/recSDU41kudJLzoXL","SCF #28, SCF #30","SCF #28, SCF #30","Yes, fully open-source with Github",https://github.com/tupui/soroban-versioning,,,,https://tansu.dev/,,"Consulting Manao's mission is to supports open-source software by provide consulting services around open-source

solutions. It has worked with various organizations such as NASA ROSES, CZI, NumFOCUS, SimDec and

Quansight. And suported the work of Pamphile T. Roy for 3 years on the following activities: SciPy core maintainer;

SciPy's Contributor Experience Lead; SALib's core maintainer; Member of Scientific Python Ecosystem's Steering

Committee; Member of NumFOCUS' Security Committee; Co-chair of NumFOCUS' Small Development Grant

Committee; Co-lead of x2 CZI grants (EOSS5-0000000176 and EOSS-DI-0000000031); Investigator on several

grants: AMD, NumFOCUS, NASA ROSES.",checked,ihte2omwsmq6nfwzvkvc.png (https://v5.airtableusercontent.com/v3/u/50/50/1771855200000/4Ooe95iNXaoFLSrmmyeYDw/s8Wp1gn2n6928EyjkWO3BXdlXNR9ZTLCUQXBro61qeqvE2OKLdvTm0BOnuyxngsanFPJFEjkrXrXNnGkOIhjV-wPJOqNINUeIv5NCsn_Fmr1fJE24PXbn8BtwEYbiJPll0JrZHdZ5_6zWrwcGiopQQ/1xt61AEVitFv2lFgujuv9gzZkUUiKpRlhNrykB8VZxI)
Hypernative,Mainnet,Developer Tooling,https://www.hypernative.io,Market leader in hack prevention and real time monitoring detecting and preventing attacks on smart contracts before they happen.,$50000.00,$50000.00,,Hypernative,Hypernative Web3 Security,https://communityfund.stellar.org/dashboard/submissions/recwaqts19fQ3ZIU3,https://communityfund.stellar.org/dashboard/submissions/recwaqts19fQ3ZIU3,SCF #26,SCF #26,"No, my project does not need to be open-source, now or in the future",,,https://twitter.com/HypernativeLabs,https://www.linkedin.com/company/hypernative/,,,,checked,Screenshot 2024-05-14 at 11.58.47 AM.png (https://v5.airtableusercontent.com/v3/u/50/50/1771855200000/f1HQAGXIhOMY1tgSJuirfg/S_JS2KX5h3W1g_6bvzznphr95bwKhuYfdqQAwmQdrRY3g7ODVf9ADRQ7ApjPO0j4OrC6EO90h0x4lZIqWaUyuQqFO1hYraTK5YM2US8StIFnEKj9oN01-YIkfWD6QiLVINgQ3qRg8vK5M4c2rM-UL5bTncTpnPMT5UeFMznrj1kk4_Hmj6y1zgdtNlrURWde/JYsL-4jgs7l7O2u1QBlD6A9vCRxZaUd70YTZdER03Wg)
SorobanHub,Mainnet,Developer Tooling,https://sorobanhub.com,"Manage, monitor and interact with your deployed contracts from a single and free to use desktop app.",$78500.00,$78500.00,,"SorobanHub,SorobanHub",SorobanHub,"https://communityfund.stellar.org/dashboard/submissions/recxRNH1fR2fkoj4w, https://communityfund.stellar.org/dashboard/submissions/rec8xDnSJsXhggxFP","https://communityfund.stellar.org/dashboard/submissions/recxRNH1fR2fkoj4w, https://communityfund.stellar.org/dashboard/submissions/rec8xDnSJsXhggxFP","SCF #25, SCF #28","SCF #25, SCF #28","Yes, fully open-source with Github",https://github.com/Creit-Tech/SorobanHub-app,,,,,,,checked,ba26ac6c7e3b973a9dfc29b264da75f0.png (https://v5.airtableusercontent.com/v3/u/50/50/1771855200000/T3NOLgL3E21c4ZH-bSx0gA/pgEARYl0gAfjhIeiu2pkEtl46OjFmaJv0XWkm_9uqeKcIXhhpU-XNwcLt2M4R_u6L2yEBW0CLzvalVBimYy10He1Vx7XISO0Wtw3W-cx4QIu-r8tXpli7oU4W2tsmVfI5wv9KgYgt4vDXlIQPyo_B9FjMmYZnTBSpe0ixumjLCnq18V9w0Lo07izrVlp7hoR/Jo2QdalII_bnwoQFHmVG-Pa1glySvvjxsAuVDSYJJt0)
Certik,Mainnet,Developer Tooling,https://www.certik.com/products/skyinsights,Building Stellar chain support to CertiK’s Skynet for community security and SkyInsights for compliance/risk monitoring.,$49997.00,$49997.00,,Certik,Stellar Skynet & SkyInsights,https://communityfund.stellar.org/dashboard/submissions/recYJNdSR6lx5fl4w,https://communityfund.stellar.org/dashboard/submissions/recYJNdSR6lx5fl4w,SCF #25,SCF #25,"No, my project does not need to be open-source, now or in the future",,https://discord.com/invite/certik,https://twitter.com/CertiK,https://www.linkedin.com/company/certik/,,,,,c2345605fa2277e499bdc1e95acab343.png (https://v5.airtableusercontent.com/v3/u/50/50/1771855200000/XjxH0wH4S62bMA3tfqk07w/LU4V_z_acW6X0A90YjMDho5JNgHHde-rypV5uxvieeJF0h6Pj2POJ1bnhlOSSeGAc-rgukXfYdPSXxgwp4DW3MSO0Z_jA-3hXeCApThJluaDA3sNjEGu1tac_wd_sZB1zl2KD2h1XEMAE2vqeq6jHCMeJuo1R0K4zTXmBUsc49G_MePbj3sPLcydhjQHGulJ/ow_aZEcJh0wpNqHp0pOJ8v1c0bDIYNROAa_aCeWOOIY)
LOAM,Mainnet,Developer Tooling,https://loam.build,Focus on the important parts of your Soroban Dapp. Let Loam handle the tedious bits.,$143900.00,$143900.00,,"LOAM,LOAM",LOAM - Grow Ambitious Dapps,"https://communityfund.stellar.org/dashboard/submissions/rec3XoeMveOKOZzQS, https://communityfund.stellar.org/dashboard/submissions/rect6tCyLANzPdveo","https://communityfund.stellar.org/dashboard/submissions/rec3XoeMveOKOZzQS, https://communityfund.stellar.org/dashboard/submissions/rect6tCyLANzPdveo","SCF #24, SCF #29","SCF #24, SCF #29","Yes, fully open-source with Github",https://github.com/loambuild,,,,,,,checked,f5ee9575187ddd493e77354a0f23ad97.png (https://v5.airtableusercontent.com/v3/u/50/50/1771855200000/cjpEMiuzVv6xIh9EVo6_NA/Aom-L09aAgEiH39mPUd4r9e4mZlTryZ8LU_xm4HbZZNtn4wI6ktRL3VRXZ4tASXjQCpm6ibQGsXdJIFS7AvVWqBQgZvkFrTnzYmdpHNtN7zXj90OYqVT1q6lz36LelyNCxOKOZd2uO-vosMjtxHii2RjuaG2zRnxpKNZRJ7eL6w/zex0GyEoRXgnL2S1A-GoJs9gk-HofU8Kr2uO9LLIzb4)
AssemblyScript Soroban SDK,Mainnet,Developer Tooling,https://github.com/Soneso/as-soroban-sdk,The AssemblyScript Soroban SDK is an open source SDK that supports writing contracts for Soroban by using AssemblyScript.,$158460.00,$158460.00,No specific region of operation,"AssemblyScript Soroban SDK,AssemblyScript Soroban SDK,AssemblyScript Soroban SDK,AssemblyScript Soroban SDK","AssemlyScript smart contracts SDK, AssemblyScript Soroban SDK, AS Soroban SDK","https://communityfund.stellar.org/dashboard/submissions/rechLNmH8fN9cBMQM, https://communityfund.stellar.org/dashboard/submissions/rec2ypZv4xeGu177p, https://communityfund.stellar.org/dashboard/submissions/rect2OQxgI4OYMgTd, https://communityfund.stellar.org/dashboard/submissions/rec6BPjqE2tB48RQX","https://communityfund.stellar.org/dashboard/submissions/rechLNmH8fN9cBMQM, https://communityfund.stellar.org/dashboard/submissions/rec2ypZv4xeGu177p, https://communityfund.stellar.org/dashboard/submissions/rect2OQxgI4OYMgTd, https://communityfund.stellar.org/dashboard/submissions/rec6BPjqE2tB48RQX","SCF #10, SCF #14, SCF #18, SCF #28","SCF #10, SCF #14, SCF #18, SCF #28","Yes, fully open-source with Github",https://github.com/Soneso/as-soroban-sdk,,,,https://github.com/Soneso/as-soroban-sdk,,"I am a Stellar Developer since 2017. Main developer and maintainer of the iOS, Flutter and PHP Stellar SDKs and of the AssemblyScript Soroban SDK.",checked,3908578d (https://v5.airtableusercontent.com/v3/u/50/50/1771855200000/wnDM2c00JwRgiNuoRzr3Sg/P-AOHsoVUQKvf2Po4Uq6LZ9zP7luuduawNtia7oGNZtE4iUvsAVh2H1uVPU1NVjuoazgzJBbR2Kjjzb0FSfDHotnr09W4fZwbAWILS-svQjf_LEJlbLVWvkfB8hy9QHkgSXIr7Hh88rud5IdIahqjg/b8dhzgQfSn_EHr-jadunmmrORGYU1_mBnDnNiKJ_rr8)
Smart Deploy,Mainnet,Developer Tooling,https://www.smartdeploy.dev/,"Smart Deploy is an advanced platform designed to streamline and simplify the uploading, invoking, deploying, and upgrading of smart contracts on Soroban.",$194800.00,$194800.00,,"Smart Deploy,Smart Deploy,Smart Deploy",Smart Deploy,"https://communityfund.stellar.org/dashboard/submissions/rec3DmdhPUyEJWyWB, https://communityfund.stellar.org/dashboard/submissions/recs6MedZFNwjZzRh, https://communityfund.stellar.org/dashboard/submissions/rec1vVPm4VMQCb6ZK","https://communityfund.stellar.org/dashboard/submissions/rec3DmdhPUyEJWyWB, https://communityfund.stellar.org/dashboard/submissions/recs6MedZFNwjZzRh, https://communityfund.stellar.org/dashboard/submissions/rec1vVPm4VMQCb6ZK","SCF #14, SCF #16, SCF #21","SCF #14, SCF #16, SCF #21","Yes, fully open-source with Github",https://github.com/TENK-DAO/smartdeploy/commits/main/,https://discord.gg/WXBwmYy6uj,https://twitter.com/TenkDAO,https://www.linkedin.com/company/tenk-studio,,,,checked,Banner_ Smart Deploy.png (https://v5.airtableusercontent.com/v3/u/50/50/1771855200000/8Hz9ebPAigp5LpDBbudvUw/1tqO2TNb-idY0VIY4HGlxNVbxdC0wFFKfD_9OqtmXWu29rdG8fj48TGF5sqHqvSCPAedRTUdNtNHAsb9UTbbpPaBqhbBLEiI-UqcXOpnFskXTOMBWjxfNwDEbJNLTjtee3_kNCTHMVRXeMfV_6-3SGfpcfRga9bQSDbH-XoDxeE/G2DexyPhZ_KARrK29KGTRJpxkwY-6-GEt-Vqe46EjwI)
Soroban Resource Usage Reporter,Mainnet,Developer Tooling,https://57blocks.io/,"Soroban Resource Usage Reporter is designed to meet the specific needs of developers working within the Soroban ecosystem. In the coding and testing phases, this tool enables developers to efficiently track resource usage through key metrics, much like Hardhat Gas Reporter helps Ethereum developers streamline contract efficiency. By offering insights into these metrics, developers are empowered to write more efficient and cost-effective smart contracts from the very start.  For Stellar, this tool can help drive adoption and best practices within the ecosystem. By providing developers with early-stage resource usage tracking and optimization suggestions, Stellar can foster a community that is conscious of resource efficiency, which is crucial for maintaining scalability and cost-effectiveness across the network.",$18240.00,$18240.00,No specific region of operation,Soroban Resource Usage Reporter,Resource Reporter: Gas Gauge for Dev,https://communityfund.stellar.org/dashboard/submissions/recqvm203drzGVJ0t,https://communityfund.stellar.org/dashboard/submissions/recqvm203drzGVJ0t,SCF #31,SCF #31,"Yes, fully open-source with Github",https://github.com/57blocks/stellar-resource-usage-report,,,,https://github.com/57blocks/stellar-resource-usage-report/,,"57Blocks helps web3 companies launch and accelerate their protocols and applications, with a particular focus on smart contracts and on-chain/off-chain integration.

We incubate early ideas, collaborate on protocol and smart contract design, and provide the resources to launch to market and capture mindshare faster.",checked,8ca8b67a (https://v5.airtableusercontent.com/v3/u/50/50/1771855200000/6Oa97yQrhrWosz-uolGYHA/EHIYPEqW_S9895GWnpQMI7DIjkcdoABCLYj3c1WPGlbjCG8Gilyij5wx1XpZq8VVtjgbyU9-ayttuWMbVskZhotGENYxdcTyTjkYMUM5zi0HGNxcQz_cxoRu_S6bZuJnf8ygH2Jjg-JxW-famLRyKg/D4b_13ggGXeHKdrFwvKXjJA4ctpA0FrZCGWZC3dBQsM)
Stellar Razor and Blazor Suite,Mainnet,Developer Tooling,https://github.com/lockb0x-llc/Pakana-Stellar-Razor-Components,"DotNet Razor and Blazor UI Components and Schema for Microsoft Identity, OAuth 2.0, OIDS 1.0, QR-Code MFA, Keypair Abstraction",$150000.00,$150000.00,No specific region of operation,"Stellar Razor and Blazor Suite,Stellar Razor and Blazor Suite,Stellar Razor and Blazor Suite","Stellar Razor and Blazor Suite, Stellar DotNet Identity Tools, SDEX Tools for Razor and Blazor","https://communityfund.stellar.org/dashboard/submissions/recZAb3KITV9paodq, https://communityfund.stellar.org/dashboard/submissions/rec72NpAO8hHB3zap, https://communityfund.stellar.org/dashboard/submissions/reczkZYQwOf7sZnJG","https://communityfund.stellar.org/dashboard/submissions/recZAb3KITV9paodq, https://communityfund.stellar.org/dashboard/submissions/rec72NpAO8hHB3zap, https://communityfund.stellar.org/dashboard/submissions/reczkZYQwOf7sZnJG","SCF #25, SCF #27, SCF #31","SCF #25, SCF #27, SCF #31","Yes, fully open-source with Github",https://github.com/lockb0x-llc/Pakana-Stellar-Razor-Components,,,,https://www.nuget.org/stats/packages/pakana.stellar.components?groupby=Version,,"Steven Tomlinson is the founder and architect for Pakana. He brings more than 30 years of software development and entrepreneurial expertise to the team.

Josh Kassabian is co-founder and brings extensive experience in blockchain, UI/UX, and marketing expertise to the team.",,946914f153868052602f5a41c168b277.png (https://v5.airtableusercontent.com/v3/u/50/50/1771855200000/xRlDghjf9SbsRRWQwAb6Ig/Ys0l4HbU_heDB0QhakVfVQE7xRC5hkFykUh54wwiYIrVefWvso3lsYnC7Ryd2f_zodD7AElbJErtqJDLr_oWi4sKC1aUT8P5yN1Lcb-A2IXBNkj4gld4mmrmtf-h4n1llX5VVc7-QT4rcaw8DvK5Lg/BwHflGWU0-IFn6Zirgl2g5ly6JhUt3c5JXdJwIyzghg)
Stellar Transaction Visualizer,Mainnet,Developer Tooling,https://stellarvisualizer.vercel.app/,"Stellar Transaction Visualizer is a professional-grade tool designed to help developers and users analyze, simulate, and debug Stellar blockchain transactions with clarity and ease. Built on modern web technologies, this visualizer transforms complex transaction data into intuitive, interactive experiences.  At its core, the platform features a dynamic visual graph that displays each transaction's flow - complete with color-coded connections, animated sequencing, and detailed operation nodes showing type-specific data. Whether you’re tracking payments, contract interactions, or account creations, every element is rendered for quick understanding.",$50000.00,$50000.00,No specific region of operation,Stellar Transaction Visualizer,Stellar Transaction Visualizer,,,"SCF #36, SCF #37",SCF #37,"Yes, fully open-source with Github",https://github.com/NibrasD/stellar-transaction-visualizer,,,,https://stellarvisualizer.vercel.app/,,"I'm a full-stack blockchain developer with over 5 years of experience in programming, I’ve led and contributed to multiple large-scale projects and created several developer tools. In 2025, I was awarded first place for my project ""RealVerse"", an innovative platform that specializes in tokenizing and managing RWAs.",checked,40c93b2b (https://v5.airtableusercontent.com/v3/u/50/50/1771855200000/oKuuJqcvr2HtZY34keipGA/n1TAVf48XBg7mvu5VYz-Ln7nwoUJLm1M04Mshjm6BaShHG7e0nzVp2a-LZvy--Pp9HnCiv8iJfAH6wjNRxbeyNtW7oFy-HAjAflvMcjtuCpqqVJdXkQO7k40U6v20QP-u9Dg7vjiOkC6wg8D34uQmw/-_hSGx7Ei0_UR9fqNAo8caNI4_sIacRvUYsyNOKJWKw)
Onboard Game Devs with Beamable,Mainnet,Developer Tooling,https://beamable.com,"This project aims to expand the Stellar blockchain’s footprint in gaming by integrating with Beamable, a leading game server and LiveOps platform, enabling developers to rapidly build, launch, and scale web3-powered games on the Stellar blockchain.  Beamable provides SDKs for Unity, Unreal, and Web (JavaScript/TypeScript), allowing game studios to seamlessly connect their games to Stellar smart contracts, NFTs, tokens, and wallets without needing deep blockchain expertise. Through this initiative, Stellar will gain a plug-and-play developer stack tailored to real-time, asset-rich games. Beamable’s SDKs will expose Stellar wallet auth, token interactions, and marketplace integration across major game engines and web platforms. Pre-built microservices will reduce development complexity, supporting features like inventory management, player stats, and content versioning. Beamable will promote this solution through its composable backend Marketplace and utilize Beamable Network Boost, a proven promotional engine that has driven millions of engagements across Discord, Steam, Twitch, and social channels. Games that integrate with Beamable on Stellar will gain access to over 3 million wallet-connected players and benefit from coordinated airdrops, influencer campaigns, and social activations. The Beamable x Stellar integration offers a comprehensive solution, featuring easy-to-use SDKs, operational infrastructure, monetization tools, and a player network, empowering developers to build on Stellar quickly while driving token utility and genuine gamer adoption across mobile, PC, web, and beyond.",$150000.00,$150000.00,"Latin America & Caribbean,South Asia,East Asia & Pacific,Middle East & North Africa,Europe & Central Asia,North America (without Mexico),Sub-Saharan Africa",Onboard Game Devs with Beamable,Expand the Stellar Game Dev Ecosystem,,,SCF #38,SCF #38,"Yes, fully open-source with Github",https://github.com/beamable/Stellar-Project,https://discord.gg/beamable,https://x.com/Beamable,https://www.linkedin.com/company/beamable,https://beamable.network/live-stats/,,"Beamable is led by a seasoned team of game industry veterans, technologists, and Web3 pioneers with deep expertise in building scalable platforms for online games and player communities.  

-   Jon Radoff, CEO – A serial entrepreneur and game industry leader, Jon previously founded Disruptor Beam (Star Trek Timelines, Game of Thrones Ascent) and GamerDNA. He has been at the forefront of online gaming, live operations, and virtual economies for over two decades.
    
-   Trapper Markelz, COO – Former Chief Product Officer at Disruptor Beam and expert in scaling developer platforms and product-led growth. Trapper drives operations, partnerships, and go-to-market initiatives across the Beamable ecosystem.
    
-   Ali El Rhermoul, CTO – A veteran engineering leader who previously led technology at Proletariat (Spellbreak), Ali brings deep expertise in cloud architecture, real-time multiplayer systems, and Web3 integrations. He spearheads the evolution of Beamable’s infrastructure and SDKs.
    

  
Game-First Culture: Team members come from AAA studios and live game operators, ensuring the platform is purpose-built for the needs of developers.

Web3-Ready: Deep experience with Solana, Sui, Mythos, Polygon, ETH, and other chains, including grant-funded integrations and full-stack wallet/token infrastructure.

Proven Track Record: Beamable has powered successful launches for CBS, FOX, Disney, and Web3 games like FIFA Rivals, Mystery Society, POG Digital, Wildcard, and other top studios, and supports thousands of game developers across mobile, PC, and web.",checked,24838e5f (https://v5.airtableusercontent.com/v3/u/50/50/1771855200000/tR8JRmwftG6wnxOERK9Img/mNgbzPsiKCMHlszqKoEfridkubMc6aJop2mE-IoR-Y95819T5tYSVpBzKzzCu8mC86UBEMQDBsjfYBby9w9H98s2Z3dzu8N_Nvq9QR05_v8_k2N7MJwYgJ9_pAJMX-GCDn9j37T-LbGZs7ER7v25hQ/t9njDfKDV277B9s5UQt0x6UAlQqLxZ30CBSrTETXbtI)
Soroban Security Portal,Mainnet,Developer Tooling,https://sorobansecurity.com,"Soroban Security Portal is a go-to hub for all things secure in the world of Soroban - Soroban's smart contract platform. Think of it as your safety compass: audit history, tools, tips and top-tier experts who've put Soroban projects through their paces.",$44190.00,$44190.00,East Asia & Pacific,Soroban Security Portal,Soroban Security Catalogue,,,"SCF #35, SCF #36",SCF #36,"Yes, fully open-source with Github",https://github.com/Inferara/soroban-security-portal,https://discord.gg/AHb3fBuU,https://twitter.com/Inferara_kk,https://www.linkedin.com/company/inferara,https://imgur.com/yZqTruN,,"We are a small team with a wide range of experiences. Below are our core team members, however as an open-source project we have additional students and participants we collaborate with for research & mentorship.

-   Georgii Plotnikov – founder, MS in computer science, 10+ years of experience in software development, including Web3 development. Github profile
    
-   Maxim Savchenko – lead researcher. PhD in mathematics, 15+ years of R&D experience in Formal Methods, Algorithm development, Game theory, and Formal Languages theory.
    
-   Dominik Hinkleman - Community Development Lead, Business entrepreneur, BA in Sociology & Psychology, previous grant reviewer & active participant in Web3 governance.",checked,czvo3rscw9j0hgxjzeqf.png (https://v5.airtableusercontent.com/v3/u/50/50/1771855200000/qpl77nNtZoRD1dMhpVZjmA/T1dQoxZ3BSVwV1FduBia_yOtHoUq_MYwKIxx1Njq_4-fS77uYhNgMmbhhX-o_kqHib_Q6-zh1tVyFLwYoGAHpdlBGSAH4U0BMO1SsC3MFp1OHlk-OAiPOYl5s9fDZOyKD_VV4wyr1GVuAxCCGiuXYQ/S5SRcGatGzW5fQCb4oUhfi_TA8DJQMjH_sXz50Cr7d8)
Blux,Mainnet,Developer Tooling,https://blux.cc,"Blux is a connect kit designed to make integrating decentralized applications (dApps) with wallets, email, and phone authentication seamless. Built with a focus on the Stellar ecosystem, it enhances user onboarding and engagement while simplifying development.  We provide developers with easy-to-use tools and customizable modals that speed up integration and improve user retention. Blux supports multiple wallets, including cold wallets, as well as login options via email, phone, and OAuth (Google/Apple), striking a balance between accessibility, security, and flexibility.  Our goal is to be the go-to solution for developers building on Stellar and beyond, bridging the gap between traditional user experiences and blockchain technology.",$81000.00,$54000.00,No specific region of operation,Blux,Blux React &amp; JS packages and Dashboard,,,"SCF #34 , SCF #34 , SCF #36",SCF #36,"Yes, fully open-source with Github",https://github.com/bluxcc,https://discord.gg/npsssdyk,https://x.com/bluxofficial,,https://blux.cc,,"We are a team of two, Ceyda and Ruveyda, who have been active in the Stellar ecosystem for over a year. Additionally, we collaborate remotely with experienced professionals worldwide, including UI designers, motion graphic artists, branding experts, and other specialists to bring our projects to life.",checked,e0779dc7 (https://v5.airtableusercontent.com/v3/u/50/50/1771855200000/mXPEymJcjEuBrugcb0I3bA/FvDZny2k0dp_wSqI8070bzHYxzKJ_XtMVwh8TUJjJaSJnunyYo01NzV8qcEDPaWt5EUK7R88x3jk-jBeN2KnjGxjbK0OAuL37iu6ch0fcVrLzx2E5JiHnLpmN17AeAPIHhQmxR-NO2gZmR-71P7SuA/YGcosUtJt86tTQ8cegfEIbRn73N8QEpKw_nqdMvk5tU)
StellarGPT,Development,Developer Tooling,https://stellar-gpt.vercel.app/,"Semantic and Index-Based Search Integration across the entire Stellar Ecosystem digital footprint of docs, APIs, dApps etc.",$25000.00,$25000.00,North America (without Mexico),StellarGPT,StellarGPT,https://communityfund.stellar.org/dashboard/submissions/rec3J9EW3GQO3lgXR,https://communityfund.stellar.org/dashboard/submissions/rec3J9EW3GQO3lgXR,"SCF #19, SCF #20",SCF #20,"Yes, fully open-source with Github",https://github.com/richafltr/StellarGPT,https://discord.gg/Ruv3sbNQ,,,https://flutrai.s3.us-east-1.amazonaws.com/screenshot.png,,"Richa Sharma, Founder & CEO of LearnQuantum, is a highly accomplished professional with more than 7 years of experience in the field of research. Richa's passion for knowledge and her drive to explore the frontiers of science have led her to establish LearnQuantum, a platform dedicated to advancing quantum research and education.",checked,image.png (https://v5.airtableusercontent.com/v3/u/50/50/1771855200000/iEuti_Vdzy5GuisCjchq1Q/UxynoNbWEZRxGYC84uFOGY3whbtALFjXeo7Xu_0Qzj41VYgO9HVYDjnjl3FkZrYDKUzHytvBhJx2LDYJ2X0QO68XVPsAhVIxGXPQxTG2wqiVkwSx8tueIFiSpwnSM9AMZgJf7NPhHE5rAhw7Tpby2Q/ugCY7v7KfqWWzGrSK1a1vZDYeN6gBXvIRZ5-ZnFWMgI)
Catalyst Blockchain Manager,Development,Developer Tooling,https://www.catalyst.intellecteu.com,EcoXChange is a multifunction white-labeled platform marketplace to support manufacturing companies reduce their carbon footprint.,$91800.00,$91800.00,,Catalyst Blockchain Manager,Catalyst Blockchain Manager,https://communityfund.stellar.org/dashboard/submissions/recNpbO0bjz8Gs5DO,https://communityfund.stellar.org/dashboard/submissions/recNpbO0bjz8Gs5DO,SCF #22,SCF #22,"No, I don’t have a public Github",,,,https://www.linkedin.com/uas/login?session_redirect=%2Fshowcase%2F73072309,,,,checked,image.png (https://v5.airtableusercontent.com/v3/u/50/50/1771855200000/yqPBsdzLr0-KfczqFs2lBw/RmWRPITULAcrzE3OMFKIni7t2jDT-A2bYYdDv_rbmbvyDnqbo_HVObKRSROe-46DDjxhDALpopl4l-Qye5usW7uruqeMM6R4NzTCYJtBx8UQhnyKXpay_4u6-xq1Et3C75WlqFkpwoHtuX4aWlZq_Q/pdoD5Ia7CWWRPuzSOrJgdKOfwG2My8OfgbY2QajVaRo)
FROST Implementation,Development,Developer Tooling,,"Proof of Concept implementation of FROST, a threshold signature scheme based on the Schnorr signature, using the WebRTC protocol. ",$15000.00,$15000.00,,FROST Implementation,FROST Implementation,https://communityfund.stellar.org/dashboard/submissions/recVKtrzbVBHALJF0,https://communityfund.stellar.org/dashboard/submissions/recVKtrzbVBHALJF0,SCF #25,SCF #25,"Yes, fully open-source with Github",https://github.com/Fiono11/threshold_stellar,,,,,,,checked,97fcb8d28148b09cc64b46a3bd13aacd.jpeg (https://v5.airtableusercontent.com/v3/u/50/50/1771855200000/HJi_A9WAyXLVYa63G6Jdfg/HAJoXYguJ-UbMUNPt4Omg3VVRl2CM5D-m2DCKZCd37XIrqlXWNZTsG3fjYzA-VzKvsTpnyUYAwVVWSSsLlIXckLD0GcTmJt1RnKF_2OPDrrj8rYdrYUpV4a_nAMYQEo-yN6SbqJ3X5DiAeH08Q84iUogpPqAFY32EjqgrHYpiUevg8LS6Fy8Y_6xog2KugUg/hxtXVldAUGc0BRDw0vsQ48mgzbMF-mxgViAVcV1lh3o)
Satellite + We Work Out,Development,Developer Tooling,https://getsatellite.io,"A platform for deploying smart contracts linked to third party app data (first up, Strava). Like Zapier, but for Soroban.",$100210.00,$100210.00,,"Satellite + We Work Out,Satellite + We Work Out",Satellite + We Work Out,"https://communityfund.stellar.org/dashboard/submissions/rec19jhYls3BBJx9H, https://communityfund.stellar.org/dashboard/submissions/recmo7OFBROky1vev","https://communityfund.stellar.org/dashboard/submissions/rec19jhYls3BBJx9H, https://communityfund.stellar.org/dashboard/submissions/recmo7OFBROky1vev","SCF #20, SCF #24","SCF #20, SCF #24","Partly, I do have a public Github",https://github.com/SpaceboatDVLP/hello-soroban/tree/master/src,,,,,,,checked,image.png (https://v5.airtableusercontent.com/v3/u/50/50/1771855200000/mGIElyUICik1C3JgidyDIw/_68tbzCzfJjUBMNAedkfid0EI7fDdlQMpKc5Q_ZucQtdFXu2EfnLv2gciiyY7OEtu_Iruv_mzW9OVurJDKncSBB-TRuRMxItaEz9xMJ5REXy9r7ZtcLTkdeE_50nljrK6B23F_wZqk-hTOhCs8VkBQ/MA-VwIcYlDew97qppxZAV8U2asnbgBWBxaZPCuxKI5o)
Calimero Network,Development,Developer Tooling,https://www.calimero.network/,Calimero Network is an innovative framework for building Self-Sovereign Application protocols and private data sharing.,$25000.00,$25000.00,No specific region of operation,Calimero Network,Calimero Network,https://communityfund.stellar.org/dashboard/submissions/recoBk1kfi1SixVph,https://communityfund.stellar.org/dashboard/submissions/recoBk1kfi1SixVph,SCF #29,SCF #29,"Yes, fully open-source with Github",https://github.com/calimero-network/core,https://discord.gg/kjP4GrafXj,https://x.com/CalimeroNetwork,https://www.linkedin.com/company/calimero-network/,https://github.com/calimero-network/core,,"Member 1:  
Name: Sandi Fatic

Role: CEO

Relevant Experience/Previous Work: ex-Google, ex-Facebook, ex-NEAR (https://www.linkedin.com/in/sfatic/)

Github: https://github.com/chefsale

Years of programming experience: 10 years per LinkedIn, coded and dealt with algorithms since he was 8

  

Member 2:

Name: Xabier Losada

Role: CTO

Relevant Experience/Previous Work: ex-Facebook Manager (https://www.linkedin.com/in/xilosada/)

Github: https://github.com/xilosada

Years of programming experience: 14 years

  
  

Member 3:

Name: Matea Sucic

Role: COO

Relevant Experience/Previous Work: ex-Uber, ex-Fonoa (https://www.linkedin.com/in/sucicmatea/)

  

Member 4:

Name: Miraculous Owonubi 

Role: Tech Lead

Relevant Experience/Previous Work: ex-NEAR (https://www.linkedin.com/in/miraclx/)

Github: https://github.com/miraclx

Years of programming experience: 8 years per LinkedIn, coding since he was 8

  

Member 5: 

Name: Maks Vukovic

Role: Head of Business Development

Relevant Experience/Previous Work: ex-Razor Group (https://www.linkedin.com/in/maks-vukovic/)

  

Member 6:

Name: Filip Bozic

Role: Senior SWE

Relevant Experience/Previous Work: ex-AWS, ex-Superbet ([https://www.linkedin.com/in/filip-bozic/)  
Github](https://www.linkedin.com/in/filip-bozic/)￼Github): https://github.com/fbozic

Years of programming experience: 6 years

  

Member 7:

Name: Matej Vukosav

Role: Lead Developer Advocate.

Relevant Experience/Previous Work: ex-Rimac Cars ([https://www.linkedin.com/in/matej-vukosav/)  
Github](https://www.linkedin.com/in/matej-vukosav/)￼Github): [https://github.com/MatejVukosav  
Years](https://github.com/MatejVukosav￼Years) of programming experience: 9 years",checked,Screenshot2024-08-12at11.16.55AM.png (https://v5.airtableusercontent.com/v3/u/50/50/1771855200000/dEcdDOJeBztUEW5dyHWpsA/oNoy9Ff6bdvsLFiZtTM1-hcv3hp1rIL9_AnD6x266jv2QvAMwS3VPOUUjTc5pjj77MnX-yWwaa9Kdox5oON0rmRSPsERCLfS67d4cToFw95CnuMiEPn0p2PKe5hOCkIYOJaPu0VaQES-ykGzzlVI_w/UNPseVoMY3bw9gRYLIFBN9hH2sKnfAIBMojV-_qHrkQ)
Command Robotics,Development,Developer Tooling,https://adaptive-goal-management.herokuapp.com/,,$5000.00,$4656.48,,Command Robotics,Command Robotics,https://communityfund.stellar.org/dashboard/submissions/recyGPuk4TiBasCLl,https://communityfund.stellar.org/dashboard/submissions/recyGPuk4TiBasCLl,SCF #9,SCF #9,"No, my project does not need to be open-source, now or in the future",https://github.com/mukmalone/AdaptiveGoalManagement,,,,,,,,
Solang Playground,Development,Developer Tooling,https://github.com/hyperledger-labs/solang-playground,A Solang web IDE for Solang compiler,$42000.00,$38666.67,No specific region of operation,"Solang Playground,Solang Playground,Solang Playground","Solidity web IDE for Soroban, Solidity Contracts on Soroban, Solidity Contracts on Soroban II","https://communityfund.stellar.org/dashboard/submissions/rec51IC0ycDCBWjDz, https://communityfund.stellar.org/dashboard/submissions/recWWbmWDvFunh3xR, https://communityfund.stellar.org/dashboard/submissions/recKGeG7HDjxMYAaM","https://communityfund.stellar.org/dashboard/submissions/rec51IC0ycDCBWjDz, https://communityfund.stellar.org/dashboard/submissions/recWWbmWDvFunh3xR, https://communityfund.stellar.org/dashboard/submissions/recKGeG7HDjxMYAaM","SCF #33, SCF #20, SCF #23","SCF #33, SCF #20, SCF #23","Yes, fully open-source with Github",https://github.com/hyperledger-solang/solang-playground,,,,https://github.com/hyperledger-labs/solang-playground/pulse,,"1- Salaheldin Soliman:  
Actively working on Solang compiler for the Soroban target. Started Development of Solang Playground in 2024 with funding from Polkadot/Web3 Foundation with the goal of improving the DevEx of Solang.  
  
2- Zenko Yamamoto  
A skilled front-end developer who is currently working on improving the UI of Solang Playground  
  
3- Tarek Nasser:  
A skilled rust developer who helped develop Solang Playground in its very early stages, where he worked on hosting Solang compiler as a backend service.",checked,32b94512 (https://v5.airtableusercontent.com/v3/u/50/50/1771855200000/OtImXkKs5i5bw5ls-F2emg/RlR4FK6aklnYdmZUBhl2XwJUSgnyl-tZOcJF34cQkGy_5CVsNsmGuBZeUooTZlgPnXdlnB39fAfpKQ8oFrhS1VYrU6ne8nBlMDmvsY1j-Jts9A6LQaS_N3NR44W7OtDjB1oyWUnMmURCENAVW06lGQ/4HfetayQ3WKg8xs6oCTChHEPqw01MLxASy3vGCTd3uU)
Transfuse: Multichain Asset Bridge,Development,Developer Tooling,https://www.transfuse.network/,"Transfuse offers a secure bridge for Stellar users to swap unwrapped assets with Ethereum using non-custodial wallets via Soroban smart contracts. Stellar makes true decentralized cross-chain stable asset bridging a possibility. One that is secure, fast, reliable and trustless. ",$30000.00,$30000.00,No specific region of operation,Transfuse: Multichain Asset Bridge,Ionize: Stellar Asset Bridge,https://communityfund.stellar.org/dashboard/submissions/rec1ZAs0f7cw3mGFX,https://communityfund.stellar.org/dashboard/submissions/rec1ZAs0f7cw3mGFX,"SCF #32, SCF #33, SCF #34 , SCF #24, SCF #20, SCF #23",SCF #20,"Partly, I do have a public Github",https://github.com/TransfuseLabs,https://discord.gg/Cfk4K7HU,https://x.com/HunterIonize,https://www.linkedin.com/company/transfuselabs,https://transfuselabs.gitbook.io/transfuse,,"Hunter Sides

-   Role: Lead Developer
    
-   Bio: Hunter is a seasoned software engineer with over 8 years of experience in web and mobile application development. A computer science major and Flatiron School alumnus, he has contributed to open-source projects and blockchain integrations. His previous roles include Full Stack Engineer at the Dash Incubator and Head of Mobile Development and Frontend Engineering at JMES World. An active contributor to the Stellar ecosystem and recipient of an Activation Award, Hunter specializes in React, React Native, Next.js, TypeScript, and blockchain technologies.
    
-   Links:
    
    -   LinkedIn
        
    -   GitHub
        
    -   Dev.to
        
    -   Linktree",checked,313b5ea0 (https://v5.airtableusercontent.com/v3/u/50/50/1771855200000/0gIbW1BJ5fkbyqJj4E2N5w/5BKyzYVejsC9LVgR5jQtfGJfKnvtVYZulwkQkmf9uu2DIeiNqNE9Wh4dwixl6Oka0hnWSz1Nk9ZBThz4UG5IONbCxZe7Ci1igODnUfShBJUgpQorgEba79oQATXVSqnc80gopU7QgPJT-lxh8kBv0w/cD0EPKpqdpbclKoyBQlfMa_aZzTP-dYc7TKuzRmoLKM)
NebulaVRF,Development,Developer Tooling,https://notliveyet.com,"Abstract NebulaVRF is the first fully on-chain Verifiable Random Function (VRF) for Soroban, providing secure, unpredictable, and verifiable randomness without relying on external oracles like Chainlink or Band Protocol. By ensuring trustless and decentralized randomness, NebulaVRF unlocks new possibilities for gaming, DeFi, NFT minting, governance, and fair lotteries on the Stellar blockchain. Objectives Eliminate reliance on external oracles by building a native Soroban-based VRF. Ensure verifiable, tamper-proof randomness for smart contracts. Optimize gas efficiency to minimize computation costs within Soroban. Enable wide adoption by making randomness accessible and easy to integrate into dApps. Technical Implementation Commit-Reveal Scheme: Users submit a hashed seed, revealing it later for randomness generation. Threshold Cryptography: Utilizes BLS or Schnorr signatures to create unpredictability. On-Chain Verification: Smart contracts verify randomness cryptographically, ensuring transparency. Efficient State Management: Designed for low-cost execution within Soroban’s resource model. NebulaVRF will be open-source, offering a trustless alternative to existing VRF solutions and empowering Stellar developers with provably fair randomness.",$34000.00,$22666.67,No specific region of operation,NebulaVRF,Randomness beacon for Soroban,,,SCF #34 ,SCF #34 ,"Yes, fully open-source with Github",https://github.com/orgs/NebulaVRF/repositories,,,,https://notliveyet.com,,"Mukund Jha:  
I'm currently a university sophomore and I'm studying CS & AI. I have 3 years of full-stack programming experience. My skillset includes Rust, Typescript, Python & NodeJS based frameworks. I have been working in the web3 ecosystem for a year now, I initially started building projects and services on EVM chains but I switched to Non EVM 4 months back. I've been working with rust ever since & also have experience in working with MOVE for Sui & Aptos. I also study a lot of cryptography & logic, which was the source of insipiration for this idea. I will be leading this project

Sarthak Pandit:  
Sarthak is also a university sophomore and is studying CS at Amity University. He has over 4 years of working experience with ReactJS, and is also good at Python & generalist programming. For his first year summer internship, he interned at Paypal. He is relatively new to web3.",checked,ccitqudj0dedzlefxzlv.png (https://v5.airtableusercontent.com/v3/u/50/50/1771855200000/2OM_d7EJkgK15HBMPKJ9-g/a_SMSulAabsPB9GB8Y-jpJFQxSyKKwZf5p0rB185mp8MHKk85QHe7t-noCCfnHarJjb1wGTwb4yjGj7xaWaNdDC8ZoR5ry1OIvfGHJjAQAPOlZJXDz2DdBQy7p59jl2on6NVOFdmeOwkZrGYawU1oQ/n-ViOijV8Bj4XMxnJS5kHTVVh8L2mFtUZIfGjgpNK60)
Stellar AI Agent Kit,Development,Developer Tooling,https://stellarsandbox.dev/,"[DEVELOPER TOOLING] What if every Stellar smart contract was instantly AI-accessible? We are creating the Stellar AI Agent Kit — a full-stack developer toolkit that enables AI Agents to securely interact with Stellar accounts, Soroban smart contracts, and Stellar assets. Through a combination of a CLI generator for MCP server bindings, a Policy Signer Generator CLI, a Policy Signer Sandbox, and a lightweight npm SDK, we aim to make Stellar the first blockchain ecosystem with native, secure, agent-based integrations following the new Model Context Protocol (MCP) standard adopted by Anthropic, OpenAI, and Google.",$108000.00,$72000.00,No specific region of operation,Stellar AI Agent Kit,AI Agent Toolkit: Soroban to MCP ,,,"SCF #36, SCF #37",SCF #37,"Yes, fully open-source with Github",https://github.com/JoseCToscano/stellar-mcp,,,,https://github.com/JoseCToscano/policies-playground,,"Jose Toscano is a seasoned software engineer and full-time Stellar builder with a proven track record of delivering production-grade blockchain and AI solutions.  
He brings over 6 years of experience building products from idea to large-scale deployment, including as founding engineer at Atrato, a Y Combinator and Accel-backed BNPL platform where he architected the company’s real-time credit infrastructure.

Over the past year, Jose has been deeply engaged in Stellar ecosystem development—contributing to passkey-based smart wallets, Policy Signer integrations, and Soroban integration standards.  
He is a three-time Stellar hackathon winner, including at the Stellar x EasyA Hackathon at Meridian London, and has delivered multiple open-source Stellar applications and prototypes.

In parallel, Jose has built AI-driven applications, giving him the unique technical background needed to bridge Stellar’s powerful primitives with emerging AI agent workflows.

This project builds directly on his active involvement with Stellar’s most advanced infrastructure layers and reflects a clear, actionable vision to push developer tooling, security, and smart contract accessibility to the next level.",checked,b4db6641 (https://v5.airtableusercontent.com/v3/u/50/50/1771855200000/WgnIUeMLyDgITx2iG2QjEg/KMLwJHmJrriFaaD2OROgg1Z2IidhOc6gzba5dvadKrTD7CR3-uV1Z_R9IOKKQzI7yyQtb8n0QTM6uU8wk5CUtnslHFh6gDiGjD8FZWIQwQA--QAAbBHcE8KRtiBhYS6IqxL_N8WGum1FsHcx5rMNDA/MkO_j_6u-Un8IVr1zh5YehjBRL_IiEhxf2UmwczvX2o)
WebSoroban IDE,Development,Developer Tooling,https://websoroban.vercel.app/,"Shipping Soroban straight to your browser!  No clutter. No delays. No dev drama.  Just open your browser and you are building on soroban in seconds.  WebSoroban: The launchpad for real builders. Write your first smart contract or ship that 3 am DeFi idea—fast, mobile-ready, and with an AI copilot by your side. Built for web3's real pace: async flows, global sprints, weekend hackathons.   Yes, an actual smart assistant in your editor, not just for syntax but for direction, logic, and clean code you can ship.  Learn, Build, Break, Repeat ; All in one tab.  From first-time devs to protocol founders, websoroban is where the stellar smart contract journey begins.  Clean. Simple. Unstoppable.",$60000.00,$60000.00,South Asia,WebSoroban IDE,Websoroban: Only onchain IDE,,,SCF #38,SCF #38,"Yes, fully open-source with Github",https://github.com/WebSoroban,,https://x.com/WebSoroban,,https://drive.google.com/file/d/15Kjk4CQbf0ZPznSXBK7UKS05ZocfossV/view?usp=sharing,,"→ Aaditi Bhambhani: Crafted post designs for 20+ Stellar Events, driving 300% growth in Indian developer onboarding.

An accomplished AI/ML Developer with a proven track record of creating intelligent systems that solve real-world problems in blockchain. She has successfully built machine learning models that drive decision-making, automation, and predictive insights, demonstrating a strong grasp of both theoretical and practical aspects of AI.  

→ Akash Panda: Scaled India’s Stellar community to 500+ developers within 3 months.

A seasoned Blockchain Developer with deep technical experience in designing and deploying decentralized systems. He has contributed to multiple blockchain-based projects, showcasing his ability to build secure, innovative, and future-ready infrastructures. Having won 4+ web3 hackathons.",checked,2f253d4e (https://v5.airtableusercontent.com/v3/u/50/50/1771855200000/Wu3j_ksnBERwYGH1hAkJow/NhXxvZw0irldD3W7U-KzjwbFfGUQ-9ON38867T6Xr8np-lFjO6s_dAm1KIVyUGGPgciLvY6d2Hf_4H5hDpGna4qJIjN1CkP09_in3aHXF5fHp0NnUW35ZxNmm9L2aD8TwoIweM9Y_Qs3lfbTRjM2hQ/wCjaGEabkzZEPnnQQyRm56Usrm_jruqDvHpID0L94YM)
DevAsign,Development,Developer Tooling,https://devasign.com,DevAsign streamlines open-source project management by automating bounty payouts and intelligently handling pull requests with advanced AI review.,$80000.00,$133333.33,"Sub-Saharan Africa,Europe & Central Asia,North America (without Mexico),South Asia",DevAsign,"DevAsign, Bounty Automation for OSS",,,"SCF Kickstart #9, SCF #37, SCF #38, SCF #39","SCF Kickstart #9, SCF #39","Yes, fully open-source with Github",https://github.com/orgs/devasignhq/repositories,,https://x.com/devasign,https://www.linkedin.com/company/devasign/,https://docs.google.com/document/d/1VWQfQuvBMBZyG8Zc1cvW1LKofuyA-uUuEc8ODrD7I8E/edit?usp=sharing,,"Team: (2 full-time). We’ll hire more engineers to scale DevAsign + Open-Source Collab.

Bethel Melariri, CEO/co-founder:

-   Senior Product Designer with 7 years of experience. LinkedIn
    
-   Led design team on dexter (voice AI for nurses), servease (fiverr for artisans), bbnpolls (polymarket for reality TV shows), etc.
    
-   ex-MEST alum. Handles UX, GTM, partnerships, compliance, docs.
    

Prosper Melariri, CTO/co-founder:

-   Software Engineer with 4+ years of experience. GitHub
    
-   Built Akatua (enterprise payroll/HR platform) and Perime (event discovery & management platform), etc.
    
-   Handles Soroban escrow contracts, SEP-24 disbursements, security, infra.",checked,unplpkj9bzhbjd9zv8ln.jpg (https://v5.airtableusercontent.com/v3/u/50/50/1771855200000/SjjlyIrs6TxUNxwKS79u-g/iLcLO8wdTava2MJ5O0SFGdyJQvtxzxKimkPvI3IBdG95GU6n-wrFurKMoDT2i5hb0DWBs0yLeNtwaIiPqW5h2KKIHmzoRocV1t4egj9qCK8E5Oic87AxrWnO39d-Aqsgrxq5ZJyX-tllXw6r4RHfgw/o9lKa8i-uTp5R_LE6ZqKS7o7u02kbkmZSuZVX30vVvc)
Soroban SDK Tools,Development,Developer Tooling,https://github.com/BlaineHeffron/soroban-sdk-tools,"We propose the soroban-sdk-tools crate extending rs-soroban-sdk, designed to streamline smart contract development. Loam, which has largely been integrated into scaffold-stellar, contains loamstorage (https://github.com/loambuild/loam/blob/main/crates/loam-sdk-macro/src/subcontract/storage.rs), a storage management framework. This project builds upon this functionality by introducing additional tools for storage management, composable error handling, and contract authorization testing:  loamstorage consolidates the storage interface into one type, removing boilerplate and focusing on what is being stored. It introduced storage collections which handle the key definitions, ensuring their uniqueness. We propose contractstorage which will expand on this foundation: including macros enabling shorter key names reducing storage costs without sacrificing readability, mechanisms for automatically minimizing key sizes to optimize ledger efficiency, and composable storage patterns that promote modular contract design while ensuring unique storage keys.  scerr, a framework for composable error propagation across contracts. Currently errors are manually assigned a number. If they are imported from different sources and are assigned the same one, when the contract fails it will be unclear which one was the cause. Our solution will ensure that each error is assigned a unique number, even those from cross contract calls.  We also plan to improve authorization flow testing. Currently when writing tests developers must handcraft a mock authorization entry before making a contract call. We propose a new contract client which will handle both authorizing and making contract calls.  soroban-sdk-tools will enhance developer productivity, reduce on-chain resource consumption, and foster consistency in contract implementations. ",$60000.00,$40000.00,North America (without Mexico),Soroban SDK Tools,Development of soroban-sdk-tools,,,SCF #39,SCF #39,"Yes, fully open-source with Github",https://github.com/BlaineHeffron/soroban-sdk-tools,,,,https://docs.google.com/document/d/1i9KoObMmTvxMnE664NQyWvgVIKzitoBwJXyZHESyMCk/edit?tab=t.0,,"'- Blaine Heffron (GitHub: https://github.com/blaineheffron), a software developer with 2 years of experience in Rust and smart contract development. He serves as a contributor to the Loam SDK, scaffold-stellar, js-stellar-sdk, and stellar-cli, in addition to his work with AhaLabs. He has contributed to and written the EquitX Soroban contract.

- Willem Wyndham (GitHub: https://github.com/willemneal), Chief Technology Officer of Aha Labs (https://ahalabs.dev), a blockchain engineer based in Boston with three years of involvement in Stellar projects. He is the primary maintainer of the Loam monorepo, with significant contributions to the Stellar CLI and TENK-DAO/smartdeploy frameworks, emphasizing decentralization and WebAssembly technologies.

- Enzo Soyer, Chief Operating Officer at Aha Labs, an open-source contributor with experience in crates.io publications and community-driven tools. With Web3 expertise across multiple blockchains including Stellar, Ethereum, NEAR, Cosmos, and Flow, he provides guidance on smart contract tooling and decentralized application development.",checked,k7opuapkeevtumemeaqc.png (https://v5.airtableusercontent.com/v3/u/50/50/1771855200000/LXEMMZogeXbwt8oUd82bpw/uC97EKbkmp3Vx_zm9oNpqyczjVQUbDb_v8fPS5vuiH2NBiEsGWWtUZKSmkemLTPKe50B7xCGQF_6xBnNgApFKaNwFCIDqR6BDV-e2xaKwJhyrfm2q1lnU-aKwWWUuFdcq-DxwPvmiotujeJbaKRFFA/NEdLGV_kr_4a5b3zx4rMPCeDSdZ3-Ti7Xz7r5TK5q70)
Inference,Development,Developer Tooling,https://inferara.com,"Inference is designed as a domain‑specific formal specification language for Web3 native applications. Designed for WASM based infrastructure, Stellar is the ideal  ecosystem to apply both our expertise & inference. Its syntax is concise and Rust‑like, and it aims to let developers write formal specifications and correctness proofs in a way that resembles writing unit tests. Inference seeks to bridge the gap between theorem proving and practical application development in blockchains. This approach provides a path to integrate formal verification into the development process for Soroban developers.",$149730.00,$99820.00,South Asia,Inference,Formal specification language 4 Soroban,,,SCF #39,SCF #39,"Partly, I do have a public Github",https://github.com/Inferara/inference-language-spec,https://discord.gg/AHb3fBuU,https://twitter.com/Inferara_kk,https://www.linkedin.com/company/inferara,https://github.com/Inferara/inference-language-spec/stargazers,,"We are a small team with a wide range of experiences. Below are our core team members; however, as an open-source project, we have additional students and participants we collaborate with for research & mentorship.

-   Georgii Plotnikov – founder, MS in computer science, 10+ years of experience in software development, including Web3 development. Github profile
    
-   Maxim Savchenko – lead researcher. PhD in mathematics, 15+ years of R&D experience in Formal Methods, Algorithm development, Game theory, and Formal Languages theory.
    
-   Dominik Hinkleman - Community Development Lead, Business entrepreneur, BA in Sociology & Psychology, previous grant reviewer & active participant in Web3 governance.",checked,4971b1f7 (https://v5.airtableusercontent.com/v3/u/50/50/1771855200000/qZpklIU-nSMQdd0uNhPKWg/3gY8CncSSCrlJDYp1E8PvjO-zGJBS_F-IAttsg34XGlNHwEEap6fhq9P7xASGccPXiQkl9nletLZiawHaMjE33JXjF4wL1t_zKTWlMDeFZZj_S1DRoD1RbTrISGNuAriz5LQ39NyIVBMZfwrJ4zXIw/JyBiP-MuDnaWQZlwZ8-_lC9wYpNsB7Rrv6N-3MX-87U)
Interlinked,Development,Developer Tooling,https://inl.one,Decentralized link-shortening service built on Soroban.,$30000.00,$20000.00,No specific region of operation,Interlinked,Interlinked 2.0,,,"SCF #34 , SCF #36",SCF #36,"Partly, I do have a public Github",https://github.com/AntonTat27/interlinked-backend,,https://x.com/Interlinked_url,,https://docs.google.com/document/d/1mRfWS3wXPrcSVDMbQyYwEzNi3FbIQZdJ7gaTmInupxY/edit?usp=sharing,,"Anton Tatarinov:

-   Worked with Armenotech to develop a service utilizing sponsored wallets for transaction fee payments on Stellar.
    
-   Experience across multiple blockchain ecosystems, including Ethereum and Coreum.
    
-   Passionate about decentralized solutions that enhance efficiency and usability in Web3
    

Vladimir Tatarinov:

-   Experienced in finance and banking at Deutsche Bank, Exness, and Intel, with 7+ years in Stellar",checked,e2eae79f (https://v5.airtableusercontent.com/v3/u/50/50/1771855200000/jSvfco_uoToB5TSThJYikg/AQXYcZRRjqL2nCK8enbZ5wtgkssvoYZfadjJXVrShJLHrWHIEDLKrbpzYsQ0l0_RyPtZ4NvJxolcCShTtg8mDYDmw10G8jTY6EE0FGsIXs0IElGVYkmQpqbslJVUzVxUnW7F107qkABM5dh8IlV6Sg/b8rALup0KJheWpUXOMGQ8uiLCvz0SebU6OYoun7mtM0)
JS-Capacitor Passkey Kit,Development,Developer Tooling,https://argo-navis.dev,"The JS-Capacitor Passkey Kit helps JavaScript developers to implement Soroban Smart Wallets by providing access to native passkey functionality on iOS, Android devices and hardware tokens, such as YubiKey, for example.",$10000.00,$6666.67,No specific region of operation,JS-Capacitor Passkey Kit,YubiKey Support for the Passkey Kit,,,"SCF #37, SCF #40, SCF #41",SCF #40,"Yes, fully open-source with Github",https://github.com/Argo-Navis-Dev/js-capacitor-passkey-kit,,https://x.com/argonavisdev,,http://argo-navis.dev/js-capactiro-passkey-kit-analytics-descr.pdf,,"Bence Nagy, Master of Computer Science, Stellar developer since 2021, with multiple contributions to various Stellar SDKs, including the iOS, Flutter SDK, and AssemblyScript Soroban SDK. Main developer and maintainer of the PHP Anchor SDK for Stellar.",,e75e54b9 (https://v5.airtableusercontent.com/v3/u/50/50/1771855200000/iPo7ExnHRnfqqaIAcn0WRw/qecuPY_zlchajx1HW0v6ms9gJqbV68rx_Q0eeVQpKuqpK6lLnenpy62cvoJe-btp-D9kVRXHE9Z0Qou2DYSEqc5nloXCWpbKzGje-ro2wlVwhXtTYhqATmx_fFrTqSeuGgzjfy55yO2kl3psx2QeQQ/Z2KGUPoBFruRKE0ucNJ76R1R-HEsxYds0XPmY330vHI)
Paykit,Development,Developer Tooling,https://usepaykit.dev,"We’re building the first complete payment adapter ecosystem for modern web developers—making USDC on Stellar usable in real SaaS, AI, and infra applications without requiring any blockchain knowledge.  Instead of asking developers to learn Stellar, we integrate Stellar directly into the tools they already use: BetterAuth, Clerk, Convex, Medusa, Trigger.dev, UploadThing, and the Vercel AI SDK.  Each adapter removes friction, automatically creates Stellar accounts, and makes USDC the default payment rail for:  Usage-based billing  Metered AI workflows  File uploads & storage  B2B SaaS monetization  With this adapter-first approach, we aim to turn Stellar into the invisible financial backbone of the modern web.",$53450.00,$17816.67,"South Asia,Europe & Central Asia,East Asia & Pacific",Paykit,Stellar Payments for Devs & Marketplaces,,,"SCF #39, SCF #40",SCF #40,"Yes, fully open-source with Github",https://github.com/usepaykit/stellar-tools,,,,https://docs.google.com/document/d/1ANc7o6sqqKJKE1erET7vs6iFc1UKn9Lhft0nF8VPPvQ/edit?usp=sharing,,"Emmanuel Odii, a 19-year-old full-stack developer and product builder with over 3 years of experience building SDKs, AI applications, and developer tools.

He previously:

-   Served as founding engineer at TarotMaster, which he scaled to 14,000+ users and around 50 daily active users
    
-   Built ClassyNotes, a tool that helps students prepare for exams while surfacing academic papers
    
-   Developed the backend infrastructure and AI integrations for DettyDecember, generating smart itineraries for trips to Lagos and Accra
    
-   Maintained open-source TypeScript libraries and created PayKit, a developer-friendly SDK for payments
    
-   Wrote extensively on Medium, where I’ve built an audience of 5,000+ followers — one of my posts reached over 600,000 impressions  
    → Read the post
    

he focus on building tools that remove friction for developers, abstract complexity, and plug seamlessly into modern web ecosystems.

🔗 LinkedIn  
🔗 GitHub  
🔗 Twitter/X  
🔗 Medium  
  
Full-Stack Developer  
Prince is a full-stack developer with 4 years of experience building production-ready web apps and developer tools.

-   Built projects like PromptCraft.live and PublicWall.site
    
-   Contributed to platforms focused on AI tooling and real-time publishing
    
-   Brings strong front-end and back-end skills to accelerate adapter development and integration across platforms
    

🔗 LinkedIn  
🔗 GitHub  
🔗 Twitter/X",,a4a64a4c (https://v5.airtableusercontent.com/v3/u/50/50/1771855200000/tbm5z_VHMQZhU8HyrZttQw/hoxNG2h0a1aBiyBTJM8sh8-4sVPaA7qwP3GK4ulwrL-h1UFRsdpjonNUwAybJNYjQvVo19b2pYKENRumxtm5WGqIA48Cdz-d47jFB9UQvjZ1spEueqEDwasS7Uw-cnuZd_5oZHR0P7bJRqHYuV8APQ/HQbRNg78jrLQIrDptU1jFXDkdyo_4kY0QI_O4qESK1k)
Stellar Unity Developer Kit,Development,Developer Tooling,https://scryingst.one/,"This powerful Unity-based developer toolkit allows video game and application developers to easily integrate Stellar smart contracts and blockchain features directly into their C# Unity projects. The developer toolkit will seamlessly bridge gap between Stellar and C# and empower developers to interface with the Stellar network and third party wallets using our robust C# libraries, templates and documentation. In addition, we will provide all the tools needed to implement commonly needed video game specific use cases for web3 users like in-game tokens, authentication, leaderboards, tournaments. By removing the steep learning curve of interacting with Soroban, this toolkit empowers a new wave of builders, from indie studios to experimental app creators, to bring blockchain-backed experiences to users seamlessly. While there is a Unity SDK available for Stellar the existing Stellar C# SDK is incompatible with Unity 6.1 and above- making it impossible to compile or execute critical network and serialization components without extensive refactoring and custom rebuilds of core libraries such as networking, XDR parsing, and cryptographic key management. Other existing ecosystem SDKs are inadequate for the web3 gaming use case and have not been maintained. This project provides a solution to this issue.",$47000.00,$15666.67,No specific region of operation,Stellar Unity Developer Kit,Stellar Unity Developer Kit,,,SCF #40,SCF #40,"Partly, I do have a public Github",https://github.com/towa-hi/StellarUnityDevToolkit ,,https://x.com/scrying_stone,,https://github.com/towa-hi/solid-parakeet,,"The Unity SDK is being developed by Scrying Stone, a web3 company. Scrying Stone was founded by two former-SDF team members. It is a team of builders and artists with over 30+ years of combined blockchain and crypto experience.

Spintax (aka Dune): Marketing and community expert and project director

Nev: Lead art and design director 

Mono: Lead game developer

Aegius: Sound and Production

Rylen: UI/UX Design

Step0n: Smart contract developer

Robek: On-chain collectible pioneer and creative director  

Projects we have worked on:  
Token.gallery - 2017 proto-digital asset marketplace and 2021 art marketplace on Ubiq

Lexitoken - 2017 proto-wrapping mechanism

Sealed.art - 2023 digital 1/1 nft marketplace

Eth.co - 2022 - 2024 Digital Visual Wallet + Community

Weeb3dao - a scholarship and collector DAO focused on artist onboarding

10grans - a community token and 2017 early-discord tipping integration through escrowed wallets

Rwxquest - blockchain arg and artist community project

Curio Cards - a 2017 proto-NFT collectible (predating CryptoPunks)

Mass Effect 4

Forza Motorsports

Jurassic Park Theme Park Ride (Beijing)

Art gobblers

RPCiege - The coolest developer onboarding campaign on this side of the moon.

SCF 1 & 2 - This little community developer program on Stellar. 3+ are much better.",checked,033d4048 (https://v5.airtableusercontent.com/v3/u/50/50/1771855200000/Ge25-hPwLylfCO1Q_Y4EVQ/IzCaJ6j8wlJlSV6fJijuU9XEI_iHej7UmgbZEQPbifaH38zW16UTFmceArbYdoRxAebxkN0CBTlMWopM9GKUfyZvJ2Yk74NeXBM7OwIyFxP3cxZRUcfPtKIaftWDbqT2L9L0Du9rhg9ciiK5mg4cUw/il4Mvc1p3zkhh15MHGm-Daxqf05uHqjfLfIYT2MvXak)
Bevor,Development,Developer Tooling,https://bevor.io,"BevorAI is the AI co-pilot for smart contract security - an API and platform that integrates across development, devops, chat, and auditing lifecycles. Think, ""Wiz for Web3"". Both auditing firms and development teams use BevorAI to auto-detect vulnerabilities, streamline their development and auditing, model on-chain risk, and speed up audit delivery We have strong plans to integrate Rust in order to support the growing Soroban and Stellar ecosystem. Auditing Rust contracts is extremely important to allow this ecosystem to grow safely. As more institutions and teams adopt Rust-based smart contracts for their security and performance benefits, the need for specialized automated security tooling becomes critical. Without robust auditing infrastructure, the Rust smart contract ecosystem risks experiencing the same growing pains that plagued earlier blockchain platforms. Our roadmap prioritizes building comprehensive Rust security analysis to ensure teams can build confidently and scale safely on Stellar.",$102000.00,$34000.00,No specific region of operation,Bevor,Collaborative AI Security for Stellar,,,SCF #40,SCF #40,"Partly, I do have a public Github",https://github.com/Bevor-Protocol,,https://x.com/BevorAI_Agent,,https://app.bevor.io/analytics,,"Blake Hatch | CEO & Co-Founder:  
I earned my Computer Science degree from Northeastern University and have always been fascinated by low-level systems engineering. I founded Viridian Exchange, a venture-backed RWA marketplace for which I personally built all smart contracts, before advancing to lead Web3 initiatives at a Fortune 100-backed venture studio. My technical expertise expanded working on remote execution and caching infrastructure for the Bazel monorepo build system, where I honed my systems engineering skills in Rust and became a contributor to Google's open-source Bazel codebase. Most recently, I built out a Kubernetes cluster alongside an L6 engineer from Apple, successfully landing a deal with Samsung for the technology that dramatically reduced their CI/CD times from 3 days to just 1-2 hours.  
  
https://www.linkedin.com/in/blake-hatch-180b9415a/  
  
Peter Simone | CTO & Co-Founder:  
I began my career in biomedical engineering, focusing on genomics and predictive modeling for cancer diagnostics. I then went on to get my M.S. in Data Science from NYU. I worked as a Data Scientist in industry in fintech, insurance, and then led the AI initiatives at a F100 backed venture studio. Since then, I've been more solely focused on SWE. I've been proud of building out money movement flows in fintech startups that helped facilitate over $20M in asset transfers. All of this has given me a strong background in product, data, and software development.  
  
https://www.linkedin.com/in/psim1/",,ptlyjq1cnddfx0mx2xhw.jpg (https://v5.airtableusercontent.com/v3/u/50/50/1771855200000/zQPbjUVYM8b3f4b7lbTnbw/W3NrnigL7a0lfCSdD8IejW6Of2dJSMn1zE5Mg_4adGFdnVLp7wpgZagjhV1LPlEryaaKlxKF81JlfK8nzc8y-2S_WQ5m8r7txsBP-DyhgsUQJb5OvlBOZo6cKmRmz7IBrpXT6tRIj5uH5Gthv8Gu2A/FJ_95qLmG_bGe5itNMZoQoC5Kc4AFCjRpxfC-WldTSo)
Confidential Transfers and Balances,Development,Developer Tooling,https://www.fairblock.network/,"Fairblock is building compliant, confidential transfers and balances using multimodal cryptography (MPC-IBE, HE, ZK). We build developer tooling and applications that span across various privacy use cases. Two flagship use cases are confidential stablecoins and protected trading.  1. Confidential stablecoins (our primary focus on Stellar): Jay Geng’s talk on Confidential Tokens at Meridian captured the direction and outcome we are shipping. We encrypt transfer amounts and balances so users get bank-like privacy and better execution: lower slippage, no frontrunning, tighter quotes, less market impact of large orders.  2. Protected trading: Encrypted limit orders, intents, and bids with conditional decryption after settlement. What users get is protection from manipulation (e.g. frontrunning) caused by onchain information leakage across trading, lending, predictions, and intents markets.  We build dev tooling so teams can add privacy without reinventing the cryptography. We’ve also shipped applications like encrypted limit orders with CowSwap, our own predictions app with encrypted bids called Time Machine, and are working with teams like Arbitrum, Hyperliquid, Noble, Anoma, Uniswap, and Squid.  Our approach is to use the right cryptographic tool for the right job to ensure it’s performant, secure, and compliant (via selective disclosure). Privacy builds trust with both retail and institutional users. If strategies, balances, and invoices remain public onchain, adoption will always hit a ceiling. We envision privacy that’s verifiable and selective is how payments and RWAs will scale.",$150000.00,$50000.00,North America (without Mexico),Confidential Transfers and Balances,Private & compliant payments on Stellar,,,SCF #40,SCF #40,"Partly, I do have a public Github",https://github.com/Fairblock,https://discord.com/invite/fairblock,https://x.com/0xfairblock,https://www.linkedin.com/company/fairblock/,https://docs.google.com/spreadsheets/d/e/2PACX-1vQNzqdy-mp67RWCr_4lE6cbMg6EaF5EUjcqY97fBKEJCkTKLR2L6cSnS6bnAoJQNT1zeV3_t3LFVULc/pubhtml?gid=1715037745&single=true,,"1.  Peyman Momeni, Founder and CEO
    

https://www.linkedin.com/in/peyman-m-b0681b128/

Prev: Cryptography and DeFi @ UWaterloo, ZK Engineer ZKM, privacy-preserving ML HKUST, Snap

1.  James Bae, Head of Business 
    

https://www.linkedin.com/in/baejames/

Prev: Led BD at Eigen Labs and Component, and Sales/Partnerships Leader at Oracle, Nielsen, startups.

1.  Setareh Ghorshi,  Cryptography and DeFi Engineer
    

https://www.linkedin.com/in/setareh-ghorshi/

Prev: Security @ QuantStamp, UWaterloo

1.  Nibir Pal, Lead Engineer
    

https://www.linkedin.com/in/nibir-pal-188344b2/

Prev: Osmosis, Six Sigma Sports

1.  Martin Cheuk, Blockchain and Infra Engineer
    

https://www.linkedin.com/in/chung-kiu-martin-cheuk-355a0b185/

Prev: Gin Finance, Genesis Node Ltd

1.  Suman Das, Frontend Engineer
    

https://github.com/orgs/Fairblock/people/suman-saurabh-das

1.  Crispz, Community Lead
    

https://x.com/crispzlegion

Prev: The Dapp List

1.  Darshita, Designer
    

https://x.com/darshitap07

Peyman graduated with a Master’s of Computer Science in Cryptography, Security, and Privacy from the University of Waterloo. During his thesis under the supervision of Sergey Gorbunov (Founder and CEO of Axelar), he completed extensive research on applied cryptography, privacy, and blockchain Maximal Extractable Value (MEV). He has surveyed the trade-offs of harmful MEV prevention methods and published his thesis and two academic papers (one accepted and one under review) on using identity-based encryption and threshold cryptography to protect user transactions in various blockchain architectures. He also leads the R&D team of the  UWaterloo Blockchain Club, and has previous industry experience in advanced cryptography, specifically Zero-Knowledge Virtual Machines (zkVMs).   

Peyman has published numerous papers on cryptography, which can be viewed here: 

https://scholar.google.com/citations?user=5DeL1bUAAAAJ&hl=en 

James is a seasoned GTM veteran. He recently led Business Development at Eigen Labs, partnering with founders and driving growth for the EigenLayer AVS ecosystem. He previously built GTM functions at Component, a DeFi R&D startup. Before pivoting into web3, James spent 10+ years in tech running enterprise SaaS/data sales and partnerships at startups and large enterprises, including as a founding member of the Partner Development team at Oracle's CX Division. With roots in academic research, James is a published co-author of 11 original papers in neuroscience, anesthesiology, and orthopedics <https://pubmed.ncbi.nlm.nih.gov/?term=james+j+bae>",,mtfgyxc3wlcipmp6a7kc.png (https://v5.airtableusercontent.com/v3/u/50/50/1771855200000/LX0D1UIziPLAthK57zqM-w/7BO2ijOLbQqtmTOObrCgS6p1VBiMFMXpGdAQlF69gf3EgXSD7S6TayTTYtaOcdc82R4HFRO5gSNv1GT_lFwKjzdY9cF4bUfmqadk8KLbPDjvuErNIq1u-cT_UQdzdNK2EcxGnF5dK-17XLzja7m7zQ/jIsUdCe-7Kz2mL1Ol_vMUJ9RvSFtkK6qv2xljYZVoJs)
Chainsatlas,Unknown,Developer Tooling,https://www.chainsatlas.com/,"Integrates ChainsAtlas' Virtualization Unit with Soroban, enabling devs to run Solidity on Soroban natively with no adjustments.",$49240.00,$49240.00,,Chainsatlas,ChainsAtlas/VirtualizationUnit,https://communityfund.stellar.org/dashboard/submissions/rec6i1x0pe4BSySPD,https://communityfund.stellar.org/dashboard/submissions/rec6i1x0pe4BSySPD,SCF #20,SCF #20,"Yes, fully open-source with Github",https://github.com/ChainsAtlas,,,,,,,checked,logo (2).png (https://v5.airtableusercontent.com/v3/u/50/50/1771855200000/LC6TGplD3-6iocQ4XLnigw/UVS6Y8Qxk9Ae1CszZNUm3mbyaBdWSg7eJIR2-Cb30qmTiP-dEUtnoi4HEAITJ3TIU78MC5W1hAl97-7dmeZQzgRcOoFciAAUxiSTrmRqfQeBKc9N6ARpaiH2Kow8eSSJjH6GlwtOqSowbBu8QDLMCQ/rAuHhXhBU2zytoHUL89eOzFOjxz5GyZlWZkpza6bveU)
Expand Network,Unknown,Developer Tooling,https://www.expand.network/,"Expand.network's unified API will help users to efficiently transact, source data, and build in the Stellar ecosystem.",$137000.00,$137000.00,,"Expand Network,Expand Network","Expand Stellar Integration, Expand Phase 2 Integration","https://communityfund.stellar.org/dashboard/submissions/recuWJCnqLfUFlLke, https://communityfund.stellar.org/dashboard/submissions/recCaiDDtiKwH9Dah","https://communityfund.stellar.org/dashboard/submissions/recuWJCnqLfUFlLke, https://communityfund.stellar.org/dashboard/submissions/recCaiDDtiKwH9Dah","SCF #24, SCF #26","SCF #24, SCF #26","Yes, fully open-source with Github",https://github.com/expand-network/sdk-nodejs.git,https://discord.com/invite/UFMK7s5fwC,https://twitter.com/expand_network,https://www.linkedin.com/company/expandnetwork/,,,,checked,1e58aac104a32fb52530925a9d7ddd79.png (https://v5.airtableusercontent.com/v3/u/50/50/1771855200000/rpflHktm7w3lPrJPIL1gHQ/bhrr4O2VyujPT-zv-2UfjOCm9GFI08-jrNjSko51nQNubyuMDZrlkNyFh9s4W8staf_CDYQ0QMco01gitOZgIyGZhNQd4oW1IPjm46CJUXoITeeDHHQO55Te4EoNwm1lWpPNNAcj9Ff9j98-y2q0ytZjoA1LfX5P4ALWeSc-nGs/FJapUDJ2gZhhqJ9tmFX8ZtP0VmX87qWls8Z9LmHbB6M)
EduNode,Mainnet,Education & Community,https://edunode.org/,"At EduNode, our mission is to close the knowledge gap in the rapidly advancing realms of blockchain and Web3 technologies. We are at the forefront of empowering the Stellar and Soroban community, equipping them with essential skills and knowledge to excel in this dynamic and ever-evolving field. In an e-learning market poised to reach a staggering $1 trillion by 2027 – EduNode stands as a pivotal player. Whether you are taking your first steps into the world of blockchain or seeking to enhance your expertise in the Stellar and Soroban ecosystems, EduNode offers a comprehensive and evolving learning experience. Our learning experiences are meticulously crafted to keep pace with the latest industry developments, ensuring that our community of learners and professionals is always ahead of the curve.",$80323.00,$80323.00,,"EduNode,EduNode","EduNode: Meet, learn and build on the Stellar Network, EduNode","https://communityfund.stellar.org/dashboard/submissions/recTuXIwr6ihJov7c, https://communityfund.stellar.org/dashboard/submissions/recxNxDjV3irG2b3s","https://communityfund.stellar.org/dashboard/submissions/recTuXIwr6ihJov7c, https://communityfund.stellar.org/dashboard/submissions/recxNxDjV3irG2b3s","SCF #6, SCF #10","SCF #6, SCF #10","Yes, fully open-source with Github",https://github.com/EduNodeOrg/,,,,,,,checked,image.png (https://v5.airtableusercontent.com/v3/u/50/50/1771855200000/ny_iY8OzNg0_2o__66OJZA/bvvqRM5FHPjsvppiEAg9maTYb-fagx5qApT8AlXJVB8W9ex3YNRlW5Sq77f6L6fzhTwyXdELD9gdSNFU_1uD1_iXr3xnopvpHGRhaVeeghEcWicfsCy72p4WaKl7Ifx0hngxSOM0Ro0MCX8FClOqQw/RDA-79pFdkWgVKIE8rapvjZkfX6_nA8IGr7v4jl_T48)
Haciendo Stellar,Mainnet,Education & Community,https://haciendostellar.com,We are a communication and content platform designed to empower the Stellar community in the Latam and Spanish-speaking region.,$56460.00,$56460.00,,"Haciendo Stellar,Haciendo Stellar",Haciendo Stellar,"https://communityfund.stellar.org/dashboard/submissions/rec9lcpC8qKgb7Tyc, https://communityfund.stellar.org/dashboard/submissions/recp9KDwOeRFfD6Fx","https://communityfund.stellar.org/dashboard/submissions/rec9lcpC8qKgb7Tyc, https://communityfund.stellar.org/dashboard/submissions/recp9KDwOeRFfD6Fx","SCF #13, SCF #19","SCF #13, SCF #19","No, my project does not need to be open-source, now or in the future",,https://discord.gg/3StMXdjGt3,https://twitter.com/haciendostellar,,,,,checked,image.png (https://v5.airtableusercontent.com/v3/u/50/50/1771855200000/CjkFq3FYzbULm3x5FIFK2g/hasd0-P2fAsojm8Ci9WnHqhvdSaFZCM-PW4j7xZAw3LjUaHfuP_OonuMUbUm1PTV9SBnCO2sUpD9JcdfOiinds8UFCgaGRXUuiES38O1puMn7C5gJsc4imo6VQBB8uQsLvNAxOvNqHqw2m5h7hXymw/NEjo7DT0ObtSPodvwSUVDjE_95PjQzsYciS7YIjNV-E)
Stellar Global,Development,Education & Community,https://stellar-global.org/,Stellar Global: Connecting the Human Network,$100000.00,$100000.00,No specific region of operation,Stellar Global,Stellar Global,https://communityfund.stellar.org/dashboard/submissions/reckCItu7Q79QoTBF,https://communityfund.stellar.org/dashboard/submissions/reckCItu7Q79QoTBF,SCF #9,SCF #9,"Yes, fully open-source with Github",,,,,https://discord.gg/q6Sn4pwdXq,,test,,68d8ccf1 (https://v5.airtableusercontent.com/v3/u/50/50/1771855200000/GTudrJKwIQSk22PHCiTMfg/9MsxlgOZcrn2hKkHxICB7IVlwROjQNjqGwXiZGD4Ycyro0OkCmSHcmQsh0M_AqxZ3e_aHC2QX84uLVp8gyJYQ3UE9KQK86l8VhAmIBCgYv-QbGyOqDWLyGGGmDk-MFyVMcusK5cAMto-dMon4VOy3w/RxbkS3NWDU02nJf8gzrKKDWgsSu4lRxGP3vvbTIi9NU)
StellarStrides,Abandoned,Education & Community,https://stellarstrides.xyz,Simplifying the complexities of branding and marketing in the blockchain realm to empower projects within the Stellar ecosystem,$14500.00,$14500.00,,StellarStrides,StellarStrides,https://communityfund.stellar.org/dashboard/submissions/recSjtVmMF6aLUoTp,https://communityfund.stellar.org/dashboard/submissions/recSjtVmMF6aLUoTp,SCF #22,SCF #22,,,,,,,,,checked,stellarstrides.png (https://v5.airtableusercontent.com/v3/u/50/50/1771855200000/337wR8nCIVKWzrPt_U2o6A/z9qFMijO6NsEh1nI88VqxncA2g4MvLnuzHP1nHSRAk-xwPHsKRFkwgibc66sp6HbEFVzWoSlXGGiFsh0U4p57ZO3Cta2I9Ac9hNtclWoDgySKodB1SQt3CELT7pAT7tojrcvR0s4DnHCzXwk0vvv6w/gyUPG--HTotCRdFaqbIBe9WM_53UoynwBFM4gzhIPl8)
Soroban Learn,Abandoned,Education & Community,https://sorobanlearn.com/,Bringing developers from zero to hero in their Soroban smart contract development journey.,$152000.00,$152000.00,,"Soroban Learn,Soroban Learn,Soroban Learn","Soroban Learn, SorobanLearn","https://communityfund.stellar.org/dashboard/submissions/recQJLUR6hmcS5vqh, https://communityfund.stellar.org/dashboard/submissions/recovwoOp8xxFpkfq, https://communityfund.stellar.org/dashboard/submissions/recYWCrhSDvEopByV","https://communityfund.stellar.org/dashboard/submissions/recQJLUR6hmcS5vqh, https://communityfund.stellar.org/dashboard/submissions/recovwoOp8xxFpkfq, https://communityfund.stellar.org/dashboard/submissions/recYWCrhSDvEopByV","SCF #14, SCF #16, SCF #21","SCF #14, SCF #16, SCF #21","Yes, fully open-source with Github",https://github.com/Soroban-Learn/soroban-learn,,,,,,,checked,image.png (https://v5.airtableusercontent.com/v3/u/50/50/1771855200000/BCPZxg1eQXpdMQAjofMZ1w/hB4amOZajZvaervUe_uafyotmz_M2cmmfIx2zeCT2-TYYNGze5gbGuaLDrfn5eca5NPSwgKKhfxX7uFKe8Cqz-F3-qugXxikmyQCg5uMQvoeWApZJXhm4u9eL6C1VRbslcso3zOEzzBxgJcVsSvC3Q/_b-B2aEA92n2raaxDXowoWRGrLJoQRCGA2iXoAxsUV8)
Tellus Cooperative,Abandoned,Education & Community,https://telluscoop.com,"We are designing the future of sustainable finance in LATAM with open source software, educational materials, and solutions for everyday people.",$114732.96,$114732.96,,"Tellus Cooperative,Tellus Cooperative",Tellus Cooperative,"https://communityfund.stellar.org/dashboard/submissions/recNO4RNaF9ack4Kq, https://communityfund.stellar.org/dashboard/submissions/recxS5yNLj2xXzQiO","https://communityfund.stellar.org/dashboard/submissions/recNO4RNaF9ack4Kq, https://communityfund.stellar.org/dashboard/submissions/recxS5yNLj2xXzQiO","SCF #8, SCF #13, SCF Public Goods - Q4 '25","SCF #8, SCF #13","Yes, fully open-source with Github",https://github.com/Tellus-Cooperative,https://discord.gg/ysuxyKJ34c,@telluscoop,Tellus Cooperative,,,,,Slide 16_9 - 1.png (https://v5.airtableusercontent.com/v3/u/50/50/1771855200000/_uv9kx-nAOOz2l_Bac9ooQ/KoDQtsFI0rfQX15oCdjewWv4nrTqYfHdXg4Cy6uKWwcTyPuut8HJSc60Rt84GhJHCagJpxgQJy2rmXnW017NA15wj6YRuXQYuajT5S5DPgeWBtyGXBp95hQvTHFZmGEGtMwjMQnCF0XPR9DeQmrw5g/T1_SenQEsgqKmBF3CQOHEEd0inzeixzW6jWgelIXep0)
Scam Flagging System,Abandoned,Education & Community,https://docs.google.com/spreadsheets/d/1JCkWZ3X1h6kJKM6ZCZThDshK_whhNiTyGTV8R24Anho/edit?usp=sharing,,$10000.00,$10000.00,,Scam Flagging System,Scam Flagging System,https://communityfund.stellar.org/dashboard/submissions/recJj84gbiQVNojVa,https://communityfund.stellar.org/dashboard/submissions/recJj84gbiQVNojVa,SCF #11,SCF #11,"No, I don’t have a public Github",,,,,,,,,
OnBoarding Club,Abandoned,Education & Community,https://onboarding.club,"Onboarding builders across emerging ecosystems with a unified platform for resources, bounties, hackathons, jobs, grants and more.",$121000.00,$121000.00,,"OnBoarding Club,OnBoarding Club",Onboarding.club,"https://communityfund.stellar.org/dashboard/submissions/reclZen7CJQgQeWDH, https://communityfund.stellar.org/dashboard/submissions/recxmriAgwEaO7GwF","https://communityfund.stellar.org/dashboard/submissions/reclZen7CJQgQeWDH, https://communityfund.stellar.org/dashboard/submissions/recxmriAgwEaO7GwF","SCF #20, SCF #21, SCF #26","SCF #21, SCF #26","Yes, fully open-source with Github",https://github.com/rishabhkeshan,,,,,,,checked,onboarding.club overview.jpg (https://v5.airtableusercontent.com/v3/u/50/50/1771855200000/JEio6F7JKO5pHL8xNNip8A/Prk-U837c5NMXfkQeEGpZyZ9ag9cFCeuY5quIs9VcFJZaDKow0oGG3P-4oBLUIY48gKCYv18B8ai6vBLzhqV41PxwDf7ZaP1hHjfJ5iXpaWmGsNr6qOtEAQESPaYKdHUGvT75mjOvTEyDkSa8PwhgkoTTD5vlpbr_ortqmLStRM/C9Yw31gs8d6Het0n00F9YAhCk53ypqQS-8qr_WifQ8Y)
Dapp World,Abandoned,Education & Community,https://dapp-world.com,Comprehensive learning track on Stellar to help developers onboard and build cutting-edge dapps on Stellar.,$14000.00,$14000.00,,Dapp World,Comprehensive Stellar Track,https://communityfund.stellar.org/dashboard/submissions/rec5XtNfCR7Fg86mE,https://communityfund.stellar.org/dashboard/submissions/rec5XtNfCR7Fg86mE,SCF #27,SCF #27,,,,,,,,,checked,1080 (https://v5.airtableusercontent.com/v3/u/50/50/1771855200000/tVD8T0Kc55oVkK3f4xFPZg/kmVw7WLAYJiI61DT24EfDIhf12FZBrEUq44jR36ly4pTEMVAB5oel8vmke3Z5jzMEuXLm_tJ3XV1OKoIx8MZkkJ_xmgXv0FoT8Qvw71v0rX97MlchaaoCq8boqnwoizr8GhApR8htOKfzofAs4FqBA/2Mj0QDvmQHyTqC7QkUf_656OYEfrFw3npgFNAKh39lI)
The Starship Soroban,Abandoned,Education & Community,,A bilingual (Turkish and English) gamified platform to teach Soroban smart contracts through interactive modules and quizzes.,$10000.00,$10000.00,,The Starship Soroban,The Starship Soroban,https://communityfund.stellar.org/dashboard/submissions/rec2ZXjpkY4lCdRpV,https://communityfund.stellar.org/dashboard/submissions/rec2ZXjpkY4lCdRpV,SCF #29,SCF #29,,,,,,,,,checked,1080 (https://v5.airtableusercontent.com/v3/u/50/50/1771855200000/pyzlV0IlpkSkP4aDo9VsVw/RVtIBLDvZI0_eb924d4TG6W06m0T05xY_Jywbc99FKztvkA4MwcEsEEk3tZ_ib1Nth07WbbwT4K6DwZq2bx-KiBsUMVHsSeGnyC_DZPrpAOeCcaT8utHW4NwHu3tQ94DqjoCCvO9wA2nyBMACxTD-Q/y7DIBDCTmBzRGV2pB9EWa1_KeOyQvUA7Zm9og0oSO6k)
West African Ambassadors (WAA),Completed,Education & Community,discord.gg/stellardev,"The WAA Program empowers builders to tackle regional issues through blockchain, focusing on education, collaboration, and adoption",$47500.00,$47500.00,,West African Ambassadors (WAA),West African Ambassadors (WAA),https://communityfund.stellar.org/dashboard/submissions/rec76AToqXxNpKzvV,https://communityfund.stellar.org/dashboard/submissions/rec76AToqXxNpKzvV,SCF #29,SCF #29,,,,,,,,,,Screenshot 2024-08-12 at 12.50.08 PM.png (https://v5.airtableusercontent.com/v3/u/50/50/1771855200000/tBN00-Ta42DtoBlEGUjAcA/PEpLbSREfggzkawGY84IVlz9k0Hu2WA2z3Y4nFr3WRzoCJoBecFAI1-fyzFurTQfwpYWJ6ImxJtnk6wUCkolXS55IvXmsH1tJ_E1XsxQa2W9K410_uFlUTot9mwvMoX_jqEnffunjk_9waKzUCmVM-su5249w0t2x_xcH27bGllRXY8PzrLMLuimI4OSY1gz/LFkZ84z__EzLPGKGJ08FaNih1P5wSXbHss249R2iyig)
Study @stellar-sdk & Soroban,Completed,Education & Community,https://discord.gg/web3dev,6 Stellar SDK &amp; Soroban Study Group sessions to teach Spanish-speaking students,$15000.00,$15000.00,,Study @stellar-sdk & Soroban,Study @stellar-sdk & Soroban,https://communityfund.stellar.org/dashboard/submissions/recuzSoiOe8Bm6FIV,https://communityfund.stellar.org/dashboard/submissions/recuzSoiOe8Bm6FIV,SCF #27,SCF #27,,,,,,,,,checked,1080 (https://v5.airtableusercontent.com/v3/u/50/50/1771855200000/TYr7t2otHqTQDMa0WdDUlw/OmG9Qv61f1H91nA7JGWPXQMzR4Oqo6MrkxmYregKZSa_UZsdN4WoK75VD2XngiS1B00S8aIgqe7qXKyESlVWuc2iu6vFAQurbMsSXDIS4bBSPotwoAgWhLu_8YQ16nZ3ACIgKdFMMvLrpQNr4s0esw/br7PLXlyqt4y4SQozYBDTZhjcHcvOi45huF1fEf-DiI)
Rise In,Completed,Education & Community,https://risein.com,"Rise In specialize in curating &amp; delivering high impact developer education courses, blending online learning with IRL workshops.",$200000.00,$200000.00,,"Rise In,Rise In,Rise In","Rise In - Developer Education, Rise In - Developer Growth, Soroban India & Turkey_Cont.","https://communityfund.stellar.org/dashboard/submissions/recUFeDBhzepKJ0JI, https://communityfund.stellar.org/dashboard/submissions/rec5xQJ2j8188Qcj9, https://communityfund.stellar.org/dashboard/submissions/rec9KR280sa7GUduW","https://communityfund.stellar.org/dashboard/submissions/recUFeDBhzepKJ0JI, https://communityfund.stellar.org/dashboard/submissions/rec5xQJ2j8188Qcj9, https://communityfund.stellar.org/dashboard/submissions/rec9KR280sa7GUduW","SCF #27, SCF #23, SCF #28","SCF #27, SCF #23, SCF #28",,,https://discord.com/invite/RQcmHrTJGc,https://x.com/riseinweb3,https://www.linkedin.com/school/risein/,,,,checked,Screen Shot 2024-01-25 at 4.37.59 PM.png (https://v5.airtableusercontent.com/v3/u/50/50/1771855200000/Se7Oc9XerETeS8W-vdRdPA/l1Lo54LfzygISTfDvFMzBaNo3B28rx3XImGg9KQaNRsDxAiFy1ST2-B2XGEtsETeH1dwH4JlzWFt2GYL8GkOBmN9iHUMJ02cyTdTXQEoB7noBoUd8jyl0F5iSfGk6NMEdr8ueluUeZU7SSvXH4TdVsQQqOKId24T0aotv6SDowY/xs--eCdZ0Tmvw4gT9Z_exX_R-jlneBaxF2JZVYVwf4Q)
Stellar Surge,Completed,Education & Community,https://www.dfslab.net,Stellar Surge seeks to build a community of engaged African engineers and startups innovating on Stellar and Soroban. ,$50000.00,$50000.00,,Stellar Surge,Stellar Surge,https://communityfund.stellar.org/dashboard/submissions/recc3FaUY1QXUGaEx,https://communityfund.stellar.org/dashboard/submissions/recc3FaUY1QXUGaEx,SCF #24,SCF #24,"No, I don’t have a public Github",,,https://twitter.com/TheDFSLab,https://www.linkedin.com/company/dfslab,,,,checked,Screenshot 2024-03-15 at 4.01.47 PM.png (https://v5.airtableusercontent.com/v3/u/50/50/1771855200000/cLyfEuAdbWyxXVRF_j7PvA/fU-ZhtqFHjyemEjx_ulelHQQ2Ezv2Sy4_W-l42p1zw06fehaxCkFblFT2dO5uOehg4-NsS8307102IDP_DlpnTGPPoGzR2d8nz5RVTRGVnMk56zuV9Zb-uS7cfqmSIn2FlxhZpbyNz-0hOgWS63wdS61eVBqEWNLwKOHm9cR_0w/6CtNwErXxM35-asg6kefOmB9bI5RHELap1-wL1NtGaU)
Stellar Women Bootcamp,Completed,Education & Community,https://hiwomenbiz.com/women-in-web-3-bootcamp,"A 4-week, gamified educational program designed to onboard Latin women into the DeFi basics, with a focus on Stellar ecosystem.",$14400.00,$14400.00,,Stellar Women Bootcamp,Stellar Women Bootcamp,https://communityfund.stellar.org/dashboard/submissions/reccvCDAiuwbDwy4n,https://communityfund.stellar.org/dashboard/submissions/reccvCDAiuwbDwy4n,SCF #29,SCF #29,"Partly, I do have a public Github",https://github.com/womenbiz,,,,,,,checked,1080 (https://v5.airtableusercontent.com/v3/u/50/50/1771855200000/eWONExny-NdRNXmxic4bfA/lZWkiG4s7aCDQK5_3rSlonEI-C_2HFjCIrVFqNrnnDGkNWmBSZI7jBMeqdn3pnBHmBGr_-SC2E0d7RzJcxZpBRuOGJQgzK3si855Oc3vIQwXKLv3j4zaLTbGdYiCnap7YMTfvMN5wrRTONYu5sgM2A/6j0viD4ntoC5wixH7D4RZPbkkRNerqofUuXtbQqVpbo)
BAF: Summer of Stellar,Completed,Education & Community,blockchainacceleration.org,"Workshops, content, and tutorials, culminating in a Builders Retreat and demo day in the heart of the Bay Area.",$37500.00,$37500.00,,BAF: Summer of Stellar,BAF: Summer of Stellar,https://communityfund.stellar.org/dashboard/submissions/recMMWmxb6Qfg3Lbx,https://communityfund.stellar.org/dashboard/submissions/recMMWmxb6Qfg3Lbx,SCF #28,SCF #28,,,,https://twitter.com/TheBAFNetwork,https://www.linkedin.com/company/thebafnetwork/,,,,checked,894781375645e9a332b066bed77aaf39.jpeg (https://v5.airtableusercontent.com/v3/u/50/50/1771855200000/Q-88U5vrtgln5XDSwgI6KQ/nm9Pe09UI_B8Bt7AsRch-pTg5KFizdl2nWmTk-shEHiYkXJMxV6wLeCxdHA1UB2ha4bOCMXzklCagnceRyck9X6qACWltdntfOaTtqVU36Pvm1yj0vXLdmB2QMVk_rnFz99EoMaAgQHj1PHP2mMz6BI-tOMAUpQPwS_nJ81JapDI7e6l-E86NpSmbiM7HF7u/3w_RwkJ7vVpMAsAMoX0J0AwTOzTDmo7X3ZhPkEijm44)
Social & Podcast,Completed,Education & Community,https://www.youtube.com/@RobertoSanzCriptomonedas,"Educational content for a Spanish-speaking YouTube channel (26.5k+ subs), Spotify Podcast, newsletter and other socials.",$39000.00,$39000.00,,"Social & Podcast,Social & Podcast","Social & Podcast, Roberto Sanz: Podcast & Social","https://communityfund.stellar.org/dashboard/submissions/recRueDK3kkKGOg59, https://communityfund.stellar.org/dashboard/submissions/rec2ZLmAvtJlNAmo2","https://communityfund.stellar.org/dashboard/submissions/recRueDK3kkKGOg59, https://communityfund.stellar.org/dashboard/submissions/rec2ZLmAvtJlNAmo2","SCF #22, SCF #24","SCF #22, SCF #24",,,,https://twitter.com/CriptoRoberto,,,,,checked,photo_2023-12-03_21-46-56.jpg (https://v5.airtableusercontent.com/v3/u/50/50/1771855200000/ueOZzLoKxSsFzmNg9P3WAw/M4kN9PoswHWUk34Vb7BjqPiDgdDSA7sdAAgxjIEOddcR63RUG00K9APGszA83AjbO0cJ3GJrs1qJB4VY4gnyNWfWmV2aUq9QhWDh8xri9f_E3m3gOnTt4hRQ0k4s41kbUMrE2n8n_n-z_HdX2wKjxS_-q3q2BAgaTh7sMl5kl_s/DEm2lnpiiaPdCYa4ipasuGNJGUWuA8S71s1ay_Mu6o4)
EasyA,Completed,Education & Community,http://easya.io,EasyA creates a Soroban crash course and gets devs from its huge network of 750K+ engineers building on Soroban via its app.,$231800.00,$231800.00,,"EasyA,EasyA","#SummerOfSoroban, EasyA - #60DaysOfSoroban","https://communityfund.stellar.org/dashboard/submissions/recOiKOyCVxtjSbaG, https://communityfund.stellar.org/dashboard/submissions/recTQdI9l50TRAYin, https://communityfund.stellar.org/dashboard/submissions/recKCfHj5pqVDcAMF","https://communityfund.stellar.org/dashboard/submissions/recOiKOyCVxtjSbaG, https://communityfund.stellar.org/dashboard/submissions/recTQdI9l50TRAYin","SCF #17, SCF #23, SCF #30","SCF #17, SCF #23",,,,https://twitter.com/EasyA_App,https://www.linkedin.com/company/30108824/,,,,checked,unnamed-4.png (https://v5.airtableusercontent.com/v3/u/50/50/1771855200000/GhYsKt_Y3IYD4hU1J7vHtA/OatV2ooB87XZCfwXvzmslPeAS_DA35v42S1dPtuTZAapHTzb5wVD6cDJztXHqMxarDLILYUzuQJ_xX0HMK_sQ9YiJI8UctVwDVKTlLF0gCcUTP5VEIUMda4g3aVlAiZ5e5IFfUjUFNZLS8Q-KMyDiQ/wRzqc20y-gUgJNqCZgr8up3d5ofrhX144cLnDeQ5wS4)
Soroban and Stellar Content,Completed,Education & Community,https://beacons.ai/noticiastrading,"Educational video content about Soroban and Stellar for over 160.000 followers. Cross border payments, CBDCs and smart contracts.",$10000.00,$10000.00,,Soroban and Stellar Content,Soroban and Stellar Content,https://communityfund.stellar.org/dashboard/submissions/recGYi64cLQpzppJU,https://communityfund.stellar.org/dashboard/submissions/recGYi64cLQpzppJU,SCF #25,SCF #25,,,,https://twitter.com/noticiastrading,,,,,checked,a1f03ce78962972b82f6265761516cc2.png (https://v5.airtableusercontent.com/v3/u/50/50/1771855200000/l8c83oo8M2VWQzJkDjO2KA/4zGqtLwTtYQesOWrDzzloRH8UMNmAZqTXRxruMTY-x8W-hw9rcOpA7P2_uGQ8p4UEqB4c3LcT2XEthMzBYhE_L8tG6MavTO47FGn2eP3OusTiM0oPk82GFLjPEIJlVnzWP-SLdZwH_zNvacp68_t1T5MiMQFip2Q-EKW2SWNpwjtMy8-KFxuSaD91vnobl_H/h1wkHwJpXy6FG1AJ-2mESbArZRbMCnC93sJHd6UAIC8)
NearX - Dev Educational Program,Completed,Education & Community,https://nearx.com.br,Comprehensive educational program for web2 developers to master Stellar & Soroban coding.,$79990.00,$79990.00,,"NearX - Dev Educational Program,NearX - Dev Educational Program","Dev Educational Program, Soroban Samba - Educational","https://communityfund.stellar.org/dashboard/submissions/rec0XaDF02evmi06n, https://communityfund.stellar.org/dashboard/submissions/recgSPiti9D1KPRG3","https://communityfund.stellar.org/dashboard/submissions/rec0XaDF02evmi06n, https://communityfund.stellar.org/dashboard/submissions/recgSPiti9D1KPRG3","SCF #25, SCF #29","SCF #25, SCF #29",,,https://discord.gg/nearx,https://twitter.com/nearxschool,,,,,checked,Screenshot 2024-04-17 at 4.36.26 PM.png (https://v5.airtableusercontent.com/v3/u/50/50/1771855200000/abj06lwRZVn1M6U_VHP3ng/uaaZm1uxgaxkYs50jXjmq0idBwj7R_fcXJbNNzJe7gQpaLvd8UJg42dOXEO3MQPq0JOpeh-iK2QVvgP9HArQ57lbNT0ga5fOLnbYJUEcXKyZ6VOyb2OZnfN5zyTruUCODiBn_7sCHmFeYwdElySLhw2ddBVwMsd95VnFrZjEIvACFk8VWSI0KrhrzPSPeED-/1UznVqCgwSNZn5sLrYCUB5OSnOzeYqRnef0Nmc0N4WA)
Cryptoconexión,Completed,Education & Community,https://cryptoconexion.com/stellar-edu/,A structured educational program in Spanish and Portuguese to engage developers interested in Stellar and Soroban.,$15000.00,$15000.00,Latin America & Caribbean,Cryptoconexión,StellarEdu by Cryptoconexión,https://communityfund.stellar.org/dashboard/submissions/recXsnxgpZH5CqxAF,https://communityfund.stellar.org/dashboard/submissions/recXsnxgpZH5CqxAF,SCF #25,SCF #25,"Partly, I do have a public Github",https://github.com/cryptoconexion,,https://x.com/cryptoconexion,https://www.linkedin.com/company/cryptoconexion/posts/?feedView=all,https://cryptoconexion.com/stellar-edu/,,"Mónica Talán: Founder

With over 20 years of experience leading communications in various companies, entered the crypto world in 2020, both as a participant and a student. In 2021 she launched CryptoConexion, with a mission to create easy to access content in Spanish to help anyone - regardless of where they are in their journey - participate in the Web3 ecosystem Since then, they have obtained certificates from the Massachusetts Institute of Technology [MIT] in blockchain and cryptocurrencies, and have been certified as a crypto trader by the Blockchain Council.

https://www.linkedin.com/in/monicatalan/

Ana López: Education lead

Computer Engineer with extensive experience in education, including EdTech. She is part of the founding team at CryptoConexion, building the project’s education approach and model, creating various courses, more than 100 tutorials and working to build CryptoConexion's Academy. She has worked at some of the largest internet companies, including UUnet or Verizon, leading teams and overseeing some of their training programs.

https://www.linkedin.com/in/analopezeiranova/",checked,7b98bdec (https://v5.airtableusercontent.com/v3/u/50/50/1771855200000/QrVawlR-UUi2Ezlh2tdDuA/79-DZ4UU6xTCAUZUr1II9KHvliXMABQFoZ-tbXtkZ_YJiuKLIBBDeZUsSUnQ-CqmBW8l9s5SVJpukzlUik2TmGsVUzl4YYbVeLO0Jm2CO51pc39kyEDH7ZyicZudrXWz7kCOgTyrF7cMmJTs_ysb5Q/UN8EevzSRl93FELu8YecoC_nwl-dCPy2VOZR6N392p0)
Encode Club,Completed,Education & Community,https://www.encode.club,A four week education series to bring Encode's developers and beyond into the Stellar and Soroban ecosystem.,$14999.00,$14999.00,,Encode Club,Encode Soroban/Stellar Educae,https://communityfund.stellar.org/dashboard/submissions/reckoIk9ZoZ7UbElb,https://communityfund.stellar.org/dashboard/submissions/reckoIk9ZoZ7UbElb,SCF #22,SCF #22,,,,https://twitter.com/encodeclub,,,,,checked,Screen Shot 2024-01-04 at 11.06.29 AM.png (https://v5.airtableusercontent.com/v3/u/50/50/1771855200000/4zzGCuddEAgh6AUyniuv5A/SWs_b4yJGeVUeiMTgCu5qeyZ5j3LLVARyu4And2zdS8_m2PpH1pFA-_Ag-PlWuURPzOTdgmoPCg1091qKbJbDpxWD2dsR2HvFNfnfEApLCUrbYKbAUmFmFyWLN9rdVEeT9hqVso01gwdZZWSGFC3yWNSZr6RjVCmCImQMSrBeAI/OCRUexbX4XqdqAs6az-RbQ_KM5nfFa6RIoX2hwLxB9g)
BiGGER - Startup Camp 2.0,Completed,Education & Community,https://www.biggertech.co/,Relaunching the Stellar Startup Camp to make it self-serve and replicable globally.,$150000.00,$150000.00,,"BiGGER - Startup Camp 2.0,BiGGER - Startup Camp 2.0","Startup Camp 2.0, Startup Camp 2.0 - Round 2 & 3","https://communityfund.stellar.org/dashboard/submissions/recLcRUIYogQT6DHs, https://communityfund.stellar.org/dashboard/submissions/recGWdH8UVAhNcaxx","https://communityfund.stellar.org/dashboard/submissions/recLcRUIYogQT6DHs, https://communityfund.stellar.org/dashboard/submissions/recGWdH8UVAhNcaxx","SCF #23, SCF #28","SCF #23, SCF #28",,,,,,,,,checked,startup_camp.png (https://v5.airtableusercontent.com/v3/u/50/50/1771855200000/igruQz0t1HLeqKFZakxRDw/O1lpxhL95fNHx9GSNi-2kv57VKmWtFv5yLKlKy9P_47y2UXQgj73_KZhGqK_WB9as24xaDzFQgqjQ9s9epFEiHCa2IiE9U1awU4pR-pXp-19FTuZs0K4ulE7tWkPn3tf60YFN-lpxwDXbFpAH1ePNQ/4VMT_iHa6I_S7IumCOpl4pCSqN3C0DJMNJZISwqp618)
Mykobo,Mainnet,Financial Protocols,https://mykobo.co/,"EURC Soroban offers a collateral-backed EUR Stablecoin with ramps, pools & swaps to projects building on Soroban & new to Stellar",$269896.00,$269896.00,,"Mykobo,Mykobo,Mykobo,Mykobo","EURC Soroban, Circle EURC Ramps, EURC Cross Border Payments, Stablecoin funded virtual card","https://communityfund.stellar.org/dashboard/submissions/recwvs3ECinXmR2dF, https://communityfund.stellar.org/dashboard/submissions/recC3UjMDACs8QAc5, https://communityfund.stellar.org/dashboard/submissions/recOzgAzEdNvCHOXN, https://communityfund.stellar.org/dashboard/submissions/rec3sQ468s3T2l5yD","https://communityfund.stellar.org/dashboard/submissions/recwvs3ECinXmR2dF, https://communityfund.stellar.org/dashboard/submissions/recC3UjMDACs8QAc5, https://communityfund.stellar.org/dashboard/submissions/recOzgAzEdNvCHOXN, https://communityfund.stellar.org/dashboard/submissions/rec3sQ468s3T2l5yD","SCF #16, SCF #23, SCF #24, SCF #26","SCF #16, SCF #23, SCF #24, SCF #26","No, my project does not need to be open-source, now or in the future",,https://discord.gg/6ByPsKGFWR,https://twitter.com/myk0b0,https://www.linkedin.com/company/myk0b0,,,,checked,image.png (https://v5.airtableusercontent.com/v3/u/50/50/1771855200000/Rqex9U1seXfYhMLx20fN3A/wPZUZtGsfyRyKVE9LFOX7xoG-3G0XiMx14F_mi5jQ2wEm-QfeimKNQwKcV5gB5gVRhpsMJTcBhpHoBh4pEZrB0cA8i2WopZ7-gCHBlFAdyGMYtf_gG16jwzC_ms4Kbe4ID7YSnEsiC9Lc-AkOY8qtQ/UbEG_vJ0cHYQmHMXit6LoMF65PtKs56uHLW7n8XcdP0)
Slender,Mainnet,Financial Protocols,https://www.slender.fi/,A money market for the Soroban ecosystem,$296750.00,$296750.00,,"Slender,Slender","Slender, Slender Lending protocol","https://communityfund.stellar.org/dashboard/submissions/recPZV9KigYc4et2I, https://communityfund.stellar.org/dashboard/submissions/recg1FCAdn5g38z6k, https://communityfund.stellar.org/dashboard/submissions/recRurHO7V9QZxJjW","https://communityfund.stellar.org/dashboard/submissions/recPZV9KigYc4et2I, https://communityfund.stellar.org/dashboard/submissions/recg1FCAdn5g38z6k, https://communityfund.stellar.org/dashboard/submissions/recRurHO7V9QZxJjW","SCF #17, SCF #19, SCF #21, Liquidity Award - '24 Q1","SCF #17, SCF #21, Liquidity Award - '24 Q1","Yes, fully open-source with Github",https://github.com/eq-lab/slender,,https://x.com/Slender_fi,,,https://www.certora.com/reports/slender,,checked,64e8c7fa3654bac64ce53dcc_SlenderKV.png (https://v5.airtableusercontent.com/v3/u/50/50/1771855200000/pURPFhq_q9iK-OHmn4WWhg/644aSmu0DRwU_HzY0OFnju6-vchE69jPz0JlpPw-aPcEhJvfhOWwe3d85A2mi_vHcPIv9O3vzgRFeiCMEqCf01Js4OX6fjX7E-hhtcNqsY8ldkxB5X_Xqevc743AcNnHcS57XwD7YzfqkFOudeFTfmska5hQHnRh68rUPC96253EjyD5w8-BgH9XWk_AYb6Q/uLSToCgDGdCj0zEbD43dRZAenbc7yU0WakDj0S2Srt4)
Pelago (Airswift),Mainnet,Financial Protocols,https://pelagotech.com/,"Airswift’s Supply Chain Financing Platform unlocks new lending channels in supply chains via Stellar's new smart contract platform --- Soroban. The solution helps buyers optimize their working capital and provide SMEs with the funds they need prior to payment from the buyer, regardless of whether they have a direct relationship with the buyer.    The platform leverages credit from large buyers through tokenizing their account receivables on Stellar and fractionalizing them into smaller ones representing amounts owed to individual suppliers. Consequently, associated suppliers can obtain factoring services for a given account receivable, based on which they can secure advanced stablecoin loans equal to what will be owed them by the buyer. This process enables up to 10 suppliers associated with an account receivable to obtain credit lines so they can secure working capital. ",$150000.00,$150000.00,,Pelago (Airswift),Airswift Supply Chain Finance Platform,https://communityfund.stellar.org/dashboard/submissions/recX7oeV1IsHlgDy5,https://communityfund.stellar.org/dashboard/submissions/recX7oeV1IsHlgDy5,SCF #16,SCF #16,"No, my project does not need to be open-source, now or in the future",https://github.com/Airswiftio/SCF,,https://twitter.com/AirswiftTech,https://www.linkedin.com/company/airswiftfintech/,,https://blog.quarkslab.com/airswift-scf-stellar.html,,checked,image.png (https://v5.airtableusercontent.com/v3/u/50/50/1771855200000/-hhaXMIkL2ntHIHpX2ItdQ/kr5PNJ5Hu7PMP-hMTZTlatYfKQYlR_KVSyfsFn3tAgd55gLSFRpLG-Tw9bzh7oJktQWPN27mSIdqo5I9l2ZfQRjMSJ0MWjzQ_i5LVz7IEBwREM_AjljtZX2UWGKLkie-3_YrjH3hdFbNrTBqf8pLpw/cZ1W2g-5Y527iWW-9BgPZ-nqJe8p2PXFmRFmCqYXalk)
DeFindex: DeFi Made Easy,Mainnet,Financial Protocols,https://www.defindex.io/,"​DeFindex helps wallet providers to offer savings accounts to their users easily, through a diversified DeFi portfolio. Also, It allows advanced users to manage complex and diverse DeFi Strategies.",$150000.00,$150000.00,No specific region of operation,"DeFindex: DeFi Made Easy,DeFindex: DeFi Made Easy","DeFindex: DeFi Made Easy,  DeFindex: Mainnet, Metrics & Keepers","https://communityfund.stellar.org/dashboard/submissions/recCmEL04rTflMaSX, https://communityfund.stellar.org/dashboard/submissions/reci3pJoBT0YYPpSF","https://communityfund.stellar.org/dashboard/submissions/recCmEL04rTflMaSX, https://communityfund.stellar.org/dashboard/submissions/reci3pJoBT0YYPpSF","SCF #28, SCF #32","SCF #28, SCF #32","Yes, fully open-source with Github",https://github.com/paltalabs/defindex,,https://x.com/defindex_,,https://www.defindex.io/,https://file.notion.so/f/f/97ab6450-64d1-4350-a5cf-a0c0c607f5c4/694c98bf-e169-403e-82a5-9778881fba2d/soroswap_defindex_audit_final.pdf?table=block&id=20684d4e-4146-805d-af67-c3f9c1e68f61&spaceId=97ab6450-64d1-4350-a5cf-a0c0c607f5c4&expirationTimestamp=1771041491391&signature=Ds4q3bNZamI1qakmLIAw080rSLxIw3t2rFAZVhQIX-0&downloadName=soroswap_defindex_audit_final.pdf,"Hello! We are PaltaLabs, a team of founders and Blockchain developers, specialized on Stellar and Soroban. We are 100% focused on building DeFi on Stellar!  
We are Engineers, Economists, Fullstack devs and communicators making DeFi Easier!",checked,richt9ida2axxwz24c10.jpg (https://v5.airtableusercontent.com/v3/u/50/50/1771855200000/piPejKdR8R6x1gb0cSv2dA/71grEx4G0aH3FFwMPevpadkgI4mY8PiiQMZcqgPWEtvpxyhoDKIj0EbzuXsghuBRvJOyIjGt_I6bc9jQuDlAyLvVBdxfaRa6MKoak9WghUUM7Wc_dipfWoPgC69fTjgLNUfAfW296yiN1p15nJIYgw/KXZfcYtuigHojpSHyurNJJ4Z1criHvJ981gNE38wisA)
Raum Network,Mainnet,Financial Protocols,https://dex.raum.network,RaumFi DEXempowers seamless token swap through an AMM while offering insights and metrics via uniquely designed dashboard.,$50000.00,$50000.00,No specific region of operation,Raum Network,RaumFi DEX by Raum Network,https://communityfund.stellar.org/dashboard/submissions/recE9g5g3dHHxuMjq,https://communityfund.stellar.org/dashboard/submissions/recE9g5g3dHHxuMjq,SCF #27,SCF #27,"Partly, I do have a public Github",https://github.com/Raum-Network/raum-raumfi-core-v1,,https://x.com/RaumFi,,https://raum.network,,-,checked,097b17ec (https://v5.airtableusercontent.com/v3/u/50/50/1771855200000/VoH70Na_xnhUyv3dK2LvwQ/pnLUG2CzWi6JkvVQBkt7ZWN4QOLHZk9J9yHEVcoJ-yBR6LYCbfdw8R7rxOn9omNotazDbaIxMN-s0s_4ubzFLJcyD0tmsLZBcczblsEE63d8Di1ogV34P2DfH7_vAiSj8kdHUk4KnG9zJ17nKhBAYg/6sc-gP1SiyO2UtXryX6ixh6C1JINY6wMHMB_yQkbb6k)
Aquarius,Mainnet,Financial Protocols,https://aqua.network,"Aquarius yield assets: bridging Stellar and Ethereum with Soroban, to offer secure, and decentralized yield opportunities.",$391000.00,$291000.00,,"Aquarius,Aquarius,Aquarius","Soroban & Aquarius, Aquarius AMM Launch on Soroban, Aquarius Soroban Yield Bridge, Aquarius","https://communityfund.stellar.org/dashboard/submissions/recRUJxeF1PdlM6aV, https://communityfund.stellar.org/dashboard/submissions/recmDHN0X0EQoxVWw, https://communityfund.stellar.org/dashboard/submissions/recn8gHxphN9KtVXj, https://communityfund.stellar.org/dashboard/submissions/recD9A3RwB0g9mlkF","https://communityfund.stellar.org/dashboard/submissions/recRUJxeF1PdlM6aV, https://communityfund.stellar.org/dashboard/submissions/recmDHN0X0EQoxVWw, https://communityfund.stellar.org/dashboard/submissions/recn8gHxphN9KtVXj","SCF #17, SCF #23, SCF #27, SCF #30, Liquidity Award - '24 Q1","SCF #17, SCF #23, SCF #27, Liquidity Award - '24 Q1","Yes, fully open-source with Github",https://github.com/AquaToken,https://discord.gg/sgzFscHp4C,https://twitter.com/aqua_token,,https://defillama.com/protocol/aquarius-stellar,https://www.certora.com/reports/aquarius-amm-security,,checked,Rewards.png (https://v5.airtableusercontent.com/v3/u/50/50/1771855200000/9tyTNd7m1Jbbd591Y9r0mg/UVK1A5AsvzWwCyu59SI8PYR_bPFa1fSEW-9rJ08mST5u8x_s9_8P3PKiCYbRriXyVDxMWOepvK5ZdU_wNaVjtEon3zjYF7vB4TsXDTZ2fJOgjnQXO9-dx8emD14UWC36TtDMIkB3TxDr7B03xZOj6g/7YFNdKlDyua90LNkyCf_ZjnJlgaXnH7FeusqZpAJKI4)
Eascrow,Mainnet,Financial Protocols,https://eascrow.xyz/," Eascrow is a web3 escrow platform powered by Stellar smart contracts, ensuring secure and transparent online transactions. It simplifies cross-border payments and builds trust for freelancers, businesses, and individuals.",$147950.00,$147950.00,"Europe & Central Asia,Latin America & Caribbean","Eascrow,Eascrow","Eascrow, After Activation, lets Build Eascrow !","https://communityfund.stellar.org/dashboard/submissions/rec5SQUCL0doQ1r5M, https://communityfund.stellar.org/dashboard/submissions/rec6VkAae8WVHS0XA","https://communityfund.stellar.org/dashboard/submissions/rec5SQUCL0doQ1r5M, https://communityfund.stellar.org/dashboard/submissions/rec6VkAae8WVHS0XA","SCF #23, SCF #32","SCF #23, SCF #32","Yes, fully open-source with Github",https://github.com/Eascrow/Eascrow,,,,https://docs.google.com/document/d/1JVAU-2_a4oTPunxkTygRTD5yZfFR4TAAV6A9DqQYx34/edit?tab=t.0,,"#### 1) LIEBER Antoine : CEO & Co-founder

At just 20, Antoine is a serial entrepreneur constantly on the lookout for new ideas and interesting projects to take on. He joined the web3 ecosystem 2 years ago, working on various NFT projects and a P2E, in partnership with well-known blockchains, in particular FluxLabs and Near. He now wants to embark on a project more focused on DeFi, by launching Eascrow in the hope of bringing something new and useful to the Stellar blockchain.  
  

Links:

-   Linkedin
    

https://www.linkedin.com/in/antoine-lieber/ 

-   Twitter
    

https://twitter.com/blockshayn 

  

#### 2) ANTONI Matteo : CCO & Co-founder

He has worked on numerous projects and has been involved in the web3 ecosystem for 2 years now. At just 17, this young talent has managed to stand out from the crowd with his skills in both 3D and 2D. Having worked on a number of successful NFT projects with Antoine, he has now decided to follow him on this new DeFi project in search of new experience and knowledge. Matteo is in charge of all the graphic aspects and user experience of the project.

  

Links:

-   Twitter
    

https://twitter.com/kabmvp 

  

#### 3) MORVANT Tanguy : Rust Developer

Professional developer for five years, he has primarily specialized in backend development within the industrial sector. He also gained a year of experience in blockchain development, working on EVM smart contracts using Solidity. Over the past two years, he has focused on Rust for personal projects, which has allowed him to explore the possibilities of Solana and, more recently, Stellar through Stellar. At Eascrow, he is responsible for developing the smarts contracts.

  

Links:

-   LinkedIn
    

https://www.linkedin.com/in/tanguy-%F0%9F%90%94-morvant-296a9198/ 

-   GitHub
    

https://github.com/IshariFluttershy 

  

#### 4) IMBERT Florian : Fullstack Developer

A Fullstack Developer at a company specializing in industrial software, he recently earned his Blockchain Developer certification from Alyra. In parallel, he develops decentralized applications (DApps) on the EVM and writes smart contracts in Solidity. At Eascrow, he is responsible for developing the website and the dApp.

  

Links:

-   LinkedIn
    

https://www.linkedin.com/in/imbertf/ 

-   GitHub
    

https://github.com/imbertf 

  

#### 5) LAGACHE Dylan : Advisor

He has worked as a consultant for small and medium-sized businesses in marketing, communication, and business development strategy, as well as a trainer in negotiation and sales management. With a master's degree in digital economics and a passion for new technologies, he quickly became interested in decentralized finance and blockchain technology when they first took off. Today, he holds the position of Product Owner, while focusing on the new technologies and opportunities offered by web3.

  

Links:

-   LinkedIn
    

https://www.linkedin.com/in/dylan-lagache/ 

  

#### 6) SOYER Enzo : Advisor

  

Links:

-   LinkedIn
    

https://www.linkedin.com/in/enzo-soyer/ 

  

7) MAINGUENAUD Sylvain : Advisor

  

Links:

-   LinkedIn
    

https://www.linkedin.com/in/sylvainmainguenaud/",checked,c0071dc2 (https://v5.airtableusercontent.com/v3/u/50/50/1771855200000/emfJSYszZy8rPLZqe0Zlxg/3ZkmBWwFvKW4c-yJJOZZJ8rQMxtrGWGB3ZvQamKsULspbhhUkSBVEelJtPkFikcgzItSOArHQ4TP8ACn4TVoJeAI4xGorUh7jrAhR-QBv8L-cMEnP9uejQpWR4rl5kWXJKr0uN8BLJph5bcog4yWsw/Eh25pPiojikCSSktTeMtQ2NoOBBwGE9rvVqyXc-clII)
Abroad,Mainnet,Financial Protocols,https://abroad.finance,Open source protocol for Crypto-Fiat instant payment orchestration ,$149820.00,$149820.00,"Latin America & Caribbean,South Asia","Abroad,Abroad","Payment interoperability for wallets, Instant payments on Pix with USDC","https://communityfund.stellar.org/dashboard/submissions/reciOsv2YAISNchGn, https://communityfund.stellar.org/dashboard/submissions/recy3we2U8HQUaOR6",https://communityfund.stellar.org/dashboard/submissions/recy3we2U8HQUaOR6,"SCF #31, SCF #32, SCF #35, SCF #40","SCF #32, SCF #35","Yes, fully open-source with Github",https://github.com/abroad-finance/abroad,https://discord.gg/aSw3QN95,,https://www.linkedin.com/company/getabroad/,https://analytics.google.com/analytics/web/#/p457913952/reports/intelligenthome,,"Esteban (CEO) and Hollwann (CTO) are best friends since 2013. They have already developed several projects before: A blockchain initiative for their University (200 users, 12 miners, Coin price of $0.10), a payment gateway, a Business Wallet, A smart ticketing service for parties, a real-time Auction platform (Like eBay but way better) and many more. Esteban has a deep passion for Finance, committed to building innovations to make people's life better. Hollwann is a technology rockstar, with a strong technical capacity to develop the most complex solutions out there.",,5b230bf6 (https://v5.airtableusercontent.com/v3/u/50/50/1771855200000/6CItFiaGkQVJK7KgKLX44w/B1TOrdzjWUBU0jXyegEG2s4y0CeNV9d267nCK5R0JwAIYXmg9topvksVHyP46L9dhSQb_Z1yh4zM9ov_4Ec3xj7edk8EO-nBRiMnLqrIsYN0Ez9-IYqQiSr3G9-jqwgvyAIgLQ5DBVAE8jGSyzcwmA/9Ou7WDDAQRiX8hRcOm9JBEvV83berMDNN4BzLlXPtyk)
Lumenswap,Mainnet,Financial Protocols,https://lumenswap.io,Web service to swap assets on Stellar network,$6786.63,$6786.63,,Lumenswap,Lumenswap,https://communityfund.stellar.org/dashboard/submissions/recu69dUtviRW6oC7,https://communityfund.stellar.org/dashboard/submissions/recu69dUtviRW6oC7,SCF #6,SCF #6,,,,,,,,,,Screenshot 2025-08-04 at 6.27.11 PM.png (https://v5.airtableusercontent.com/v3/u/50/50/1771855200000/YnjAtvmDNWZ4LBTDO-X1rw/K73Bd2_GvlRzMSPG7YMdX99jZMXkc5Hes7AlT_uAQWDTBr0KHmYRuKDYSnby44-0lti8JwA4vkRTWb6oa1WwAhpiiEjNZwDMLXcq_XXUf9wBDs0aPVX-LslOhKyIboDAqmrVlk-5N41wEs74l3D5XET8iTsd35ZFaJMYViWql0MHJjcPapyUj5wfgLbws6Ai/MdH6McfL5e0ltOVt4kl0ix0voOPdnxdX8Uy-Gi_WyJQ)
Normal,Mainnet,Financial Protocols,https://normalfinance.io/,"A wrapped asset protocol helping institutions turn any token held in qualified custody into a yield-generating wrapped asset (“Normal Token”), which can be deployed as liquidity across DEXs. This makes it possible for investors to trade any crypto asset from a single interface and create on-chain crypto index fund tokens — each representing a diversified basket of assets, transparently rebalanced and fully tradable on-chain.",$200000.00,$200000.00,North America (without Mexico),"Normal,Normal","Normal Protocol, Normal - Wrapped Assets, ","https://communityfund.stellar.org/dashboard/submissions/recuBY79rFZElYidc, https://communityfund.stellar.org/dashboard/submissions/rec1aqc0VAiLYnxnM",https://communityfund.stellar.org/dashboard/submissions/rec1aqc0VAiLYnxnM,"SCF #30, SCF #31, SCF #35, Liquidity Award - '25 Q4","SCF #31, SCF #35, Liquidity Award - '25 Q4","Yes, fully open-source with Github",https://github.com/normalfinance/normal-stellar-amm,https://discord.gg/xQMvceZjeS,https://x.com/normalfi,https://www.linkedin.com/company/normalfi,https://link.normalfinance.io/whitepaper,https://www.halborn.com/portal/reports/stellar-amm-6f9223,"-   Joshua Blew - Co-founder & CEO - 7+ years coding, 5 years building fintech/crypto projects, built AI for stock trading, Linktree for Web3, & smart wallet w/ 30% less gas.
    
-   Justin Benjamin - Co-founder & COO - Previously product and growth at CoinFlip and Bitcoin of America, built a 300+ member international crypto trading community.
    
-   Amit Anand - Head of Marketing - Built 10m+ impression marketing strategies at Polygon, leads partnerships at Zo World.
    
-   Jake Penzato - Biz Dev Lead - Partnership and customer relations, content creation, BS Marketing & Business Admin @ Aurora University.
    
-   Nima Beheshtian - Head of Institutional Sales - Former Head of Sales at Ankr and BitGo with deep experience in blockchain security and infrastructure
    
-   Niko Gorjan - Developer - Web Designer, 3D Animation Expert, and Front-End Programmer
    
-   John Reyes - Intern with wicked skills",checked,zja7v7ds6dk4ove5lm8p.png (https://v5.airtableusercontent.com/v3/u/50/50/1771855200000/buUBXCzhwZvZ6etlDHlnQg/Gyccw78c_HFEyjuLuhXVEHZ2k5kYhcvR4oLKjo8RKB3RY_GAtApx_vfgNWV0_EePkGyIiqvKW5VHw42g5iUYMu566fcG_tt2k9H6NKfTDsC8M9a8u4nusnzYKTkEVsC-6gwr37Pl1kqqozBNDKYhWw/zfXjBUQsv2yBEkM2v3akULT1iQTC5cw5CDlhJFr9kq8)
EquitX,Mainnet,Financial Protocols,https://equitx.com/,Diversify your portfolio by investing in small-cap stocks as crypto assets on the Stellar blockchain.,$150300.00,$150300.00,Europe & Central Asia,"EquitX,EquitX","EquitX: Invest in Small Caps, EquitX - Phase 2","https://communityfund.stellar.org/dashboard/submissions/recgGcVWMy7qp8CAd, https://communityfund.stellar.org/dashboard/submissions/recVpLJSgXgMroJVF","https://communityfund.stellar.org/dashboard/submissions/recgGcVWMy7qp8CAd, https://communityfund.stellar.org/dashboard/submissions/recVpLJSgXgMroJVF","SCF #26, SCF #31","SCF #26, SCF #31","Yes, fully open-source with Github",https://github.com/EquitXCompany/equitx-project/commits/main/,,https://x.com/Equit_X,https://www.linkedin.com/company/equitx/,https://docs.google.com/document/d/1s7ssOWEJBKaL6mPO-tVSSfb1AMazdrXLFyN6O9e33zM/edit?tab=t.0#heading=h.q1to8b91o21w,,"Our team consists of two core members, Mohamed and Barth, combining expertise in finance, engineering, blockchain, and product development. We’ve built blockchain tools and are working closely with Aha Labs, a leading blockchain development studio on Stellar, to bring our protocol to life.

1. Mohamed DABLADJI – CEO

Mohamed Dabladji is a finance professional with a Master's degree in Corporate Finance, focusing on the application of blockchain in Security Token Offerings (STOs). He has significant experience in investment banking, having worked at BNP Paribas' Innovation Business Center, where he contributed to the dynamic startup sector. Mohamed also holds a dual degree from CentraleSupélec and ESSEC, with a thesis centered on adding liquidity to the private equity market. His deep understanding of finance and blockchain allows him to drive innovation in the financial industry.  
Connect with Mohamed: LinkedIn

2. Barth Houot – CTO

Barth Houot is a graduate of Icam engineering school and holds advanced business degrees from CentraleSupélec and ESSEC Business School. He combines strong engineering skills with strategic business knowledge, developed through his different experiences in product development and continuous improvement at Wipak and PowerOfMoss. Barth has also founded Adapptable, a company dedicated to building no-code blockchain tools to democratize blockchain development for everyone. His passion for web3 and blockchain technology along with his engineering skills make him a key driver in the development of EquitX.  
Connect with Barth: LinkedIn

3. Collaboration with Aha Labs, makers of LOAM:

We are partnering with Aha Labs, a highly regarded blockchain development studio, to build and optimize EquitX. Aha Labs specializes in blockchain infrastructure, smart contracts, and decentralized applications, making them the perfect collaborator to help us achieve our vision. Their expertise in scaling secure blockchain solutions ensures that our platform will be robust, efficient, and primed for growth.  
Aha Labs Website

3. Blaine Heffron - Senior Engineer at Aha Labs

Blaine is a full-stack web developer and physics Ph.D. graduate with over 12 years of programming and research experience. 

Currently a Senior Engineer at Aha Labs, Blaine is proficient in C++ and Rust, which are crucial for developing robust blockchain applications on Stellar. His skills in integrating open APIs, applying machine learning models, and developing web applications are highly relevant for advancing Aha Labs' and Stellar's innovative projects in the decentralized space.

Connect with Blaine: Github/ LinkedIn

4. Pamela Selle - Senior Engineer at Aha Labs

Pamela Selle is a seasoned technologist with over a decade of experience in software engineering and leadership. Currently a Senior Engineer at Aha Labs, she brings a wealth of expertise to LOAM. Her past roles include Senior Software Engineer II at HashiCorp, where she maintained the Terraform Core project, and working on web properties and cloud infrastructure at Comcast.

Pam's extensive background in developing robust software systems and her experience with various technologies make her a key asset to LOAM's development. Her leadership skills, honed through organizing events in the JavaScript ecosystem and other developer communities, further enhance her ability to drive innovative solutions.

Connect with Pam: Github/ LinkedIn",checked,anukv8kdolruk2hvvw20.png (https://v5.airtableusercontent.com/v3/u/50/50/1771855200000/pIW5JpoWEGZDTeTZsYU05A/xycjV5zMaQNgSjJGLgWKaixyMlGm54ApuQGaUL5pb5rh1CrMHSjqW1scwgl_2A7VuuB6zr38Ds2LiSjst6F7ZGp_C8hBR_mwmOBkNOSCCGnpX2ORl27QGUjrMEW7V6oR5mn4wgw78PuQLjQ0FwlimA/xtCUkyl9s7Pyj84B9MG-Zb7Oh5fbS33x62mrqnYnNuc)
Hoops Finance,Mainnet,Financial Protocols,https://hoops.finance,Analytics and DeFi platform for risk-adjusted investment in Soroban liquidity pools.,$150000.00,$116666.67,,"Hoops Finance,Hoops Finance","Hoops Finance, Risk-Assessed Analytics and Automated Liquidity Management","https://communityfund.stellar.org/dashboard/submissions/rechiZHwFanNF1nnI, https://communityfund.stellar.org/dashboard/submissions/recYojyYEHFK01KlM","https://communityfund.stellar.org/dashboard/submissions/rechiZHwFanNF1nnI, https://communityfund.stellar.org/dashboard/submissions/recYojyYEHFK01KlM","SCF #29, SCF #30","SCF #29, SCF #30","Yes, fully open-source with Github",https://github.com/Hoops-Finance/dashboard-ui,,,,,,,checked,1080 (https://v5.airtableusercontent.com/v3/u/50/50/1771855200000/IZggdA8qAnde_r5OOyLCdw/DcBwjsFjSnjKEIWeTW1ip9nYo8S6iYZtmxBOtYdKDMwLZsXZoD3zlweO5vo-rhEEJqvhOFwpiWW-TOPhqurR8nqN-JhAcNshJJJSaor6MI6z5egbEOV7sD3rlTUAwro6T41fm-UEsOukvK_ilVXLkQ/vcZTJPkDxzIaVbn-pZ0Zpn-CRXhOr4SAEgmM7fD6JzE)
OrbitCDP,Mainnet,Financial Protocols,https://orbitcdp.finance/,Harness Stellar's potential; collateralize with ease at OrbitCDP.,$280000.00,$330000.00,,"OrbitCDP,OrbitCDP,OrbitCDP,OrbitCDP","OrbitCDP: CDPs on Stellar , OrbitCDP: Part 2 of budget, OrbitCDP: CDPs on Stellar, OrbitCDP, ","https://communityfund.stellar.org/dashboard/submissions/recb8O4gXWaS4RsaM, https://communityfund.stellar.org/dashboard/submissions/rec5F9VZMtI9VazK9, https://communityfund.stellar.org/dashboard/submissions/recAH1SPekMp9LIYX, https://communityfund.stellar.org/dashboard/submissions/recgGLPg9l5ZoIcL5","https://communityfund.stellar.org/dashboard/submissions/recb8O4gXWaS4RsaM, https://communityfund.stellar.org/dashboard/submissions/rec5F9VZMtI9VazK9, https://communityfund.stellar.org/dashboard/submissions/recAH1SPekMp9LIYX, https://communityfund.stellar.org/dashboard/submissions/recgGLPg9l5ZoIcL5","SCF #21, SCF #21, SCF #25, SCF #29, Liquidity Award - '25 Q2","SCF #21, SCF #21, SCF #25, SCF #29, Liquidity Award - '25 Q2","Yes, fully open-source with Github",https://github.com/zenith-protocols/orbit-contracts,,,,,https://veridise.com/audits-archive/company/orbit/zenith-protocols-orbitcdp-2024-12-26/,,checked,orbitcdp.png (https://v5.airtableusercontent.com/v3/u/50/50/1771855200000/zahDYJyYY4sYBwi8d3imnw/Y4Hyuxt3LHMwAXUkGQWJWGnjZ4PIsstF_XGZsCujvIBIyExnO_Q3t1Q0JPwaoKveWW32vmEPiZOXC2WRt7tQS-43BoezCsIeUJiCsSH--d5PoNeq8ws9TgyvDTlyjMhWhGIga9Zw-zJRoniP59oVAg/knCH664cXSUnE6m1C1m2PU6vOSoZqC_HpqedW0YWFhM)
Anclap,Mainnet,Financial Protocols,https://anclap.com,"Infrastructure that connects Web3 to financial systems, makes FIAT<>Crypto interoperable and converts any company into a fintech.",$572162.00,$572162.00,,"Anclap,Anclap,Anclap","Anclap; Anchor + Debit Card for everyday transactions!, Stellar Prepaid Cards, Stellar Prepaid Cards in Peru","https://communityfund.stellar.org/dashboard/submissions/reclgGPwy2rlCwsp9, https://communityfund.stellar.org/dashboard/submissions/reccDyvfqZISOWHI7, https://communityfund.stellar.org/dashboard/submissions/recL0SgcprAhb6uSy","https://communityfund.stellar.org/dashboard/submissions/reclgGPwy2rlCwsp9, https://communityfund.stellar.org/dashboard/submissions/reccDyvfqZISOWHI7, https://communityfund.stellar.org/dashboard/submissions/recL0SgcprAhb6uSy","SCF #7, SCF #17, SCF #26","SCF #7, SCF #17, SCF #26","No, my project does not need to be open-source, now or in the future","https://github.com/anclap, https://github.com/anclap",,https://twitter.com/AnclapFintech,,,,,checked,ANCLAP.jpeg (https://v5.airtableusercontent.com/v3/u/50/50/1771855200000/N_mgyVL30n54xB_Hdtg_LA/CVhgmd3wEruJjomgfM1d18VaYGQXRbiDmA4UyrCWl00gxUIkt9ctRtCluNoK8ZCtYfcxOYqq-WV5TBKiiNzYd_qmVZM9spP_hWb1QLFqmVSkaZwi9pnsxC145TFVQ8ZImFvVb1aAPA7NB_qnbpmwRA/WSDN6HM-qMiuFDnE--fBPe2mCa2K_tSKmXOvZA9Dt2g)
Balanced,Mainnet,Financial Protocols,https://balanced.network/,Balanced is a cross-chain DEX and stablecoin that enables native cross-chain DeFi primitives for any ecosystem.,$122000.00,$122000.00,,"Balanced,Balanced","Balanced to Stellar - Relay 2, Connecting Balanced to Stellar","https://communityfund.stellar.org/dashboard/submissions/recsdvsPQ2rnhYmtS, https://communityfund.stellar.org/dashboard/submissions/recQKKkneN4Bw49s9","https://communityfund.stellar.org/dashboard/submissions/recsdvsPQ2rnhYmtS, https://communityfund.stellar.org/dashboard/submissions/recQKKkneN4Bw49s9","SCF #29, SCF #25","SCF #29, SCF #25","Partly, I do have a public Github",https://github.com/balancednetwork,https://discord.com/invite/DCa53m9wPq,https://twitter.com/BalancedDAO,,https://defillama.com/protocol/balanced-exchange,https://docs.balanced.network/security#smart-contract-audits,,checked,Screenshot 2024-04-17 at 4.35.15 PM.png (https://v5.airtableusercontent.com/v3/u/50/50/1771855200000/bz8DmTqeC541dbCzOVagOA/ByfR9VDPGvttcIamb6PNIGt4a_DBtt5gJTLW-L8b2PCtV18GPdrE2ls5fLw8UUWvaG2x2TRlgIBGTbOBGGIABeDBv8QuNDWQ58DG7-P1dmt7iDFKzoBzLIXGGpAE3L7w8PXiams53UEQIxKhoD5hHadZNi5DdTyeYXU2Wdx3XE0idnvl03YJblQ2jLbmSksa/RFu9upZrL6ZkyjOhuSz7yBaJzlGWo4bcXVljTN1qsos)
Allbridge Core,Mainnet,Financial Protocols,https://allbridge.io/,Allbridge Core enables users to seamlessly access the Stellar ecosystem through native stablecoin swaps.,$150000.00,$150000.00,,"Allbridge Core,Allbridge Core","Allbridge Core, Allbridge Core II","https://communityfund.stellar.org/dashboard/submissions/recbUS7phMUCfxP6V, https://communityfund.stellar.org/dashboard/submissions/recKNLK0K1U0wTGlU","https://communityfund.stellar.org/dashboard/submissions/recbUS7phMUCfxP6V, https://communityfund.stellar.org/dashboard/submissions/recKNLK0K1U0wTGlU","SCF #20, SCF #23","SCF #20, SCF #23","Yes, fully open-source with Github",https://github.com/allbridge-public/allbridge-core-soroban-contracts,,,,https://defillama.com/protocol/allbridge-classic,https://allbridge.io/assets/docs/reports/24-01-1500-REP-Allbridge%20Soroban%20Bridge-v1.2.pdf,,checked,image.png (https://v5.airtableusercontent.com/v3/u/50/50/1771855200000/KurRjjTAlMuJTq3jwpSYuA/bXAEGWQWsyrzW99JcYPshdjE8SP-sGyeG8U0lG8LtzUYvhTpkFRnSjFU6fac1XOiUtrPGnX4u_FDRlacacUsW0H1Z8db30U2B_FQTbw1rtoBOQQJQg0_416j2rD1Ki4QzA5A36_K-gqxPKrseqtaEA/rYAvZpxmpLuF6HeAPcg8yc84wSFLcKD4wPYoWk-s-PM)
Untangled,Mainnet,Financial Protocols,https://www.untangled.finance/,"Untangled Vault is an automated, non-custodial, data-driven asset management protocol enabling anyone to set and execute strategies to fit investor risk/return appetite. Untangled Vault is powered by Untangled pool, an asset tokenization protocol focusing on RWA private credits and Credio, a risk oracle providing machine learning model inferences and onchain monitoring to RWA.",$200000.00,$200000.00,No specific region of operation,Untangled,"Enabling a secondary market for RWAs on Stellar with Untangled Vault, ","https://communityfund.stellar.org/dashboard/submissions/rec5iNa5hfaUZs1SI, https://communityfund.stellar.org/dashboard/submissions/rec5hF8af5tfhSlT2",https://communityfund.stellar.org/dashboard/submissions/rec5hF8af5tfhSlT2,"SCF #30, SCF #31, Liquidity Award - '25 Q3","SCF #31, Liquidity Award - '25 Q3","Yes, fully open-source with Github",https://github.com/untangledfinance/soroban-vault-contract,https://discord.gg/neucRJEWHe,https://twitter.com/untangledfin,https://www.linkedin.com/company/untangled-finance,https://app.untangled.finance/,https://veridise.com/audits-archive/company/untangled-finance/untangled-vault-2025-05-22/,"* Untangled's co-founders are Manrui Tang (Ms) and Quan Le (Mr) * Met at PwC while working on the impact of the 2008 Global Finance Crisis. * Both grew up in Asia but worked globally thus developed unique insights into democratizing access to capital around the world. * Passionate about building blockchain solutions to address the needs of the real world economy. Single focus on tokenization since the first wave in 2017. Manrui Tang, Co-Founder * 10y in M&A, due diligence in London with degrees from Imperial, LSE * Building in blockchain since 2017  * Focusing on funding, partnerships and distribution  Quan Le, Co-Founder * 15y in M&A, strategy, due diligence before founding an agtech advisory firm in Africa * Building in blockchain since 2017 * Focusing on strategy, product and engineering",checked,05727769 (https://v5.airtableusercontent.com/v3/u/50/50/1771855200000/lTcx32bPQvpX3P7ytR6EEQ/TEPi0x_HskiEEDOvliWhxQljbctQNgUJ-qyXhL_EfTTST2ss5US9PR0UWytnIAxlc1csZhLTStNpj0h3IdciiY4V6ecH-1ub4V8CvSdl14WzEoqlyK3P8KYzOJmeIBl62y26wDcT8yR7mxgMQQqdcA/ruioS1Dru30WuRfiUQqQ1DB8lm77nrck7oYRBWrSx7E)
Soroswap.Finance,Mainnet,Financial Protocols,https://soroswap.finance/,Open-source AMM protocol and AMM Aggregator with Ecosystem Interoperability for providing liquidity and trading Stellar Assets in Soroban.,$346750.00,$346750.00,,"Soroswap.Finance,Soroswap.Finance,Soroswap.Finance","Soroswap Protocol, Soroswap.Finance Aggregator, Soroswap.Finance","https://communityfund.stellar.org/dashboard/submissions/recQcIB562ZHDFqdJ, https://communityfund.stellar.org/dashboard/submissions/recDy2knwdmwAPWBd, https://communityfund.stellar.org/dashboard/submissions/recfVynUAvAjZO4Nj, https://communityfund.stellar.org/dashboard/submissions/recWFIADW1gqmyvl7","https://communityfund.stellar.org/dashboard/submissions/recQcIB562ZHDFqdJ, https://communityfund.stellar.org/dashboard/submissions/recDy2knwdmwAPWBd, https://communityfund.stellar.org/dashboard/submissions/recfVynUAvAjZO4Nj, https://communityfund.stellar.org/dashboard/submissions/recWFIADW1gqmyvl7","SCF #15, SCF #17, SCF #21, Liquidity Award - '24 Q1","SCF #15, SCF #17, SCF #21, Liquidity Award - '24 Q1","Yes, fully open-source with Github",https://github.com/soroswap,https://discord.gg/JdTz2Tbd,https://twitter.com/soroswap,https://www.linkedin.com/company/soroswap/,https://defillama.com/protocol/soroswap,https://ottersec.notion.site/Soroswap-85dc160620c54b26a1a8cb11189c1aa0,,checked,Soroswap-desktop-swap.png (https://v5.airtableusercontent.com/v3/u/50/50/1771855200000/4qnW3htUzejaCLmwtfmFjw/qEHhtip9XgE2mTg605sFc72deOrcHbmT63k3153cNS5PmdczFtODBwizjsjqrRI5nw7oR8szUbwWLmSZLsP_XGPzvF5eUGIWBpGtJ6g3mro4crSuM46N_7pP5UNGuuhVP_9X5kcDrZ2mT62n6zoMUaRnTzkSTcETIdCIvM3GRpo/197UZPxWSeYcnD5kHopJ_VDZIyh0U-EBgMLVyDKAqAo)
Huma,Mainnet,Financial Protocols,https://huma.finance,"Bring Huma, one of the most sophisticated business lending protocols, to Soroban; projected to drive $1B+ transaction in 12 mos",$50000.00,$50000.00,,Huma,Huma Protocol Smart Contract,https://communityfund.stellar.org/dashboard/submissions/rectN6ErZmODHk69p,https://communityfund.stellar.org/dashboard/submissions/rectN6ErZmODHk69p,SCF #27,SCF #27,"Partly, I do have a public Github",https://github.com/00labs,,https://x.com/humafinance,https://www.linkedin.com/company/huma-finance/,,https://www.certora.com/reports/huma,,checked,Screenshot 2024-06-13 at 1.40.04 PM.png (https://v5.airtableusercontent.com/v3/u/50/50/1771855200000/99WZ1_TIs3kR3-hnzMCLEQ/ZtNzdjDJne94KNw6k1olfcpJcx-63pLbM22VL1lcvQAHm8CFwG6eq4Cf7U08wlpdQ8s5W_45PQtmOxSgdiGmdn4YwE0D5rk5RHJp7yW4qdOSjqbUxrfwbu4bVq3OO32Oqrk5pofLmQrc8Oym0FFz4lIcK3mszKx70uckPm7bugdihcaxCO0rrm7f_J0XaTbN/iV1GBPJqKJwZDngGnZ1J-rc2j9-VsNuJ4PeKUHN2bOA)
Excellar,Mainnet,Financial Protocols,https://excellar.finance/,Excellar is bringing regulated yield-bearing crypto denominated liquid yield tokens to Stellar.,$238750.00,$238750.00,"Latin America & Caribbean,East Asia & Pacific,Middle East & North Africa,Europe & Central Asia,South Asia","Excellar,Excellar","Excellar, Excellar-Yield Bridge","https://communityfund.stellar.org/dashboard/submissions/recDCdserATw05JGr, https://communityfund.stellar.org/dashboard/submissions/recNUN3okJAGoV8i9, https://communityfund.stellar.org/dashboard/submissions/reciIMJ1Qou160HSg","https://communityfund.stellar.org/dashboard/submissions/recDCdserATw05JGr, https://communityfund.stellar.org/dashboard/submissions/recNUN3okJAGoV8i9, https://communityfund.stellar.org/dashboard/submissions/reciIMJ1Qou160HSg","SCF #17, SCF #26, Liquidity Award - '24 Q1","SCF #17, SCF #26, Liquidity Award - '24 Q1","No, my project does not need to be open-source, now or in the future",https://github.com/excellar-labs/excellar-contracts,,,,https://defillama.com/protocol/excellar,https://www.coinfabrik.com/blog/excellar-audit-report/,"Who We Are

We have over three decades of combined financial industry experience, focusing on lending, trading, and risk management at storied institutions such as Millennium Management and Bank of America.

Amit Kaushik, CFA - Chief Investment Officer of SciFeCap LLC, a Crypto Asset Management Firm and author of ""The Crypto Investor."" Amit has worked at leading hedge fund Millennium Management and Wall Street firms such as Barclays and Bank of America.

Lisa Li - Chief Risk Officer with deep expertise in digital asset risk management. She spent over a decade heading up the risk management function at a leading futures/swap/broker-dealer, where she was instrumental in establishing and managing industry-leading risk management practices. She was also a key team member who managed the firm's $4 billion book of customer-segregated assets in short-term treasuries and related strategies.

Bowen Zhao - Quantitative Trader at SciFeCap and Consultant at Excellar. Bowen combines quantitative research with software engineering to architect and trade high-frequency crypto strategies across major exchanges including Binance, Bybit, OKX, and DeFi venues. He holds a Master of Science in Computational Finance from Carnegie Mellon University and designs multi-chain DeFi strategies with sub-50ms execution capabilities.

Our team is further supported by additional quant engineers from top firms, bringing cutting-edge quantitative and technical expertise to our institutional-grade tokenization platform.",checked,64907fbc1b0ca491ac4bf587_8c066743-ce65-4583-8ef6-d8be26419d74.png (https://v5.airtableusercontent.com/v3/u/50/50/1771855200000/LvRPjNwVbmqiMV2GuSQEDw/y5BZvXKWpXj-O0d_7KAjYRZIGTdNeJDlD8uScgYIUk5DmvSpSLum4hkI4pS6oS5fph7yVpQvwcO2ypBzWp9biG8Uiv719MKAkp51PCFXWaFa63h1eJleOKQ4hlZxK2eC_uhCdYOCbqgtnVjPRArisg/GkDw4IfZ5wEZS_JYZSDlIAQ4G1N3E64W8uINRtIIc8A)
StellarTerm,Mainnet,Financial Protocols,https://galactictalk.org/d/2212-stellarterm-advanced-trading-client-for-the-stellar-network,advanced trading client for the Stellar network,$17640.89,$17640.89,,StellarTerm,Stellar Term,https://communityfund.stellar.org/dashboard/submissions/recGp2bg7OQlVFllx,https://communityfund.stellar.org/dashboard/submissions/recGp2bg7OQlVFllx,SCF #3,SCF #3,"Yes, fully open-source with Github",https://github.com/stellarterm/,,,,,,,checked,
zkCrossDEX,Mainnet,Financial Protocols,https://zkcross.network/,zkCrossDEX enables seamless cross-chain liquidity transfers from leading EVM chains to Stellar with a single click.,$250000.00,$150000.00,,"zkCrossDEX,zkCrossDEX","Stellar zkCrossDEX, ","https://communityfund.stellar.org/dashboard/submissions/recUhJNK7YD4XZNwm, https://communityfund.stellar.org/dashboard/submissions/recYuJFv6edLrh6Bk","https://communityfund.stellar.org/dashboard/submissions/recUhJNK7YD4XZNwm, https://communityfund.stellar.org/dashboard/submissions/recYuJFv6edLrh6Bk","SCF #25, SCF #30, Liquidity Award - '24 Q1, Liquidity Award - '25 Q4","SCF #25, SCF #30, Liquidity Award - '24 Q1, Liquidity Award - '25 Q4","Yes, fully open-source with Github",https://github.com/Dev-zkCross/SorobanContract_Stellar_zkCrossDex,,https://twitter.com/zkCrossNetwork,https://www.linkedin.com/company/zkcrossnetwork,,https://www.halborn.com/audits/zkcross/soroban-zkcrossdex-72ebe2,,checked,c5257d6c27bc8f2bed57637daa725bae.png (https://v5.airtableusercontent.com/v3/u/50/50/1771855200000/C9RckuN6vSmh1KCJWDfl0g/foFya9P5DMMp4CJApn750MSNXlfQdDrLU3n9Kiarxe2Fb9zeRJuma6o9IF_quSOqwIicFa2DSa51LVwrd0rN2-2vngJJTMykw7eAQEjPmHfeaDIUzhEfhdTZ52djUOANz2EY1Dhl9ZyQnNN_3p9G6NJ7i2wxhe-qeyL5MmvqI5D1slsnS4_JQvC129mr3pkf/oSAFVpB8woQEyapF-L78SU6DpgxAPyE_MBGIfMteA8w)
Lantern Finance,Mainnet,Financial Protocols,https://www.lantern.finance/,To expand Lantern’s infrastructure to enable clients to borrow USD &amp; stablecoins against their XLM.,$48483.00,$48483.00,,Lantern Finance,Lantern Finance XLM Expansion,https://communityfund.stellar.org/dashboard/submissions/rec1emvKo0DFpWx0c,https://communityfund.stellar.org/dashboard/submissions/rec1emvKo0DFpWx0c,SCF #29,SCF #29,"No, my project does not need to be open-source, now or in the future",https://github.com/lanternfi,,https://twitter.com/LanternFi,https://www.linkedin.com/company/lantern-fi/,,,,checked,Screenshot 2024-08-12 at 11.57.10 AM.png (https://v5.airtableusercontent.com/v3/u/50/50/1771855200000/yUPM0O1Rcy3HBgiDvIYHPw/5Suw1RZNY9iAf4npsiojb1uGwwFmPvqczPZlxerdLBx_t5QuiM2dvw8hGaz9HnsbW6MLJoFmuAN-6oT9zjY31OO9QamiazQ1a7FyobToQNAIvCazIQKNth4V8XgUXignJHDhGo_dYAAIswV7h0esTIXJsZI8g4JMy7NeUJ6q5X8hL0vkMC2K6Zq5T5torBq7/s7luM0rJ507PmgBsFWBVmElXQVIUOP4zqUSbgsODrjw)
BondHive:OnChain Fixed Deposit,Mainnet,Financial Protocols,https://bondhive.xyz,"Bond Hive simplifies on-chain savings, offering fixed returns by tokenizing funding fees, making complex futures easy for everyone",$190000.00,$140000.00,,"BondHive:OnChain Fixed Deposit,BondHive:OnChain Fixed Deposit",BondHive:OnChain Fixed Deposit,"https://communityfund.stellar.org/dashboard/submissions/rec1ukEnQRTCfaoHw, https://communityfund.stellar.org/dashboard/submissions/recFFYDdyYhSVQ9np","https://communityfund.stellar.org/dashboard/submissions/rec1ukEnQRTCfaoHw, https://communityfund.stellar.org/dashboard/submissions/recFFYDdyYhSVQ9np","SCF #27, SCF #29, Liquidity Award - '24 Q1","SCF #27, SCF #29, Liquidity Award - '24 Q1","Yes, fully open-source with Github",https://github.com/Bond-Hive/soroban_contracts,,https://twitter.com/bondhive,,,https://www.coinfabrik.com/blog/bondhive-audit-report/,,checked,8af86c874d4b3075b7da3fd4c48c3307.jpeg (https://v5.airtableusercontent.com/v3/u/50/50/1771855200000/WiNldHWZKL67EXnYBcn7bw/LpiVnLZz2A4Ag1YzUHylHhVLtfn-Jvo1lggek4BiNqRvAe8ygbAXXpnaPpaS_gijyEXuEJsalHQLYp1Loirj6wk53Y4GnKnSc9WgLt642cMOXRsd3R2BF0dKIjpKqCVz_lHewro6OYukQh1TB2kk-AYW5yYhmyc75dV-33dJi5-HJImxQDKfmBbRssn9uG7V/owGu3qL7_WZoAwf0HwDq5ypkMjE5_FAWWedcd82BFL4)
LiquidsFi: Bridge and Cross-chain Oracle,Mainnet,Financial Protocols,https://www.liquids.fi/,LiquidsFi is a decentralized liquidity protocol and interoperability oracle network connecting liquidity and onchain data across siloed blockchains.,$149525.00,$149525.00,North America (without Mexico),"LiquidsFi: Bridge and Cross-chain Oracle,LiquidsFi: Bridge and Cross-chain Oracle","ZKLiquid: EVM - Soroban Bridge, LiquidsFi: Bridge and Cross-Chain Oracle",https://communityfund.stellar.org/dashboard/submissions/rec97jRXGlg930CDY,https://communityfund.stellar.org/dashboard/submissions/rec97jRXGlg930CDY,"SCF #28, SCF #34 , SCF #35, SCF #36","SCF #28, SCF #36","Yes, fully open-source with Github",https://github.com/orgs/LiquidsFi,,https://x.com/LiquidsFi,,https://www.liquids.fi/,,"The LiquidsFi team is composed of five tech enthusiasts and blockchain experts, collectively boasting over 30 years of experience in software application development and more than 15 years building blockchain applications. The team is led by Adedotun Akintayo, who holds a Ph.D. specializing in Numerical Algorithms and Applied ML. With extensive experience as an AI/ML Software Engineer & Tech Lead at Boeing, he brings profound technical expertise and strategic insight to his role as co-founder and business lead at LiquidsFi. His background in developing distributed computing, numerical analysis, and AI-driven tools and frameworks, combined with a proven track record in product development and project management, equips him to effectively lead the team in achieving LiquidsFi's mission.

  

The team has done significant work on developing decentralized applications and protocols on several blockchains, both EVM and non-EVM ones like Soroban, Solana and Polkadot. These include the development of a multi-chain algorithmic money market (AMM) where users can take out over-collateralized loans using both tangible and intangible assets like NFTs. It is one of the few AMMs that supports the use of whitelisted NFTs in a permissionless manner as collateral. Another major achievement is the development of an NFT on-chain liquidity reserve. This protocol is designed to give NFTs of GameFi projects intrinsic value, making it possible to build LP DEXs and atomic swaps for NFTs, which was not possible before. And more recently, the team developed a stablecoin bridge protocol that uses a lock and release mechanism for asset transfer and leverages the Chainlink Cross-Chain Interoperability Protocol (CCIP) and an in-house decentralized oracle mechanism to transfer assets. This protocol supports the bridging of stablecoins (testnet) across multiple EVM chains, and the team is now working on expanding it to non-EVM chains.

  

With these accomplishments, the team is now focused on interoperability solutions, which involve bridging Soroban and Stellar Lumen to tens of EVM chains in a secure and decentralized approach.

Some of the team members include:

-   Adedotun Akintayo: Co-founder and Business Development Lead
    
-   Shola Otitoju: Co-founder and Product Development Lead
    
-   Sergei Paliy: Blockchain and Backend Engineer
    
-   Nurpais Orozulbaev: Web3 Full Stack Developer
    
-   Hammed Jimoh: Backend Developer",checked,6d8ad420 (https://v5.airtableusercontent.com/v3/u/50/50/1771855200000/usv63vft_pfwnvzHfjADXQ/hDhNCRbFWCnN6MezFiiiRnEqG3cmxYNPtBWzZXH2MAEgrM884GduZDMT3yehcC5B_DsLyX8zvVdrKf-7dKV66qYABiKBD-LTUNb8nIvhylcZTn8rqSp1hCHDMe4qSGckUpUwp7Yi5gJo9WV9f4019Q/OWPJtEJ7WLHK9sMLXkvYR_CtUY9VVIDvrY2b273e04g)
FxDAO,Mainnet,Financial Protocols,https://fxdao.io,Debt issuance protocol for the issuance of decentralized stablecoins backed by XLMs,$224800.00,$124800.00,,FxDAO,"FxDAO, ","https://communityfund.stellar.org/dashboard/submissions/recAC4HtF0qVZ5yww, https://airtable.com/appymB1sbp5uidiGe/shrS2NKmPkCEEwLlz/tblpytbu3t73kssiE/viwe2PM63mriKPe4W/rec95qhUPvuRiCCFQ","https://communityfund.stellar.org/dashboard/submissions/recAC4HtF0qVZ5yww, https://airtable.com/appymB1sbp5uidiGe/shrS2NKmPkCEEwLlz/tblpytbu3t73kssiE/viwe2PM63mriKPe4W/rec95qhUPvuRiCCFQ","SCF #13, Liquidity Award - '24 Q1, Liquidity Award - '25 Q3","SCF #13, Liquidity Award - '24 Q1, Liquidity Award - '25 Q3","Yes, fully open-source with Github",https://github.com/orgs/FxDAO/repositories,,https://twitter.com/FxDAO_io,,https://defillama.com/protocol/fxdao,https://github.com/runtimeverification/publications/blob/main/reports/smart-contracts/FxDAO.pdf,,checked,image.png (https://v5.airtableusercontent.com/v3/u/50/50/1771855200000/s3SH3ToAurdnX2d_88VK4w/UCraR3dvXnAWZrCcuhM7V1C5x03aDerTWMPcqSv_TUuMYBIab49RlcAEGIWnQu__MUhOTD1CMLL9SX1RsKJu_eoT37u8l8z59rs0kT65NHWiWzmue5dFu0Et0g-MTOvob0YewdlWEdunZW2-NaF5jg/VX6x9J12UokgdO4uOUwpdTjDq9NPTxw77ip5tmR9u2M)
Wombat Exchange,Mainnet,Financial Protocols,https://www.wombat.exchange/,"Wombat Exchange is a multichain stableswap, focused on re-engineering the stableswap experience with its innovative algorithm.",$150004.63,$150004.63,East Asia & Pacific,Wombat Exchange,Wombat Exchange,"https://communityfund.stellar.org/dashboard/submissions/rec5a6qOoWCjaHweW, https://communityfund.stellar.org/dashboard/submissions/recIKghHhim3Hh6VT",https://communityfund.stellar.org/dashboard/submissions/rec5a6qOoWCjaHweW,"SCF #18, SCF #31",SCF #18,"Not yet, I don’t have a Github yet but my project will be open-source",https://github.com/wombat-exchange,https://discord.com/invite/Wombat,https://x.com/WombatExchange,,https://info.wombat.exchange/#/bsc/overview,https://veridise.com/audits-archive/company/wombat/wombat-exchange-2024-12-24/,"Our leadership team is made up of experienced professionals in both technology and marketing, ensuring we deliver innovative and impactful solutions in the Web3 space. Alex Lee - Founder Waterloo Mathematics background with 8+ years of experience in Web3. Alex brings a visionary approach to our strategy and product innovation. Twitter: @definidude Kevin - CTO Waterloo Computer Science background with 5+ years of experience in blockchain-related development. Kevin leads our technical operations and drives our blockchain solutions. kWOM - CMO With 7+ years of Web3 marketing experience, kWOM handles our marketing strategies and community growth. Twitter: @TLDRdyslexic We are supported by a seasoned tech team and marketing experts dedicated to pushing the boundaries of Web3 development.",checked,lsgrcuk56ffnyny9mnwx.png (https://v5.airtableusercontent.com/v3/u/50/50/1771855200000/w4BtH_TAoLO21nZDMwg6Cw/84cuIUVQopguhyNi_HN3csIq5kY-6vYq_gpmurmSjVRavNBGohNVR8N6-baTY23p9W1MDySX7_a4YXn9QLEQHUE5w8Y7xvRBNvEuPVkAbnMZW1APd20PFXCR-mhHhwi3fIKuDVCiWbdRFO-ifQP-yg/2yKJRDUQe81B7iEKfwKNCbH8mB8dsAipmnOGQyDgosY)
Glo Dollar,Mainnet,Financial Protocols,https://www.glodollar.org,"We'll launch Glo, the stablecoin that generates basic income for people in extreme poverty, and deploy liquidity on StellarX.",$13000.00,$13000.00,,Glo Dollar,Glo Dollar (USDGLO) on Stellar,https://communityfund.stellar.org/dashboard/submissions/recYngYa4zx3MwZa9,https://communityfund.stellar.org/dashboard/submissions/recYngYa4zx3MwZa9,SCF #21,SCF #21,"Yes, fully open-source with Github",https://github.com/Glo-Foundation/glo-wallet,,,,,,,checked,stellar_thumbnail.png (https://v5.airtableusercontent.com/v3/u/50/50/1771855200000/VuMPSLzvSxuZzoGh1q1-5w/rQJ8gC28CzGekFuhImIgcbSkX6st_La_kEiRu_CandE8ox-7hLF7m3dSaUffdELdcxoUonMaujBxGKnWHHt789RUzb3KFIF3r5KtW8zCK2Pz0tYnpwwl62drh-h0K3z0tr6jS1tfU84ig-ayChntne6KUEKVSYUS9IQKDd-ZofA/-A5WPODdY8HKv6sOJpmuq32J0_qCW-uMLNSK1X8fACw)
Phoenix,Mainnet,Financial Protocols,https://www.phoenix-hub.io/,Phoenix's AMM enables decentralized swaps of crypto assets and is the first of a full suite of synergistic DeFi protocols ,$394500.00,$394500.00,,"Phoenix,Phoenix,Phoenix","Phoenix ($PHO), Phoenix Hub v2, Phoenix Hub v3 NFT Marketplace, Phoenix","https://communityfund.stellar.org/dashboard/submissions/recLOzDpEMgJWDbTe, https://communityfund.stellar.org/dashboard/submissions/recyJLOWkdnsGtimI, https://communityfund.stellar.org/dashboard/submissions/recI6IVWB26SsKBbx, https://communityfund.stellar.org/dashboard/submissions/recW43Bu8M9c0Mb0p","https://communityfund.stellar.org/dashboard/submissions/recLOzDpEMgJWDbTe, https://communityfund.stellar.org/dashboard/submissions/recyJLOWkdnsGtimI, https://communityfund.stellar.org/dashboard/submissions/recI6IVWB26SsKBbx, https://communityfund.stellar.org/dashboard/submissions/recW43Bu8M9c0Mb0p","SCF #16, SCF #20, SCF #25, Liquidity Award - '24 Q1, Liquidity Award - '24 Q1, SCF #18, SCF #24","SCF #16, SCF #20, SCF #25, Liquidity Award - '24 Q1","Partly, I do have a public Github",https://github.com/phoenix-Protocol-Group/,,https://twitter.com/PhoenixDefiHub,,https://defillama.com/protocol/phoenix-defi-hub,https://github.com/Phoenix-Protocol-Group/phoenix-contracts/blob/main/docs/VAR_MoonBite_240103_OfficialR.pdf,,checked,image.png (https://v5.airtableusercontent.com/v3/u/50/50/1771855200000/UvlnPaw02gJqTyN0OD8xhQ/ImCq5p4DFfAx1sE8i_DhHHEZSDRgvL3cItjV0CrVm1_Hgh151XfEXC81ozOfRSrEsp5hCxZuAN95AkYEwNKdxfIZEMH-g7f-gGshBX0E22OH30Acl91bvllHzrO8al_HjNRZ7uPUfFyoc5cF4B2xig/T7-UOP5ot0krSd5jAnke0F9m7xMlULuj48w-9QQp-PE)
StellarBroker,Mainnet,Financial Protocols,https://stellar.broker,"Multi-source liquidity swap router for Stellar, providing access to AMMs like SoroSwap and Aquarius, Stellar DEX, and Stellar Classic AMMs",$150000.00,$150000.00,No specific region of operation,StellarBroker,StellarBroker - Launch,https://communityfund.stellar.org/dashboard/submissions/recqlL2RWYaGrPOPj,https://communityfund.stellar.org/dashboard/submissions/recqlL2RWYaGrPOPj,SCF #33,SCF #33,"Partly, I do have a public Github",https://github.com/stellar-broker,,,,https://github.com/stellar-broker,https://amp.runtimeverification.com/public-report/stellar-broker,"We build Stellar infrastructure services: StellarExpert, Reflector, Albedo, and many other tools and libraries for developers.",checked,6f392e05 (https://v5.airtableusercontent.com/v3/u/50/50/1771855200000/7_Q35KQGRwqMtE4pTMkUXg/GoP1HNEsmssbL_zli-IwZxToG5OPwaVrO4S1PECPJ7H3RmZgFfJDT54iCwr2tB8eSHIA3e-yRNDH3D2vuUtQxsHsArvc6j2wM12u6iOvXuocp5hJkWOEsMwjPwqjHu1pFF8ZfiNHLqSoNfLdt_RlYQ/1VIKDYiwd-JhskEqLLfG90u-oBxaH7pcoASj2K6CBtE)
Alula,Mainnet,Financial Protocols,https://alula.finance/,"Alula is a lending protocol with looping functionality on Stellar. It relies on the network's low-cost transactions and efficient Soroban platform to deliver best-in-class service to its users, diversifying the DeFi ecosystem.",$145000.00,$145000.00,No specific region of operation,Alula,JLending Protocol on Stellar,,,"SCF #33, SCF #34 ",SCF #34 ,"No, my project does not need to be open-source, now or in the future",https://github.com/mfactory-lab,,,https://www.linkedin.com/in/alex-a-ray/,https://docs.google.com/document/d/1-vz9_-l083GChmpUssCFNwZYussht_Zd6iwSEXk1ej0/edit?usp=sharing,,"We are a dedicated team of 10+ professionals, including our co-founders Alexander Ray, Leonid Krassovitski, and Sonny Wolfson, who each have 20+ years of experience in IT and business. Alexander, Leonid, and Sonny have been friends and collaborators for over 25 years, working together on several projects, including JPool, SVT, and Albus Protocol.  
  
Our team has built decentralized applications using Rust, Solidity, and TypeScript on networks such as Ethereum, Solana, Polkadot, and Cardano, and work with libraries like Web3.js and Ethers.js for blockchain integration. Our experience in cryptography includes implementing zero-knowledge proofs (zk-SNARKs, Plonk, Groth16), encryption methods (symmetric, asymmetric, FHE), digital signature schemes (EdDSA, ECDSA, Schnorr), secure hashing, key exchange protocols (DH, ECDH), and elliptic curve cryptography.  
  
Team members (involvement is TBD):  
Alexander Ray, Co-Founder, Strategy, https://www.linkedin.com/in/alex-a-ray/  
Leonid Krassovitski, Co-Founder, Technology, [https://www.linkedin.com/in/leonid-krassovitski/  
Sonny](https://www.linkedin.com/in/leonid-krassovitski/￼Sonny) Wolfson, Co-Founder, Business Development, https://www.linkedin.com/in/sonny-wolfson/  
Lily Rovdych, Operations (full time), https://www.linkedin.com/in/lirovdych  
Dmytro Kryshtal, Marketing (full time), https://www.linkedin.com/in/dmitry-kryshtal  
Vlad Korniienko, Team Lead (full time), https://www.linkedin.com/in/tiamo/  
Grigory Karpan, Developer (full time), n/a  
Kirilo Morenkov, Developer (full time), https://www.linkedin.com/in/kirill-morenkov  
Vladimir Koryagin, Technical Writer (full time), https://www.linkedin.com/in/vladimir-koryagin-223a5351  
Anastasia Provalova, Graphic Designer (full time), n/a  
Amir Shaikhenov, Content Writer (full time), https://www.linkedin.com/in/surer325",checked,dck7p7fynggtkdyf7o1t.png (https://v5.airtableusercontent.com/v3/u/50/50/1771855200000/UNw_TW_TgJBfl27S-52SBQ/iktCZDvlky7uw55AJk-N6x0ZbqXzuowouJ5QnwMr6pn7VI1TrkuARvV6YcdJvVqs7SizM5tw4knA3DauiUUnuz4rxjhW86-veVtN0eSYOCDLC8vfRYuCjwFM2dy7EcQlAq2DP_AkqXVpFHLURzG9-g/xc0B_5iCZpJtqZK1FVF-F4CwZKN6pCs6mA6G0PzfT2U)
Autowhale,Mainnet,Financial Protocols,https://www.autowhale.io/,Institutional adoption of Stellar's DeFi and RWA ecosystem is hindered by the lack of robust trading and portfolio management infrastructure. Autowhale bridges this gap by providing a comprehensive PMS (portfolio management system) and OEMS (order execution management system) tailored for institutional investors. With Autowhale PMS and EMS we are looking to build the infrastructure for those institutions to access Stellar’s DeFi and RWA ecosystem.,$150000.00,$100000.00,"No specific region of operation,South Asia,East Asia & Pacific,Middle East & North Africa,North America (without Mexico),Europe & Central Asia",Autowhale,PMS & OEMS for DeFi & RWAs on Stellar,,,SCF #34 ,SCF #34 ,"No, my project does not need to be open-source, now or in the future",https://github.com/autowhale,,https://twitter.com/AutowhaleNet,https://www.linkedin.com/company/autowhale,https://docs.google.com/document/d/1i2ZMTXAblTtzeA6Z6jOjigjnqq7ws_nmaQiErKSYp0c/edit?usp=sharing,,"Thomas Pratter, BSc

CEO & Founder

Thomas has been active in crypto since 2016. With degrees in computer science and business, he has built extensive networks, developed market-making strategies, trading systems, and set up new funds.

Sam Kamani

COO & Growth

Sam is a seasoned growth expert with a proven track record of building and exiting two startups. He hosts a popular Web3 podcast that generates leads for Autowhale and has a vast personal network of funds. He is also a speaker at major Web3 events.

Pravin Bezwada, MMSc

Tech Lead

Pravin is a seasoned tech lead and developer across multiple TradFi companies, serving as VP, Head of Development, and other roles at Barclays, Credit Suisse, Societe Generale, and Nomura.

Dmytro

Backend Developer

Dmytro is a backend developer at Autowhale, specializing in Python and essential backend tasks. His expertise plays a crucial role in the development and maintenance of our trading platform, ensuring reliability and efficiency.

Haidar

Frontend Developer

Haidar is an ambitious front-end web developer who plays an integral role at Autowhale. With a passion for building cutting-edge websites using React/Next.js, he brings an innovative mindset to our trading solution, helping develop our terminal.

Sandeep @Just_codeNchill 

Please write a description for yourself.

An overall description if you need it. Cause it wasn’t clear if you needed individual description or like a paragraph talking about team - @ThomasPrt  

At Autowhale.io, we have assembled a powerhouse team with deep expertise in crypto trading, market-making, and institutional-grade software development. Our leadership, led by Thomas Pratter, brings years of experience in building trading systems and fund operations. Sam Kamani drives growth with his extensive Web3 network and startup success. Pravin Bezwada ensures a robust tech backbone with his TradFi expertise, while Dmytro, Sandeep and Haidar deliver cutting-edge backend and frontend solutions. Together, we combine industry knowledge, technical excellence, and strategic vision to build the most efficient and scalable trading infrastructure for institutions.",checked,zrq6as5qbrosl0fkrocm.png (https://v5.airtableusercontent.com/v3/u/50/50/1771855200000/OiHkmSCV02BFCVRdHilwmg/MDR-9_YKQPRLj7DjKO4_FljNpK8OIpIG6MPU1vziIrh-8J4IpxBQ4_2MYwVSaEjOJxylISxHlPSCWEKN_x60_fILCZWn8OAA_x3d0_w_sKo7brWXrjxUlPwUGWECi--MeCyJOO2XQcLLt0vvC_SNYA/8kn9kHc1ZOR3u_cbjv1_anaIL2ZeUhysuTfU1Zw16ms)
Liqvid.xyz,Mainnet,Financial Protocols,https://liqvid.xyz/,"Liqvid.xyz is a compliant infrastructure layer powering tokenization, capital formation, and secondary liquidity across private mid-market alternative assets including private credit, real estate, private equity, bonds, royalties, and more. At Liqvid, we tokenize yield-generating assets and strategies - enabling investors to allocate into diversified private markets, access on-chain collateralized loans, and unlock secondary liquidity with instant settlement.",$137500.00,$91666.67,No specific region of operation,Liqvid.xyz,Committed Yield RWAs on Stellar,https://communityfund.stellar.org/dashboard/submissions/rec91jnTCLjHH1ssP,,"SCF #30, SCF #37",SCF #37,"Partly, I do have a public Github",https://github.com/Asterizm-Protocol/asterizm-contracts-stellar,,https://x.com/liqvid_xyz,https://www.linkedin.com/company/liqvidprotocol,https://www.rwa.io/,,"Liqvid brings together a powerhouse team with top-tier TradFi and DeFi investment experience, combined with deep technical expertise in building advanced blockchain protocols and infrastructure — uniquely positioned to serve as the connective tissue between traditional capital markets and tokenized private assets.

Founding team:

-   Hersi Shima - CEO, Co-founder (product vision & strategy, institutional GTM)
    
    ex-BlackRock, Global Fixed Income – Vice President, ex-Lazard.
    
-   Ignat Shapkin - CIO (LP coverage, deal underwriting, product oversight)
    
    ex-Edge Capital –  Head of Portfolio Management
    
-   Denis Polulyakhov – CPO, Co-founder (product delivery, chain integrations, partnerships)
    
    Previously launched Asterizm Protocol – Co-founder & CGO, investor at Carbyn Group VC.
    
-   Alex Gotovets – CTO (protocol architecture, on-chain development)
    
    Led tech teams at Asterizm, Chainspot, PointPay - CTO and tech lead
    
-   Elena Kiseleva – COO (regulatory and compliance operations)
    
    ex-GFS - operations/compliance 
    

Liqvid’s founding team brings unmatched operational expertise across capital markets, blockchain infrastructure, and product scaling.

-   Hersi led the launch and scaling of fixed income bond infrastructure at BlackRock
    
-   Denis and Alex built cross-chain protocols and DeFi liquidity layers used on 27+ blockchains
    
-   Ignat brings execution experience from Edge Capital ($230M AUM) hedge fund portfolio management
    
-   Elena supports us with robust regulatory compliance operations
    

Together, we bridge TradFi-grade trust with Web3-native architecture — unlocking a new institutional-grade asset class.

Our tech team has 7+ years of experience in blockchain development and product management.  
Projects like Asterizm Protocol and Chainspot are live on 25 blockchains, generating revenue over the last 2 years.  
Recognized with 8 grants and 4 hackathon wins, including at ETH Global.",checked,ffffng1thjx11okncvpy.png (https://v5.airtableusercontent.com/v3/u/50/50/1771855200000/sYhF0ErnkcK18ERmuS6X6w/GckpdId3aIjUaMW3R7RvLufeyuwSPlEwpF7sbRt7gCzsUugIogkipafEw7sfVcDn3L9ozkRIa7vlbWz4O6UyTtqnJi4aiNjMfrJf5yLb7ziZYsvJxAXhisgDKTO5Pin7wPEszmHRyWRypo5Q6Ihk3Q/lG9F_iN8RXQkvgO588oPbzm3tN6P1qCp6iYdMKLMuhQ)
Rivool Finance: RWA in Emerging Markets,Mainnet,Financial Protocols,https://rivool.finance/,"Rivool offers a platform that connects global investors to high-yield assets in emerging markets, such as Brazil. We work directly in the origination and structuring of private credit, receiving a structuring fee that few projects have access to. Our proprietary risk analysis, applied to asset selection, allows us to capture a management fee in line with traditional market practices. Rivool’s uniqueness lies in its business model: we bring together specialized and locally regulated partner originators with a B2B network of Financial Advisors who seek safe and profitable alternatives for portfolio diversification with low-volatility on-chain assets. We are not reinventing the logic of credit — our innovation lies in applying technology to bring efficiency, eliminate unnecessary intermediaries and open new funding channels.  This grant will help Rivool bring global capital into tokenized private credit by using Stellar to issue, manage, and scale access to high-yield credit deals from Brazil.",$150000.00,$150000.00,Latin America & Caribbean,Rivool Finance: RWA in Emerging Markets,Stellar Private Credit Emerging Markets,,,"SCF #37, SCF #40",SCF #37,"Partly, I do have a public Github",https://gitlab.com/rivool-finance/stellar-contracts,,https://x.com/rivoolfinance,https://www.linkedin.com/company/rivool-finance/,https://drive.google.com/file/d/1SZ5kOxsOz5Qv28GzKHnfuBzRhVpCKcu6/view,,"Rivool’s founding team brings together deep expertise in institutional finance, blockchain infrastructure, and credit structuring — uniquely positioning the company to execute real-world DeFi in emerging markets.

-   Tiago Piassum (CEO): Built and exited a $1B AUM investment firm (Marco Investimentos) in just 3 years. Former partner at XP Inc., with over a decade of experience in institutional finance, digital transformation, and B2B strategy.
    
    https://www.linkedin.com/in/tiagopiassum/
    
-   Lorrayne Viana (COO): Legal and compliance specialist with a track record scaling web3 startups 10×. Led marketing and legal operations for a 5,000+ client/year growth company. Background in law, management, and cross-functional ops.  
    https://www.linkedin.com/in/hallanneves/
    
-   Hallan Neves (CTO): Computer engineer with 15+ years in high-performance systems and blockchain. Built infrastructure that processed R$10B/month in assets, reduced costs by 80%, and leads a team of 7 engineers.  
    https://www.linkedin.com/in/hallanneves/
    
-   Felipe Sena (CPO): Experienced in fund controllership (USD 10B+) at Sicredi Bank. Holds a dual MBA from Hult International Business School. Felipe Sena supports product and operational execution to enable Rivool’s business model and acts as a key liaison with international partners and ecosystem stakeholders.  
    https://www.linkedin.com/in/senafelipe/
    
-   Cristiano Oliveira, PhD (Head of Research): PhD in Applied Economics and professor at Universidade Federal do Rio Grande. Expert in quantitative methods, with multiple publications in international journals and focus on risk modeling.  
    https://www.linkedin.com/in/cristiano-aguiar-de-oliveira-8b570760/
    
-   Mauro Leite (Advisor): Serial entrepreneur and investor, with 2 exits in the tech space and strong expertise in scaling fintech platforms.  
    https://www.linkedin.com/in/mauro-meirelles/",checked,dc7b0395 (https://v5.airtableusercontent.com/v3/u/50/50/1771855200000/OP2-P5GaB8ik86pCU6x_BQ/D-ipzt7F4JEg2uRYqhPKa8BCBpI8toLC12g6DqrZ2y8_fzU-oieaRnRDzM8tVoq4jMBLIuyYKFlxubqtmxurjAAy5AoJHbwwqsgody0EZdTMY7dpdgjfaI2VDYH-VFUCdqllr5X2Z6hoARD5QOLBeA/eE-q-VBFJlKFVwQKBYVUssQvj_Aw_OON1s6i9ygUhyE)
ROZO - One Tap to Pay,Mainnet,Financial Protocols,https://rozo.ai/,"ROZO simplifies crypto-native payments to just 1 tap by providing an intent-based API. Crypto is a more efficient form of money, but using it in everyday life is still too complicated — you have to choose a wallet, a token, and a chain. We simplify this through intent abstraction and integration with hardware and agents, making payments possible with just one tap or click.",$150000.00,$100000.00,"East Asia & Pacific,North America (without Mexico)",ROZO - One Tap to Pay,Visa layer for stablecoins,,,SCF #38,SCF #38,"Yes, fully open-source with Github",https://github.com/rozoai/,https://discord.gg/9NXS7VPE,https://x.com/ROZOai,https://www.linkedin.com/company/rozoai/,https://dune.com/payments/rozo,,"We have a solid technical and financial academic background and rich experience in crypto payment.

  

Shawn writes the code – studied CS in Stanford, founded multiple companies (Redshift, Chainsights, MugglePay). He researched at Virtual Human interaction lab at Stanford. You can check out the codebase here: https://github.com/RozoAI/rozo-tap-to-pay

Sky co-founded MugglePay with Shawn and leads operations at Rozo. She worked at American Express . She brings deep crypto experience from her time as a blockchain researcher at the Tron Foundation. Sky has on boarded with 3,000 merchants. MugglePay has processed $50M+ per month on blockchain.",checked,m1dfi8ojq9xjxjpn9udn.png (https://v5.airtableusercontent.com/v3/u/50/50/1771855200000/rlUoVIwZ2x0xY3ptMCCaug/SBWN2vNfJYnrzSnyzqZiCRJmhIposMR0QMW_gRNYTDubqvzXnLjc6xiQ2t83CTZ3jnn_eEwEi-jug8V42etOSzVXhEnm6bLhZCkTvSUjS94pDIW_Pk7UfHkB0BykqDD1IYpuqbVj6JURtZTEcJ-I3A/pPKJbfxhrVDuk8nUpIm9Pi7nXsterdLWGBqBgz4nFC4)
RendBit,Mainnet,Financial Protocols,https://www.rendbit.com,"Millions of people across Africa face serious challenges when it comes to moving and managing money. Sending funds across borders is expensive and restricted. Receiving money from abroad is slow, costly, and comes with exchange rates that only benefit the banks. Even saving money through local banks offers little to no return and often loses value over time.  Converting crypto to cash is just as difficult, limited by banking policies, unreliable peer-to-peer trades, and no secure structure.  RendBit is being built to solve these problems. It’s a financial platform powered by the Stellar blockchain that makes sending, receiving, converting, and saving money fast, secure, and affordable. Users will be able to send money directly to any bank across countries, convert crypto to fiat without middlemen, and save in stablecoins that hold real value, not rates manipulated by banks.  We’re also building a Token Launch Pad, a simple way for creators, communities, and developers to create and trade their own tokens. It’s about unlocking financial access, giving people the tools to grow wealth, and bringing real utility to the Stellar network.  RendBit is not just another app. It’s the financial system Africa has been waiting for. Open, borderless, and built for everyday people.",$120000.00,$90000.00,No specific region of operation,RendBit,"Custodial Crypto-Fiat Platform for Instant Cross-Border and Local Payments in Africa Without Foreign Accounts., Building African Borderless Finance",,,"SCF Kickstart #11, SCF #36, SCF #39","SCF Kickstart #11, SCF #39","Partly, I do have a public Github",https://github.com/rendbit,,https://x.com/Rend_bit,https://www.linkedin.com/company/rendbit,https://docs.google.com/spreadsheets/d/14IVt_3tlBpsR80v5BCSFz1THs3cJSlUqbtfEHvJkbIY/edit?gid=1587518503#gid=1587518503,,"Our Team

RendBit is driven by a dedicated team with a strong track record in tech, blockchain, product design, and community growth. Together, we’re building a financial system that works for everyone in Africa.

-   Charles Mbaogu (Founder & CEO) — https://x.com/devcharlezen with 8 years of experience in software development and blockchain integration, Charles leads the vision, product strategy, and backend infrastructure of RendBit. He is deeply involved in the integration of Stellar SEPs and the development of cross-border payment systems.
    
-   Amadasun Efosa Goodness (Co-founder & CTO) — https://x.com/Goudnexx A senior software engineer with over 10 years of experience, Goodness leads the technical direction of RendBit. He currently focuses on building and optimizing the backend of the Token Launch Pad using Soroban smart contracts.
    
-   Igboekwulusi Franklin Chinedu (Frontend Lead) — https://x.com/frank_dev010 Franklin brings 5 years of frontend development experience and leads the development of RendBit’s user interface, ensuring the platform is smooth, accessible, and responsive.
    
-   Golden Omoragbon (Design Lead) — https://x.com/GoldenOmoragbon Golden has 3 years of experience in UI/UX design and is responsible for crafting a seamless visual experience for users. He also designs RendBit’s branding assets and social media visuals.",,2de6d214 (https://v5.airtableusercontent.com/v3/u/50/50/1771855200000/gHtiG6HAjppm-PYdRAea2w/jIYqEOAn3ddRneNWioSzrva7to2a2AKcO12JXiuxJmJx90FWNmM9vyCXjrOsSNQDkCU07XcamUGqNwhV1bk2M_iMh5IrfvoTJs8zk8H1id3mpxyxwvmz7jFGLvEobxdrT3WTLQ2tkQAMWwkDObqWRQ/ozWMpMCbgpaVudKXeSVFlOSAMP_Bds_3qSznh-O2vuI)
Splyce Finance,Mainnet,Financial Protocols,https://splyce.finance,"Splyce converts RWA and crypto-native yield strategies into composable, permissionless tokens. Through our sRWA standard and on-chain wrappers, asset managers can distribute institutional-grade products directly into DeFi.",$150000.00,$150000.00,"No specific region of operation,Middle East & North Africa,North America (without Mexico)",Splyce Finance,Splyce vault contracts build award,,,SCF #36,SCF #36,"Partly, I do have a public Github",https://github.com/Splyce-Finance,,https://x.com/SplyceFi,,https://github.com/Splyce-Finance,,"We have a team of 8 engineers, led by Anton Grigorev the CTO. Note that the three co-founders all met at Securrency and have multi-year experience working with Stellar. N.B. Anton was head of blockchain engineering. Manuel won and led the combined Securrency/Stellar World Bank payments POC. Tyler Carter joined just after the World Bank project but was involved in the Wisdom Tree funds onboarding on Stellar, and has been a very early contributor to Ripple as well. He previously led digital assets at S&P. Manuel and Tyler both worked in the same group as the CSO, Patrick Campos, who has a long-standing relationship with SF senior management. Patrick is currently CBO at Huma Finance, and we believe that Splyce - in addition to everything else - is a perfect vehicle for bringing Huma's assets (and part of its community) to Stellar.  
https://www.linkedin.com/in/manuelrensink/  
https://www.linkedin.com/in/toniomacaronio/  
https://www.linkedin.com/in/tyler-carter-b3a12b23/",checked,c3d86014 (https://v5.airtableusercontent.com/v3/u/50/50/1771855200000/BDeE_RPnPqB6Vh91NFeNfg/zyXhIAUcOhzby1B17yNAeJtizFBjR1HttiSkxuEcAOcWHnH2eJS8pg_gBUUh-zaVNhLNY5lWZTVVJbMZOQmHylQwrM_Gvr1JuIi9wZpPOMSpRLsR1n_prxYkG9l_W2AODRNOFyhQTa9yZ1-LtQ6a8w/Huj7C9akFY8Iei-Ts8vfvDboBUwrB9tssvo4bDQwQOM)
Lobster,Mainnet,Financial Protocols,https://www.lobster-protocol.com/,"Lobster is a liquidity pool optimization platform designed for decentralized exchanges (DEXs). It enables DEXs to increase their liquidity efficiency, improve their rankings on aggregators, and boost trading volumes, ultimately driving more revenue.  Lobster addresses the “liquidity pool trilemma” that many DEXs struggle with. It provides a comprehensive dashboard that evaluates three key metrics for each liquidity pool:  Efficiency: How attractive is the pool to traders? Profitability: Is the pool competitive for liquidity providers? Stability: Does the pool maintain stable prices without being overtaken by arbitrageurs?  With Lobster, DEXs can run LP-specific algorithms based on real-time data to optimize pool performance. This results in better liquidity management, enhanced pool attractiveness, and higher overall volume. The platform’s data-driven approach empowers DEXs to make informed decisions and adapt quickly to market conditions, improving liquidity provision in a less risky and more profitable manner. Lobster is a vital tool for DEXs looking to stay competitive in the rapidly evolving DeFi landscape and drive sustained growth.",$109000.00,$109000.00,No specific region of operation,Lobster,Lobster: Cross-DEX Yield Optimization,,,SCF #36,SCF #36,"Not yet, I don’t have a Github yet but my project will be open-source",https://github.com/Lobster-Protocol,https://discord.gg/4zE6nyBCYA,https://x.com/LobsterProtocol,https://www.linkedin.com/company/lobster-protocol,https://docs.google.com/document/d/1B3YIHjrQvwuIXExppot7poy8AU3ExeM1XSL2j1Rn_f8/edit?tab=t.0,,"Lobster's core team is composed of three members with complementary expertise in blockchain technology, data analysis, and algorithmic finance.

1 - Alexis Mailley (CEO) has seven years of experience in the crypto ecosystem, with a background in applied mathematics and engineering. He has positioned himself as a leader in data-driven financial innovation, combining research, strategic thinking, and hands-on execution to reshape decentralized finance.

Linkedin

2 - Nathan Hervier (CTO) is a senior blockchain developer with over five years of experience. He has co-founded and led several projects as CTO, participated in major hackathons such as ETH Denver and ETH Global Paris, and also mentors the next generation of blockchain innovators as a professor.

Linkedin

3 - Chloé Semaan (CRO) brings several years of research in data analysis applied to decentralized finance. A graduate of École Polytechnique, she specializes in designing algorithmic strategies for financial optimization and long-term growth.

Linkedin

In addition to the core team, Lobster works with freelance experts in algorithm development and has two additional developers — one focused on data indexing and another on smart contract integration. This structure allows Lobster to efficiently tackle the technical and mathematical challenges of liquidity pool optimization.",checked,6c465bd6 (https://v5.airtableusercontent.com/v3/u/50/50/1771855200000/eVDu-D0x6P0t2PzN-E-U2w/B0y6S7WA-hgxJVGngq2KN5J5qHhRuMzlbTu2errCgjaPeTKyON8hcyjIq36WPqEH2EwyjYHxdRST5-XUzer7qa7_jWAjRwWPsoBVDIwT8yLNr3s_a-mAkshG4ouYxGbIyW8QSOUBmIXXx3VHgKfwAg/3MdzAr7O8wOkLX5CE_4pa0jtsHjo4Ch95aLCdqD8yUs)
Eara: European regulated RWA ecosystem,Mainnet,Financial Protocols,https://earaglobal.com/,"Eara is a pioneering platform for regulated investment asset digitalization in Europe. We bring together blockchain innovation with deep expertise in traditional finance, backed by the founders of a licensed securities agency.",$90000.00,$30000.00,Europe & Central Asia,Eara: European regulated RWA ecosystem,Eara: RWA Regulated Engine on Soroban,,,"SCF #35, SCF #37, SCF #40",SCF #40,"No, my project does not need to be open-source, now or in the future",,,https://x.com/EaraGlobal,https://www.linkedin.com/company/earaglobal/,https://docs.google.com/document/d/1t5X60xvQ051dkkL5_Csai9w-fJbqAgnIWSBllahG7cs/edit?tab=t.0,,"Meet the Team

Eara is built by a team of experienced entrepreneurs and finance professionals, combining deep expertise in blockchain technology, product development, and traditional financial markets. Our goal is to bridge the gap between Web3 innovation and regulatory compliance, creating a seamless ecosystem for real-world asset tokenization.

Core Team

A team of 6 founders, fully committed to the project, with hands-on entrepreneurial experience and key milestones already achieved.

-   Tano López - CEO | General Management - Fundraising  
      
    Serial entrepreneur, Santander Bank Advisor, university lecturer, and USA university alumnus. Former founder of Caira, an innovative edtech startup that successfully raised multiple funding rounds and secured agreements with 20 of Spain’s most prestigious universities.
    
    -   https://www.linkedin.com/in/tanolopez/

        
-   Guillermo Urbano - COO | General Management - Product Leader  
      
    Software founder, computer engineer, and serial entrepreneur.
    
    -   https://www.linkedin.com/in/guillermo-urbano-azagra/  
          
        
-   Álvaro Urbano - CTO | Product Development - Full Stack Developer  
      
    Developed an app with over 15M downloads.
    
  
        
-   Iván Rubio - CIO | Innovation - Blockchain - Full Stack  
      
    Developed an app with over 15M downloads.
    
    -   https://www.linkedin.com/in/ivan-rubio-moreno/  
          
        
-   Nicolás Martínez - CFO | Finance - Legal Structure  
      
    ICEX MBA in International Finance, IEB graduate, and former legal advisor.
    
    -   https://www.linkedin.com/in/nicolás-luis-martínez-labajo/

        
-   Alejandro Risco - CCO | Communication - Marketing - Tokenization  
      
    Psychologist, expert in communication and public relations. Leader in tokenomics design and former professor. Author of Escucha, a work featured in Spain’s top bookstores, and a researcher with three published papers in leading Spanish academic journals.
    
    -   https://www.linkedin.com/in/psicologoalejandrorisco/  
          
        

Traditional Finance Team

Bringing over 100 years of combined experience in brokerage, trading, and investment management across major financial institutions.

-   Marco Hernando Boto – 36 years of experience as a broker, trader, and investment manager at Interdin Sociedad de Valores y Bolsa, Banco Madrid, and All Trading Sociedad de Valores y Bolsa.
    
-   Hugo Navarro Julvez – 29 years of experience as an investment analyst, trader, and investment manager at Bankia, Interdin Sociedad de Valores y Bolsa, Auriga Securities, and Banco Madrid.
    
    -   https://www.linkedin.com/in/hugo-navarro-julvez-9a7080a/ 
        
-   César Valcárcel-Resalt Bedoya – 34 years of experience in capital markets, previously at Gesmosa/Ahorro Corporación Financiera, All Trading Sociedad de Valores y Bolsa, GFI Limited London, Interdin Sociedad de Valores y Bolsa, and Banco Madrid.
    
    -   https://www.linkedin.com/in/cesar-valcarcel-resalt-6626b925b/
        
-   Juan Carlos Peón Melón – 37 years of experience as a broker, trader, and financial director at Interdin Sociedad de Valores y Bolsa, Banca Privada de Andorra, and Banco Madrid.
    

Together, this team blends cutting-edge blockchain expertise with decades of institutional financial experience, positioning Eara as a leader in regulated tokenization.",,7cb2620c (https://v5.airtableusercontent.com/v3/u/50/50/1771855200000/Xvqs-0E4tYsgTkwzsShKeQ/4_Iq-GPRW8vGrvu0ZOuywBkaSrra8LBXrIqz-0p0ZHRb3b5YU3HD1-m8vhJqBLhIlX2xTG2T0GM0Ip_NbnaThL38IFxpuVxjerUpyg8G4tBM0mIIiFDm_z_2w58rW2MtJK5IuSzRjB7-DkfNd9zhBg/qrT6_Jwm540qGzDX95ed6uqhJsNtQ5nv1kWUDpf4W3Q)
RemittEase,Mainnet,Financial Protocols,https://remittease.xyz,"RemittEase – Send money instantly and securely across African borders. Powered by Stellar, we offer faster, cheaper, and more transparent remittance solutions than traditional wallets.",$54050.00,$36033.33,"Middle East & North Africa,Sub-Saharan Africa,Latin America & Caribbean",RemittEase,"RemittEase, Launching South Africa & Nigeria",,,"SCF Kickstart #9, SCF #35, SCF #36","SCF Kickstart #9, SCF #36","Partly, I do have a public Github",https://github.com/Web3WizardZ/remi-p,https://discord.gg/ewmuwbZFgS,https://x.com/remitt_ease,https://www.linkedin.com/in/noblenyoni/,https://www.remittease.com/admin/dashboard,,"Nyoni Noble

Founder & CEO  
📍 Johannesburg, South Africa  
https://www.linkedin.com/in/noblenyoni/

Summary:  
Founder with 10+ years of experience in finance, e-commerce, and blockchain. Proven track record of building and scaling startups in emerging markets. Passionate about financial inclusion and blockchain-powered remittance innovation.

Experience

-   RemittEase – Founder & CEO  
    Sep 2024 – Present  
    Building an AI-powered, stablecoin-based remittance platform serving emerging markets. Winner of the Stellar Community Fund Kickstart.
    
-   Mapha Logistics – Co-Founder  
    2017 – 2024  
    Scaled township-focused e-commerce & logistics platform to 10,000+ MAUs. Won Telkom Startup of the Year and secured funding from Google, SAB Foundation, and IDF Capital.
    
-   Auditor General of South Africa – Senior Analyst
    
-   PwC South Africa – Analyst
    
-   Deloitte – Financial Analyst
    

Education

-   BCom Internal Auditing – University of Pretoria
    
-   Advanced Diplomas in:
    
    -   Business Management
        
    -   Data Science
        
    -   Blockchain Development
        

Awards & Recognition

-   Winner: Telkom Startup of the Year (Mapha)
    
-   Google for Startups Accelerator Alumni
    
-   Winner: Stellar Community Fund Kickstart (RemittEase)
    

-  

Arigundia Ryan

Co-Founder & COO  
📍 South Africa  
https://www.linkedin.com/in/taonga-arigundia-a96b66190/

Summary:  
Web3 analyst with 7 years of experience in blockchain ecosystems, developer relations, and go-to-market execution. Skilled in bridging user insights with protocol design and business strategy.

Experience

-   RemittEase – Co-Founder & COO  
    Nov 2024 – Present  
    Leads operations, developer engagement, and user acquisition for a stablecoin-powered remittance platform.  
    Contributed to Web3 research, tokenomics strategy, and community development across emerging ecosystems.
    

Education

-   BCom Honours in Accounting – University of South Africa
    

Skills

-   Developer Relations
    
-   Token Economics
    
-   Operations & Growth
    
-   Emerging Market Strategy
    

Validation:

https://ventureburn-com.cdn.ampproject.org/c/s/ventureburn.com/2022/09/meet-the-60-black-founded-start-ups-now-funded-by-google/?amp=1 https://www.finextra.com/pressarticle/85954/alphacode-selects-10-businesses-for-r10m-fintech-support-programme https://www.crunchbase.com/organization/mapha",checked,41daabdb (https://v5.airtableusercontent.com/v3/u/50/50/1771855200000/OPVW5MVvNv-Wp7407y4Hxw/rcIl9rrGpN_-Y5rsAfDBl_NOuKor9umMgy_oiOaIzWadIIzHjsezcZsd5M_-NEZvX7qflpe3kvx-T_5VCwzUPaPkgQ9m7HNI4jVouyLJq_VUcJ-vgyWoEG1gujEjLee18fDs95JhGrGKRYchNsW24A/AscIxPcicqukHrBbjx44esBXiP7CbOVefPZ_TRzOEJ0)
Solo Labs,Development,Financial Protocols,https://ichi.org,Solo Labs will bring sustainable liquidity strategies to the Stellar Ecosystem through the ICHI Automated Liquidity Manager.,$50000.00,$50000.00,,Solo Labs,Solo Labs Automated Liquidity,https://communityfund.stellar.org/dashboard/submissions/rec9s1IHbpcWxvlX6,https://communityfund.stellar.org/dashboard/submissions/rec9s1IHbpcWxvlX6,SCF #26,SCF #26,"Not yet, I don’t have a Github yet but my project will be open-source",https://github.com/ichifarm,https://discord.gg/cxPGjGTy8V,https://twitter.com/ichifoundation,,,,,checked,Screenshot 2024-05-14 at 2.27.05 PM.png (https://v5.airtableusercontent.com/v3/u/50/50/1771855200000/aX5-K-0jB_d2MDnmpWYFhg/SyM_bLTV59hyGzrHaWI7E1ZH33f_Z-9Nf_3CziWGCZIiW-XkXKi1CjjVM-vWxnnEeKYZxjjrqNFaV57GmbU5BOxS60i_UU5gE2l7qF9Hu5Xvsskf409Dq4SPA154NVG2FAyYBgUNDWnfOD-J61sjHF8ph2GwGmSpaiJcu2Y7sxRc4z1zZK_heahcgcnnKX_r/SK0Y3CJQlTHLVyPFvJaaaNeplLU2MkfTCLwpyRXww_g)
Tricorn,Development,Financial Protocols,https://tricorn.network/,"Tricorn: cross-chain bridge solution supports both EVM and Non-EVM chains, ready to integrate to Stellar chain ",$44700.00,$44700.00,,Tricorn,Cross-chain Stellar bridging,https://communityfund.stellar.org/dashboard/submissions/rec7xEbpvjIbAMnxo,https://communityfund.stellar.org/dashboard/submissions/rec7xEbpvjIbAMnxo,SCF #21,SCF #21,"Yes, fully open-source with Github",https://github.com/BoostyLabs,,,,,https://www.coinspect.com/blog/soroban-source-code-audit-tricorn/,,checked,Снимок экрана 2023-11-05 в 09.49.48.png (https://v5.airtableusercontent.com/v3/u/50/50/1771855200000/0U-JQnKRh6GylwZ17WYCgA/FbThbK_3ieOfK9YrYrJljy5OC10vHBGtOvK8dCU8I4KLKdFohpZWPMCBLCF4ama9nUQKzT_KD9iKiqp1fYKJvoLY-IkmwE9_lN4E9gj9EfiNvsdAGJFDTsRDi1yyGdIrV89EuEFNBalx0w84sd5oxmG0utneq4xqqQyKn9btZKw/JH4ijAotOv8QyM6giJCPrZo0fRWipbLKLyU9-eHBnpE)
Estrela,Development,Financial Protocols,https://allbridge.io/,Estrela is a decentralized platform for efficient low-slippage stablecoin swaps ,$150000.00,$82000.00,,"Estrela,Estrela","Estrela, Finalizing Stablecoin AMM Build",https://communityfund.stellar.org/dashboard/submissions/rec4bVlu0r3K0SEzo,https://communityfund.stellar.org/dashboard/submissions/rec4bVlu0r3K0SEzo,"SCF #22, SCF #33, SCF #35","SCF #22, SCF #35","Yes, fully open-source with Github",https://github.com/allbridge-io/dex-soroban-contracts,https://discord.com/invite/ASuPY8d3E6,,,,https://blog.quarkslab.com/audit-of-allbridge-estrela.html,,checked,1.png (https://v5.airtableusercontent.com/v3/u/50/50/1771855200000/7aVHcRzI5Ja7x54boSJ10A/noTFegaaCXAeUOXi9CPOzhuCRGkuFEXMouF9DOjHUC9giJgbQFDc_UZx7nXEv7gxWWliPpZeHmeWL5L8OUSZPHB5y8XEX99LVUIbyUlgkDA2TpJSvf19QXnPxm50VRcuPWVzH5YEyIQUK3TxsrdGIw/MVe6IwIhspSoy2Oe_RYPY-3omvwyRQQ2SD0Uul4SfMc)
Trilobyte,Development,Financial Protocols,https://docs.trilobyte.finance/,Trilobyte is a Cash Flow Financing Protocol,$119000.00,$119000.00,,Trilobyte,Trilobyte,https://communityfund.stellar.org/dashboard/submissions/recq35w2zW5FQu4tY,https://communityfund.stellar.org/dashboard/submissions/recq35w2zW5FQu4tY,SCF #15,SCF #15,"Not yet, I don’t have a Github yet but my project will be open-source",,,,,,,,checked,Withdraw from lending pool.png (https://v5.airtableusercontent.com/v3/u/50/50/1771855200000/KPPMjFow-MolEvbOs4rrdQ/x69XeSlBIdwcBgM13esow0SeshwCQX43LTY44N5rCxnY-JrjDZCN_q_8_GigWpBxENXmXPPu_MO7dNULRbrGinvmBcqRAz8QFaqXrMNynSdGt2H25Irghbf7lyXLwXKxemQ3puzgILIGg4x52u8oApTTQrOJrEGsKTT_tQWV2Qo/sVyHn8QxTdXxUIKtqBRTqUsMM55p7EFb3LkAywhnlT0)
Zig3v2,Development,Financial Protocols,https://zig3.io,,$2500.00,$2500.00,,Zig3v2,Zig3v2,https://communityfund.stellar.org/dashboard/submissions/recZ1SF2QkpUgMr2U,https://communityfund.stellar.org/dashboard/submissions/recZ1SF2QkpUgMr2U,SCF #11,SCF #11,"Yes, fully open-source with Github",https://github.com/Nathanofzion/zi-playground,,,,,,,checked,
Rango,Development,Financial Protocols,https://app.rango.exchange/,"Rango proposes activating Stellar multi-chain interoperability by integrating the Stellar chain, along with its prominent, secure DEXs and bridges, into the Rango ecosystem. Crypto users, from novice to professional, will be able to swap any token from any chain to Stellar and vice versa with the best rates and lowest fees, all without changing interfaces. Rango's smart routing engine suggests optimized routes, allowing users to select their desired route based on outcome amount, network fees, and speed.",$60000.00,$20000.00,No specific region of operation,Rango,Stellar multi-chain interoperability ,https://communityfund.stellar.org/dashboard/submissions/recg8QhGImWoK3n1g,https://communityfund.stellar.org/dashboard/submissions/recg8QhGImWoK3n1g,"SCF #30, SCF #31",SCF #31,"No, my project does not need to be open-source, now or in the future",https://github.com/rango-exchange,https://discord.gg/q3EngGyTrZ,https://x.com/RangoExchange,,https://explorer.rango.exchange/statistics,,"Rango is a team of 25 individuals with skills in various fields, including technical development, smart contract development, business development, marketing and design. Rango co-founders have previous experience in both tech sector and traditional finance/crypto industries. Having experience in stock market algorithmic trading hedge funds, founding other startups, high frequency trading, blockchain development and smart contract development, we started Rango as we saw the vast issues in cross-chain experience in the fragmented & multi-chain crypto ecosystems.
Having spent years on computation intensive problems, our tech team specializes in writing high performance and maintainable code. Our business team had led marketing and sales of highly reputed local stock brokers and tech companies. Our company has a customer-centric approach in defining and delivering its product.",,logo-white.png (https://v5.airtableusercontent.com/v3/u/50/50/1771855200000/9dU2r984XLZOYdqnoW85cw/iiWzEnPzX_IOwgbOPvJ0P772Ng-ct6OFHc0KvWweOC6r0tZxz-Oou5yxdLItlgiRW6iQQ-sY2zl_4GSt6bY6yC3xCthPnhCWSXU_AcDNv43K4fdTzrPsnG_IfoH4z_Zd4ab-PTsk_3i2nsqdNth6UVJSixmq_axe2g8SjnlszK8/A6HrBHVpfhfwGI6_WN4mm5LuML6bSFFGm15KtdPlBRk)
Switchly,Development,Financial Protocols,https://switchly.com,"A decentralized, cross-chain protocol for stablecoin bridging and exchange.",$46000.00,$46000.00,,Switchly,Switchly.com - Bridge and DEX,https://communityfund.stellar.org/dashboard/submissions/reclxBFY2nWk88GX0,https://communityfund.stellar.org/dashboard/submissions/reclxBFY2nWk88GX0,SCF #29,SCF #29,"Yes, fully open-source with Github",https://github.com/orgs/SwitchlyProtocol/repositories,,,,,,,checked,1080 (https://v5.airtableusercontent.com/v3/u/50/50/1771855200000/IEoUmYzZBuyex-x8IprgZQ/OXr9dSPWZ8SaJ1BXU7pvLORUpv30S89LZ83f_UA2AUG5IekggcUgxfj2jQUA_KVfmNRfxdPTES3lSNup0dR5r21Z7hU6NbDtSc9hvYwka41FisJXqnbL2CsBTC2yyrcWkdZ5YWCy6QX2nVUFi9KiFw/5pmcGmi-9Z7qSPVpFcXpr2hF2dUuvBKwrhSh24ww13U)
Every.finance,Development,Financial Protocols,https://www.every.finance,Offers decentralized ETFs to help crypto investors on Stellar to optimize yields and manage risk with automated portfolio rebalancing and yield strategies.,$140000.00,$46666.67,Europe & Central Asia,Every.finance,EveryFinance: bringing Decentralized ETFs on Stellar,https://communityfund.stellar.org/dashboard/submissions/reck82uQhTmQhx8Yr,https://communityfund.stellar.org/dashboard/submissions/reck82uQhTmQhx8Yr,SCF #30,SCF #30,"Not yet, I don’t have a Github yet but my project will be open-source",https://github.com/Frihat-dev/every_finance,https://discord.gg/wWse3bkNVZ,https://x.com/every_finance,https://www.linkedin.com/company/everyfinance/posts/?feedView=all,https://drive.google.com/file/d/1KGDrn9VOcRD4e66YrYYVXdWOtCJuhIwZ/view?usp=share_link,,"Our team brings deep expertise in technology, finance, blockchain, AI, product development, and creative design.
- Founder: Joshua Hong, a tech entrepreneur and venture investor, founded successful ventures like GamersFirst and Synesis One, raising over $100M.
- Head of Investment Management: Reto Grau, an investment expert with experience in hedge funds and blockchain, previously Deputy CIO at FRM.
- CTO: David Sacoon, a technical leader in AI and blockchain, with vast product development experience.
- Product Manager: Jegan Pushparajalingam, an engineer and strategist with a PhD in Fluid Mechanics and expertise in R&D and data science.
- Head of Community: Steve Woody, a crypto community leader with a background in secure communication for the British Army.
- Head of Creatives: Anna Makowska, an award-winning art director with experience in digital campaigns for major global brands.
Together, we have launched AI and blockchain startups, creative campaigns, and virtual asset platforms.
",checked,Logo.jpg (https://v5.airtableusercontent.com/v3/u/50/50/1771855200000/dDWhApizjy1SQpeb5MCuUg/cHm6WYOKOt06EbpDd0DC0CN6oUykFJiMxAonuhjZM-MwsIDcyFWNZda_t_whz4rDyof62yDuzzQx-JzcKLKiPKfYf4JKD_H0cbKP27_mZwOLRHBig3k3ISrEsCAg0giIrKIzzOayCb11qdTDTKXYtg/SwoPAwOjivVxW2_hg8SRH_9lTTOFWPUDLBSoTPdvo3g)
Hermes,Development,Financial Protocols,https://github.com/zenith-protocols/hermes,"Hermes is a decentralized perpetual exchange on the Stellar blockchain, enabling traders to engage in leveraged trading. It uses a liquidity pool model and oracles to offer deep liquidity with minimal slippage, allowing users to open and close positions efficiently without additional accounts.",$150000.00,$100000.00,North America (without Mexico),Hermes,Hermes: Stellar’s Own Perpetual Exchange,https://communityfund.stellar.org/dashboard/submissions/recLWYP6Y352hsjEb,https://communityfund.stellar.org/dashboard/submissions/recLWYP6Y352hsjEb,SCF #32,SCF #32,"Not yet, I don’t have a Github yet but my project will be open-source",https://github.com/zenith-protocols/hermes,,https://x.com/NotIshanSingh/status/1846615709465387199,,https://defillama.com/protocols/Derivatives,,"Our team currently consists of three members. Ishan Singh, the CEO and Founder of Zenith Protocols, oversees both the business and logistical aspects of our projects. Robin Olthuis, the CTO and Co-Founder, is the technical mastermind behind Zenith Protocols, handling all the coding for the dApps we develop. Brent Tenboom is the expert responsible for the mathematics and logistics that power our products.",checked,tifksfd96n0gmuzbp0zq.png (https://v5.airtableusercontent.com/v3/u/50/50/1771855200000/09Snl85QmkobSl-B0XgeHQ/RLv7iS3_Fh1KGohEae-hpPe4T9L_tOvdwzpuR-mCkM--mG7o34CpY6Tmx1vpsTodmeRpwNDTHFBAZTmyDCkcTVZ5srnEzagimvu8LM5DhHTpuBrFl7MyD1xXBmYOmSCv9MGXyjgWehT3XYECUyM8Qw/8nZQpcqJnfzmv8m33oCKOhrVUzd-0VSkINgn_aViXJs)
Laina,Development,Financial Protocols,https://laina-de.fi/,"Laina is a low fee, trustless, and easy-to-use decentralized loan platform. We are focusing on making a simple and efficient DeFi product, where there is minimal need for token swapping or liquidity other than what is used for lending. Our vision is to change DeFi by making it accessible and understandable for everyone, regardless of their technical knowledge or financial status. By providing efficient single-token lending pools, we eliminate the complexities and liquidity fragmentation often associated with multi-token systems.",$115000.00,$76666.67,No specific region of operation,Laina,Laina to mainnet!,,,SCF #34 ,SCF #34 ,"Yes, fully open-source with Github",https://github.com/laina-defi/laina,https://discord.gg/2tdzZmXSSF,https://x.com/Lainadefi,,,,"Konsta Purtsi is an experienced developer and senior consultant with an extensive professional background. He has been involved in various software development projects, with a focus on building user-friendly, scalable, and secure systems. Konsta’s practical experience ensures that Laina will deliver a high-quality, reliable platform that users can trust. He also has experience in the crypto asset space, working as a consultant with Tesseract, a crypto lending service and a partner of Bitstamp. This adds valuable insight into building secure and efficient financial products in the crypto space. In Laina, Konsta will lead the front-end development, ensuring the platform is intuitive and easy to use, while also working on making the smart contracts safe and efficient. Additionally, he will be responsible for creating proper CI/CD pipelines and leading the DevOps efforts to ensure smooth development and deployment processes.

Teemu Hynnä is a self-learned developer with years of experience in multiple technologies and has been involved in the Stellar ecosystem for more than five years. Over the past year, Teemu has focused on learning and building with Soroban using Rust, bringing expertise in Stellar’s smart contract platform to Laina. His background includes a Master's degree in Physics, specializing in modeling neuromorphic computing materials. In his career, Teemu has gained experience in both corporate and startup environments, where he has also managed projects and developed connections with investors. In Laina, Teemu will take a leading role in the protocol architecture and smart contract development.

Together, Konsta and Teemu bring a mix of traditional software development skills, deep knowledge of decentralized finance, and specific expertise in the Stellar ecosystem. With a shared vision for creating a simple, secure, and accessible DeFi platform, we believe we are the right team to build Laina and help make decentralized lending easier for everyone.",checked,6f3bb18e (https://v5.airtableusercontent.com/v3/u/50/50/1771855200000/h77O95MDrbrWwDXwtJkPdA/D-axh4zrxu4bv8zP37Q7FEQuSNB1ZSV5O1y1spsL7byhw-cCPh4YJUSYiskMK7_o9a3nfp0k1bxk8MYWXAeg-3lbA6_3kAjO3zeWV_tiXKZOkM8ctra5wliKqjtFx0-V8OLx_Ps9tCwx5V_n9W1o1g/ZRQ16MzCdq7QgBh08Xxsrgm2P196oJW5Ujhzzc3dS2g)
Arka.fund,Development,Financial Protocols,https://arka.fund/,"Arka.fund turns the Soroban smart-contract platform on Stellar into a transparent, on-chain asset-management protocol. Our vision is to democratize professional-grade asset management on Stellar with open-source transparency and institutional-level tooling. We aim to scale swiftly—growing assets under management and onboarding thousands of Arkas over the next two years—while keeping contracts audited and slippage at industry-leading levels per rebalance. Arka.fund is supported by Ethernodes.io, a custodial input/output vault platform and node operator with over $160 million TVL across networks such as Bitcoin, Ethereum, Space-and-Time, NEAR, Sonic... With just a few clicks, managers can launch a new Arka (a non-custodial investment vehicle), select any whitelisted Stellar asset as the unit of account, and fine-tune parameters such as: • deposit and withdrawal caps • fee schedule — management, performance, and entry/exit fees • permissible assets • rebalance frequency and slippage tolerance A built-in Router executes atomic, multi-hop swaps across six integrated AMMs and a lending/borrowing adapter, while preserving full sovereignty over Arka funds. Depositors mint share tokens and can monitor NAV in real time. When they redeem, the protocol burns their shares and automatically unwinds all positions back into the denomination asset, returning principal plus profits in a single transaction. DAO governance (Governor, Timelock, and Treasury contracts) lets token-holders vote on new asset listings, parameter changes, upgrades, and revenue distribution. Finally, a tiered Manager Level program rewards consistently profitable strategies with higher AUM ceilings and an increased share of protocol revenue.",$144000.00,$96000.00,Europe & Central Asia,Arka.fund,On-chain assets manager protocol,,,SCF #37,SCF #37,"Yes, fully open-source with Github",https://github.com/dogstarapps/arka.fund,,,,https://docs.google.com/spreadsheets/d/1ivwEg9ddkyCMs9v4qrCwrHQL8tG6yLws/edit?usp=drive_link&ouid=102941273434988055502&rtpof=true&sd=true,,"Jordi Viladiu [beiker] - Co-Founder and CEO Upstroop SL Blockchain Advisor at FC Barcelona, Euroleague Basketball, Primavera Sound. More than 25 years leading and driving businesses.  
  
Marcos Oliva [codexnovus] - Co-Founder and CTO Upstrop SL Master in Cybersecurity and Advanced technical hacking Computer forensic expert in court More than twenty years leading It & blockchain projects as CTO, developer and consultant  
  
Vicenç Peguero [coditactic] - Dev Team Technology lover turned full stack developer IT manager at a special education school and web-based development freelancer at CodiTacTIC  
  
Lucas Guasch - CFO Business Consultant and Development Co-Founder and CEO of AlphaGrowth.es / Alphanodes.es, Ethernodes.io a blockchain driven business Passion for technology and new economic models Worked on designing and implementing process efficiency through technological development Invested in Ethereum mining operations in 2017 Brings soft skills in management and business strategic vision to the company  
  
David Fernández [Dave] - CDO Chief Design Officer / Marketing & Growth Team Co-founder of diestro.tv, an Art Direction and Broadcasting Studio Over 25 years of experience connecting consumers with clients and agencies through compelling narratives and attractive worlds Worked for clients such as Adidas, LaLiga, Nike, Walt Disney, AXN, Sony PIX, Canal+, Al-Jazeera, and National Geographic Has won several international awards for his work  
  
Carlos Escobedo - Compliance, Legal & Tax Team Corporate lawyer with more than 10 years of experience advising national and international companies, family office and VASP’s Member of the Barcelona Bar Association Expert in legal regulation of crypto assets and AML policies Compliance advisor of FC Barcelona in regulation of crypto assets Managing partner at Seci Asesores  
  
Carles Golano - Compliance, Legal & Tax Team Organization, Quality and Environment Advisor Engineer with more than 15 years of experience advising companies to implement real and applicable improvements in the organization system Advisor in investments in the production line Social and crypto investor Interest in the creation of the EOS system and its application",checked,zw1rzgfxolasmzyw34zz.png (https://v5.airtableusercontent.com/v3/u/50/50/1771855200000/T4ODwHqSa_6CBQL0ucGg-A/ft0XSwn1rpxq-vgIFtbHuL83mNyFTSpg5ZcpMD7qJ9FSFI_KGtNg_MX_1aVVkQfEBKYQ8Grjv_LvsWBZM0o0cwNM49KjeRvpMaqD0eqQwozqE2KOchAaHhCJVHQlC6mQDg3j8tedHC32X4g8kwa-ag/U9kj8z87ZZLNY8ga8jtRa1Ez_E3rqbFXJw-4YB-xUuk)
Indentura,Development,Financial Protocols,https://www.thawdigital.com/,"Indentura, a primitive by Thaw Digital, is rebuilding credit markets on top of stablecoin rails.  Led by a team that previously built and exited two fintechs that reached unicorn status, we are combining deep experience in structured credit , fintechand DeFi to create the infrastructure missing from today’s stablecoin economy.  Stablecoins today move billions in payments, but their application in conventional credit markets remains limited at best. Most crypto lending revolves around token leverage, while traditional credit remains tied to opaque and systems and outdated legacy infrastructure.  Indentura is a protocol that allows borrowers to pledge high-quality offchain collateral and access stablecoin credit lines from a global onchain liquidity pool. We combine DeFi-native liquidity with offchain infrastructure that gives lenders enforceable legal claims and real-time visibility into pledged collateral, while preserving borrower privacy.  Our initial product enables specialty finance companies to receive a stablecoin revolving credit facility to fund small and medium sized businesses businesses in fiat. These credit lines are essential for managing cash flow, but are rarely available outside the banking system. By reallocating idle funds into short-duration DeFi yield sources until drawn, we eliminate cash drag and make revolving facilities viable for non-bank lenders to access for the benefit of their clients.  This is the first step toward a broader credit system built around programmable liquidity. Over time, Indentura will support SME lending, embedded fintech credit, consumer borrowing, and onchain structured products.  We’re building on Stellar because its low fees, high throughput, and native stablecoin infrastructure make it the right platform for scaling credit use cases globally.",$120000.00,$80000.00,North America (without Mexico),Indentura,Stablecoin Credit Lines for SME lending.,,,SCF #37,SCF #37,"No, my project does not need to be open-source, now or in the future",,,,,https://www.thawdigital.com/,,"Tom Meister has built three fintechs, with two (pending three) exits and two unicorns, advised leading fintech lenders and DeFi lending protocols, and structured credit programs at the intersection of Wall Street and Silicon Valley for over a decade. He is uniquely positioned to bridge traditional and crypto capital markets, and is supported by a team of engineers and DeFi-native contributors.  

His broader team brings deep experience across DeFi protocols, fintech credit platforms, commercial credit underwriting, and institutional capital markets. This foundation enables us to design natively crypto credit infrastructure that integrates seamlessly with legacy financial systems.  

https://www.linkedin.com/in/eastbaytom/",checked,6d10ec88 (https://v5.airtableusercontent.com/v3/u/50/50/1771855200000/9m7pjeF9TPnyHdd6WumGBQ/io_Rgt2qL4kvrcJHfEx7O_xKv3oDWNcrWG27jSb-sst-ehqgImpHgUwy6iw0mkhskGavIVqLeiv0nAkDDXhWOY6juKYycsEOwCbjm5J5tuTeCiuF9KpIERjgSHshYq6u-9dqGKSCntn-YAXvMldA4Q/Xa_YZaAV7DdBBTvGyxBRafvorwMameqIkMeRVMRWjYg)
Peridot Finance,Development,Financial Protocols,https://peridot.finance,"Peridot is a cross-chain lending and borrowing protocol built natively on Stellar’s Soroban smart contract engine. Our mission is to abstract away DeFi complexity and deliver a seamless, user-friendly experience that feels more like fintech than crypto.  Users can deposit collateral on one blockchain and borrow assets on another without needing to manage multiple wallets, bridges, or gas fees. Our Hub & Spoke architecture centralizes logic on Stellar, while lightweight smart contracts on other chains (e.g. Ethereum, Sui) route user interactions via Wormhole’s cross-chain messaging.  Built entirely on Soroban, our smart contracts manage core lending mechanics: collateral tracking, interest accrual, liquidation, and liquidity logic optimized for low fees and WASM-based performance.  What sets us apart is our focus on usability. We’ve developed a Stellar-optimized frontend that abstracts technical friction and integrates seamlessly with wallets like Freighter. An AI Strategy Agent acts as a personalized guide, helping users choose between risk-based strategies, interpret on-chain data, and make better financial decisions especially helpful for newcomers.  In future releases, perpetual trading will allow users to open leveraged positions directly using supplied collateral, enhancing capital efficiency.  By combining Soroban’s speed and affordability with strong UX, Peridot unlocks intuitive cross-chain DeFi for both crypto-natives and Web2 users while positioning Stellar at the center of the next generation of decentralized finance.",$91750.00,$76166.67,North America (without Mexico),Peridot Finance,"Peridot: Cross-Chain Lending Powered by Stellar, DeFi UX & Cross-Chain Lending on Soroban",,,"SCF Kickstart #11, SCF #37, SCF #38","SCF Kickstart #11, SCF #38","Yes, fully open-source with Github",https://github.com/PeridotFinance/Peridot-Soroban,,,,https://peridot-finance.gitbook.io/peridot-protocol,,"Our team consists of experienced blockchain developers and engineers who are passionate about driving innovation in decentralized finance and blockchain technology. With diverse backgrounds in DeFi, NFTs, and cross-chain development, we bring a wealth of knowledge and expertise to the table.

Joshua – Founder and Lead Developer

Joshua has developed on Web3 for over 5 years with the focus on DeFi and Cross-Chain Transactions. He started his journey contributing to the Cronos (Crypto.com) Blockchain Documentation and started building countless DeFi Dapps on EVM Chains for his clients which range from NFT Launches, over to DEXs, Staking Protocols, Bridges, RWA dapps and more.

He then shifted his focus in Hackathons winning 4/5 of the ones he participated in. The most prominent being the Web3 Summit 2024 in Berlin with Propcorn.

In his years before that, he always was in a Team Leading position for almost a decade and recently finished his Bachelor in Finance.

Joshua has a clear goal for Peridot when he started it and prepared a great Network of high standing individuals, partnerships & got feedback from industry specialists to then build a team with expertise to create his vision.

Luis Homann - Co-Founder and Lead BD

Luis Homann is a seasoned professional with a diverse background spanning event sales, community building, and Web3 recruitment. As the Event & Sales Manager at Holvi, he has been instrumental in driving growth and brand presence within the SME sector in Germany and Berlin.

In addition to his role at Holvi, Luis co-founded Jobited, a platform aimed at connecting blockchain engineers with opportunities in the Web3 space. His active engagement in the blockchain community is evident through his efforts to support developers, foster trust, and build meaningful relationships.

At Peridot, Luis leverages his extensive network and deep understanding of the Web3 ecosystem to drive strategic partnerships and community engagement. His commitment to bridging the gap between traditional industries and decentralized technologies positions him as a key asset in Peridot's mission to make DeFi accessible and user-friendly.

Rene - CTO & Frontend Developer

With over 10 years of experience in software development, he brings a solid background in both theoretical and applied computer science. His expertise spans full-stack development, covering frontend technologies like React and Next.js, as well as backend tools including Python and various database systems. Over the years, he has launched multiple web-based projects, from e-commerce platforms to SaaS tools, and has a strong understanding of the complete product lifecycle — from concept to deployment.

More recently, he has shifted focus towards the crypto and DeFi space. He built an analytics platform tailored for blockchain projects and co-founded a startup that explored token and wallet behavior in real time. He is also comfortable with lower-level development when needed and enjoys connecting technical depth with user-facing utility.

He is passionate about building products that solve real problems, and thrives in collaborative environments that mix technical innovation with strategic vision. He believes his cross-disciplinary experience — from practical coding to product thinking — makes him a strong fit for any early-stage or experimental venture like this one.

Daniele - Marketing Strategist

Daniele Montemale, is an experienced marketer with nearly two decades in SaaS, e-commerce, B2B, and B2C. He has been working in both start-ups and multinationals. He specialized in Performance and Growth Marketing.

Because of his thirst for knowledge, he has recently started deepening his expertise in Web3 through active participation in major hackathons.

At Periodot, he is focused on the user-side barriers and the potential of DeFi for Web2 users, which positions him to help Peridot bridge the gap between technical innovation and mainstream adoption.

He supports Periodot with the go-to-market strategy, user acquisition, and translating complex DeFi narratives into clear, actionable messaging that drives real traction.

He brings a full-stack marketing approach to ensure Peridot not only builds a great product but also reaches the right users.

Jutta - UI/UX

Jutta Babak, a designer with over 13 years of experience in art direction, design strategy, and media innovation across digital products, film, marketing, and print. She is deeply passionate about emerging technologies and driven by the belief that design plays a critical role in shaping the future of the internet.

In recent years, she has focused on Web3 and Mixed Reality, both as creative frontiers and as powerful tools for building more open, immersive, and human-centered digital experiences. Participating in hackathons allows her to move from theory to practice, co-creating real, usable applications that contribute to genuine innovation.

At Peridot, she supports the team in giving the brand and product a strong visual shape. Jutta helps to navigate the creative process from early concept to execution, ensuring design decisions align with both user needs and the product’s broader mission. Her goal is to translate complex ideas into intuitive, compelling experiences that resonate with both Web3-native and Web2 users.

With a background in content creation and campaign development at VICE, Virtue, and Litentry, she brings a multidisciplinary lens that merges storytelling, strategy, and design. She's excited to help build products that are not only innovative, but also accessible and impactful.

Nakamo-toe – Community & Marketing

Nakamo-toe is a seasoned marketer with extensive experience working at leading marketing companies and a proven track record in the blockchain space. He is the creator of the highly successful Reddit memecoin Bitcone( https://coinmarketcap.com/de/currencies/bitcone/), which has gained over 16,000 followers on Reddit( https://www.reddit.com/r/ConeHeads/) and achieved notable traction in the crypto community.

Achievements:

- Built and scaled the Bitcone community, demonstrating expertise in community building and viral marketing.

- Created effective campaigns that significantly boosted user engagement and adoption.

- Brings a deep understanding of Web3 marketing strategies and user acquisition to Peridot Protocol.  

Team Achievements

🏆 Competitive Recognition

Multiple hackathon wins in recent weeks validate technical depth and ecosystem appeal:

🥇 1st Place – The Graph Hackathon (Wormhole integration)

🥇 1st Place – Wormhole Sidetrack

🥇 1st Place – Soneium DeFi

🥇 1st Place – XDC DeFi

🥉 3rd Place – Moveathon (DeFi track)

🏅 NeoX Community Prize Winner",checked,05a98b5d (https://v5.airtableusercontent.com/v3/u/50/50/1771855200000/F5wEIG1he2COkHqZj5ZaIQ/1Sz6c8V1FyQ5YSsDR5YU7lXIKshYFYL8MCvbwN_yqSjt_v8zTs3huOAPT4pGb5WVD8IakvP4fewuY1WR8gklR6U0j7eERqMZSoP4aCr_CCL6vymKxfWnP-PghXQ5JHA1AVdP9TBsGcvY9erVP4WDlQ/vNnPHc5GZiI-Ui94M-i_ipEAtRT2mT1JaERf-FFxCsY)
YieldBack.Cash,Development,Financial Protocols,https://yieldback.cash/,YieldBack.Cash is a system that creates coupon bonds backed by Blend pools. Users are guaranteed fixed income from a coupon deposited by a sponsor while the sponsor earns the pool interest rate. This is a capital efficient way to guarantee stickier TVL for the Blend protocol and guarantee users fixed income.,$125000.00,$83333.33,No specific region of operation,YieldBack.Cash,YieldBack.Cash,,,SCF #38,SCF #38,"Yes, fully open-source with Github",https://github.com/YieldBack-Cash/ybc-contracts,,,,https://dorahacks.io/buidl/27456,,"The developer is working solo on this project, marking their first independent project on the Stellar network. They are currently pursuing an undergraduate degree in Computer Science at the University of Saskatchewan and have a background in computer science.  
  
https://www.linkedin.com/in/ben-pekurovski-813a6b242/",checked,fd09ba66 (https://v5.airtableusercontent.com/v3/u/50/50/1771855200000/gY0tdL_0xxlpAbyZoy-YkQ/Q-29IWqa5AeBADfcmX1U9Gdb-U-6B8OeRGPfDLzs_blzdrZ2tf1E6MJ9iaRUnzhNRhQzFFji6eUBwtcs6YggnYCQhrZFjVfh0v3K4g8iCyPOsKdd2WnvQcyvbtMAxZ6TXyk2EVo0sEYf6ODYB-lWag/Q-n3FnFZ5UPWO5Z2vVPBp4nYnVy0O1p5CCFl6C_E4aY)
Minah,Development,Financial Protocols,https://minah.io/,"Minah.io is a decentralized platform transforming the investment landscape for Real World Assets (RWA) in West Africa. Our mission is to address the region's limited funding access and enhance transparency in the investment process, focusing on high-growth sectors like real estate, energy, and agriculture. By bridging the funding gap, Minah unlocks a vital channel for African development while offering investors a structured, accessible path to this high-potential market.  Our go-to-market strategy leverages the strong and consistent diaspora flows, which directed over $54 billion to the region in 2023 alone. By streamlining these remittance flows, we create an efficient investment entry point for diaspora members, setting a stable foundation to a wider audience, including non-African descendants and crypto enthusiasts.  In terms of projects, we currently have a pipeline of c. 4M€ projects and aim to finalize the conception and distribution of two strategy in the next 6months representig c. 1,5M€. At the end of the year 2026 we aim a cumulative TVL of approximately €[10-20] million. After initial successes, we will introduce a utility token to enhance community engagement and integrate DeFi mechanisms. This phase will center on a tokenized RWA approach, cultivating a community of investors and unlocking DeFi potential within Africa's emerging market.",$97500.00,$42500.00,Sub-Saharan Africa,Minah,"Minah.io - Building our second investment strategy in west Africa on the Stellar blockchain, On-chain diaspora investment for growth",,,"SCF Kickstart #11, SCF #37, SCF #38, SCF #40","SCF Kickstart #11, SCF #38","Not yet, I don’t have a Github yet but my project will be open-source",https://github.com/Gakpe/Minah_Blockchain_V0.2,,https://x.com/MinahLabs,https://www.linkedin.com/company/minahio,https://docs.google.com/document/d/1Yt-40do0B1JzezpGqXQNe6DiJE6j5k2SuHKMmuVV7VY/edit?tab=t.0,,"The project is led by two co-founding brothers, Julien and Hervé GAKPE, a team of three developers, and a few strategic supporters.  

Julien began his career as an M&A investment banker and later joined Bpifrance as an institutional investor focused on blockchain. As a Fund of Funds investor, he completed investments totaling over €200M. Julien also worked as a full-stack web developer for three years after training at 42, a renowned french coding school. He graduated from Toulouse Business School and completed an executive program in Blockchain and Decentralized Finance at Ecole Polytechnique. (Linkedin)  

Hervé is an experienced CFO who started his career in project financing for African infrastructure before moving into the startup sector. He held positions as Financial Manager and CFO at SMASH Group, supporting over 30 startups and SMEs with financial structuring. He now oversees Minah's operational and financial development. Herve graduated from ESSEC and EMLyon. (Linkedin)  

Coralie Lolliot joined as Head of Partnerships. She is the former Head of Africa at Sciences Po Paris (the 2nd best political science school in the world), former United Nations consultant, and former Director at the Africa CEO Forum and AFIS — two major business events in Africa. (Linkedin)

  
The development team includes Mishael Stanley, Head of Blockchain Engineering, Ph.D. in Tokenomics, and graduate of École Polytechnique. ; Erwan Lajouannique as lead developer (42 graduate, GitHub: https://github.com/erlajoua) and members of the Dar blockchain team, with whom they collaborate closely, including Hatem ([GitHub](https://github.com/hatemua): https://github.com/hatemua) and Yessine ([GitHub](https://github.com/yessinemaalej):https://github.com/yessinemaalej).  

They also have a strategic contributor, Tiziana Bonbassei, based in Dubai (Marketing and Partnerships), along with advisors such as the Founding Partner of TRGC, an investment fund in Amsterdam. (Linkedin)",checked,5b8c56fd (https://v5.airtableusercontent.com/v3/u/50/50/1771855200000/MXTlR5CElarXXz3x3go0_A/U9px0cW-nTcR_NRtUpACdV8AZuS_bMJnuZr0mYYo__mUEMlLCzQAYBy87-9FiLgbvaSMaY8lHf4yB9ftzserJzPO3vIk2eLarMOd6N11-NglPZ992uL2rc1yQkVtS7tfuyRVgO2eJIoBK1mCjdSPxQ/MtURyV3b7noh_sdl-yW6SucxzTcETeeKS6N6zCFBSkI)
Vanna Protocol,Development,Financial Protocols,https://vanna.finance,"Vanna is building DeFAI's 1st Proprietary Trading Protocol using Composable Leverage & Chain Abstraction to let users Borrow upto 10x capital, trade borrowed capital on aggregated leveraged Derivatives & spot markets, earn leveraged yields across DeFi protocols & optimise risk exposure of delta-neutral strategies with sophisticated risk-management tools like Greeks.",$145000.00,$48333.33,No specific region of operation,Vanna Protocol,Vanna- A DeFi Prop Trading Protocol,,,SCF #38,SCF #38,"Not yet, I don’t have a Github yet but my project will be open-source",https://github.com/vannafinance/Protocol_V1_Soroban,https://discord.gg/2GCy9YaECT,https://x.com/vannaprotocol,https://www.linkedin.com/company/vannaprotocol,https://x.com/vannaprotocol,,"We are two founders having deep expertise in DeFi, trading infrastructure, security research, and AI-driven automation.

Vatsal (Co-Founder & CTO) — Solidity Developer, Quant Trader & Security Researcher

Background & Experience:

-   5+ years as a Solidity developer, previously worked at Spectral Finance & Polynomial Finance.
    
-   2+ years as a quant trader in the Indian stock market.
    
-   Security researcher, independently identified 15+ critical vulnerabilities in DeFi protocols.
    
-   Currently leading Vanna’s technical development, smart contract security, and DeFAI innovations.
    

🔗 Github: https://github.com/vatsal095

🔗 Linkedin: https://www.linkedin.com/in/vatsal-h-salkiya/

Opinder aka CryptoSingh (Co-Founder & CEO) — Product Lead, BD, Tokenomics & Hedge Fund Manager

Background & Experience:

-   12+ years of professional experience including 9+ years in Web3/Crypto.
    
-   Worked as a Data Scientist at MuSigma for in 2012
    
-   Led Aave’s entry into India in 2017, educating institutions, growing adoption & helping them raise millions.
    
-   Sold Koinfox (first Binance broker partner in SEA) in 2020, a 3Commas-like trading platform.
    
-   Managed a hedge fund (Chain Assets Capital) in 2020, investing in Web3 startups.
    
-   Educated thousands about blockchain at national govt institutes like ICAI, NPTI, and IITs.
    
-   At Vanna, he drives product innovation, operations, business growth, marketing, and partnerships.
    

X (Twitter): https://x.com/opinderpreet

Linkedin- https://www.linkedin.com/in/opinderpreet/",checked,beb51c98 (https://v5.airtableusercontent.com/v3/u/50/50/1771855200000/nRCg1yn14q0waqs00Ao43Q/Z2pmgglZaia41ofxSK-8kjwM_w71eGmvQY0cbyS8qT2A5_D6sCVBQrGfCtgYq6J15WKwvCnuKqufDnlULnTNfGET1fG9eTSe7-kBb6NsTUpN8z-N40ZR2UQBj-AUQhQny1fLyxfhuF_ZAhA7iEM1zQ/uygNxxP7JooiWtL_64Lg1co-ynLvE5GLRDi2m70oy8A)
Lumen Later,Development,Financial Protocols,https://www.lumenlater.org/,"Lumen Later is a Soroban-based BNPL protocol on Stellar. It offers over-collateralized, instant credit with a 14-day interest-free period, automated fee distribution, liquidation, and real-time solvency checks, built for scalable DeFi lending.",$131550.00,$87700.00,"Latin America & Caribbean,East Asia & Pacific,Europe & Central Asia,North America (without Mexico)",Lumen Later,Lumen Later: BNPL on Stellar,,,SCF #39,SCF #39,"Yes, fully open-source with Github",https://github.com/lumenlater/lumen-later,,https://x.com/LumenLater,,https://www.lumenlater.org/lending,,"Tristan Kleine-Fournier: Co-Founder & CEO: Led Growth at Harmonix, Investment Partner at DPVS, Led Bitcoin Accelerator  
  
Sungmin Aum: Co-Founder & CTO: Masters in Blockchain and Cryptocurrency 10+ Years System & Blockchain Engineering, Web3 exit, Deep On-Chain Systems Expertise",checked,saxz8olrmahvkuwnimty.png (https://v5.airtableusercontent.com/v3/u/50/50/1771855200000/orVV40-vGjIjQCJ0OuTk8Q/fELuwcJAnIjWcZSbN73BIhKpRoVcEH20x0N0JT8NxjeSnW7Vrtqb3mUau6vkIfasj8azvXzLxYC59l1b73ZQ4WdQdKEa69x1TvAiNmQSUjlyJ_gsG3kA_D2NE_Obv0tlzf36305hGMwGiKJBni9iwA/KqjWVc49wGVlNeMIgHCuHFP0BUGRDBpAB8EnOxyEZKk)
Legasi,Development,Financial Protocols,https://www.legasi.io/,"Legasi is building the first on-chain Lombard lending infrastructure, replicating the private banking model of asset-backed credit, designed for institutional use. It enables investors and enterprises to borrow stablecoins or fiat against crypto and tokenized RWAs, bringing long-term, capital-efficient financing to the blockchain in a transparent, programmable, and fully compliant way.  Through a dedicated lending SPV refinanced by institutional liquidity providers, Legasi connects compliant capital with blockchain-based collateral pools. Collateral remains non-custodial and auditable on-chain, while conversion to fiat is facilitated off-chain by regulated PSPs and EMEs such as Circle, ensuring full AML/KYC compliance and seamless TradFi ↔ DeFi interoperability.  Unlike short-term, leverage-driven crypto-backed loans, Legasi provides multi-year financing with stable and competitive rates, focused on capital preservation rather than speculation. Its progressive liquidation mechanism enhances safety by avoiding abrupt liquidations and preserving collateral value, which is key to institutional risk standards.  Aligned with Stellar’s mission to bridge TradFi and DeFi, Legasi delivers the credit layer for tokenized assets. By leveraging USDC and EURC on Stellar, the protocol enables cross-border, real-time settlement of Lombard loans and establishes a scalable, compliant RWA credit market within the Stellar ecosystem.  Legasi’s long-term vision is to make every tokenized asset bankable on-chain, bringing the trust and precision of traditional finance into the open, interoperable world of Stellar.  The project is incubated at 42’s startup incubator within Station F, the world’s largest startup campus in Paris.",$93660.00,$31220.00,No specific region of operation,Legasi,Crypto Lombard Credit on Stellar,,,SCF #40,SCF #40,"Partly, I do have a public Github",https://github.com/legasicrypto/borrowing-protocol,,https://x.com/legasi_xyz,https://www.linkedin.com/company/legasi-io/,https://docs.google.com/document/d/1GI4NslWU1flzwnZtmbE0ogz414vfzqul/edit,,"We are two co-founders active in the crypto space for over 7 years, combining strong expertise in finance, blockchain, and product development.

Valentin Pouzolles (CEO) - LinkedIn

8+ years in finance and startups, former CFO supporting high-growth tech companies.

5 years at MesDocteurs :

-   €13M+ raised, including strategic investment by Groupe VYV
    
-   Startup acquired by Cegedim Santé (May 2022)
    

3 years at PayinTech :

-   €7M+ raised across 2 rounds (€2,5M + €4,5M)
    
-   acquired by Merim Group (March 2021)
    

Certified Blockchain Product Manager by Blockchain Business School

Arthur Gaspard (CTO) - LinkedIn - GitHub

-   5+ years in data engineering / key account management.
    
-   Full-stack developer experienced in building and scaling complex systems for data-driven products.
    
-   Led architecture and product delivery for multiple enterprise-grade projects.
    
-   Ecole 42 Paris alumni (2016-2018)
    
-   Master II - International Management from EDC Paris Business School.
    
-   Certified Blockchain Lead Developer by Blockchain Business School.
    

Together, we are building institutional-grade on-chain credit infrastructure, supported by a network of advisors in legal, compliance, and institutional finance to accelerate development and adoption. Legasi is incubated at 42’s startup incubator within Station F, the world’s largest startup campus in Paris.",,8de1a208 (https://v5.airtableusercontent.com/v3/u/50/50/1771855200000/hrBWyqDc6XLPBy9qjrgO9g/4PywIGDMAsOZmDMWSf2eSrKvh7qPicB55bnyW9EmizZ4m9kxKd1pBbzYv9ekITShXhCJGmYLRaAoreTNb2vaCT6F39uaEfLyBpfzwh9x-_EwCF5qRKIKlc8tybsgLaYW_6B45mBJzIsPMmnvrxUP2g/mk1_UYESQOmzRXqEXVD0m-SD787719LXTM81ynxJHTw)
Venerez,Development,Financial Protocols,https://www.venerez.com/,"Venerez is building the first programmable spend platform on Stellar to solve a fundamental gap in global finance: the lack of secure, compliant, and user-friendly tools for shared fund management in underserved and decentralized environments. By merging programmable smart wallets, role-based multi-signature approvals, policy-driven spending rules, and real-time analytics into a seamless, globally accessible platform. Venerez empowers teams, families, DAOs, and small businesses to control and track funds transparently without sacrificing usability or security.",$99675.00,$38225.00,No specific region of operation,Venerez,"Venerez POC for Build, Venerez Spend Management",https://communityfund.stellar.org/dashboard/submissions/rec7OzP8TmQNLc1Gp,,"SCF #30, SCF Kickstart #9, SCF #34 , SCF #35, SCF #36","SCF Kickstart #9, SCF #36","Not yet, I don’t have a Github yet but my project will be open-source",https://github.com/VenerezHugo,,,https://www.linkedin.com/company/venerez/,https://www.venerez.com/storage/Venerez_V3_01_Spend_T62ngoazZpQ4bRh68W3o_3rd_submittal_20250525/Analytics-Explanation-for-Stellar-T62ngoazZpQ4bRh68W3o-3rd_submittal-20250525.pdf,,"Stellar-Venerez-Staff Overview & Security:  

https://www.venerez.com/storage/Venerez_V3_01_Spend_T62ngoazZpQ4bRh68W3o_3rd_submittal_20250525/Stellar-Staff-Justification-V3.0-T62ngoazZpQ4bRh68W3o-3rd_submittal-20250525.pdf  

Key contactable members:  

http://linkedin.com/in/roland-schoettle-7a847211

http://linkedin.com/in/hugo-dobney-b26916311  

Brief Summary:  

Venerez is a platform that conforms to all regulatory requirements — and is focused on partnering with regulated financial institutions and governments of emerging economies pursuing digital transformation.  

Most regulated financial institutions require partners to assume full financial and regulatory liabilities. This makes it extremely difficult, if not impossible, for early-stage financial projects to bear the costs of providing hard warranties or liability coverage—especially given the risks of malicious actors, copycats, or unauthorized modifications. To reduce exposure to much higher compliance and insurance costs, and to ensure team safety (due to the sensitive nature of our work), we do not specifically disclose team members involved in the project.  

Underlining our members & their expertise: there are 6 internal members and 4 external team members on the Venerez Team. All are ready for immediate engagement.  

4 with over 15 years of full-stack development and engineering experience, including financial application development for both traditional finance and crypto platforms (e.g., tokenized exchange cores). Skilled in Scala, Java, Python, C/C++, and Rust.

  
2 with over 6 years of full-stack development experience.  

All 4 external team members are experienced in blockchain migration and development, including crypto wallets, exchanges, and tokenization tools.  

Specialising in all features required to deliver:

- tokenized exchanges

- search engine

- CRM  

The program manager, Mr. Roland Schoettle has many years of experience building and running teams of developers, engineers (both hardware and software), marketers, executives, and more. The largest team of developers (and engineers) was over 140 people and delivered new chip technology as well as the low and high-level software that ran on the hardware. Other development (software) projects included financial high-speed trading, energy management, mesh networking, social media, advanced marketing, and more.",checked,94eb4543 (https://v5.airtableusercontent.com/v3/u/50/50/1771855200000/RdZSVAwo8sG3d4KqWztxuQ/9FWMbHEhbN41msIQIfcLxdGxQqIbSc9hhNW9ZQPGBzfm5R4eHtCcwGwCN2YgHxs9GmCX3yxb8JYAIqndwlKfP8eHeBlRwujmlJFd4PZm74dL5617tHgSbAyU1f_niVMvWftlwW_dyHy8klo30Ydd8A/R3lHS3wo_k4FEj-CBcO6YQUYgV7aNI1yC51Nn8rq6tU)
TrustSwap: Team Finance,Development,Financial Protocols,https://www.team.finance/,"Entering Web3 is complex, expensive, and time-consuming, with significant security risks. That is why we developed Team Finance, a comprehensive and secure token management platform offering a full suite of defi services, including token minting, token and liquidity locks, NFT locks, multisender, staking, vesting-as-a-service, and more.",$120000.00,$80000.00,Middle East & North Africa,TrustSwap: Team Finance,Token Management and Raise platform.,,,SCF #36,SCF #36,"No, my project does not need to be open-source, now or in the future",,,,,https://drive.google.com/file/d/1WRztIkhUHmMjJGIdbb1IYR4dd5JZn4ye/view?usp=sharing,,"We are a team of 30+ web3 specialists from 18 countries, driven by a shared commitment to building and supporting the web3 multichain ecosystem. Our work speaks for itself: over $3B in TVL secured on Team Finance across 23+ EVM and non-EVM chains, a multichain crypto portfolio app with 5M+ downloads, concluding more than 80 launchpad and incubator rounds raising $100M+, and delivering impactful consulting projects across diverse projects and chains. Behind these results is a team with true experience and passion for Web3.  
Six of our senior members will lead the Stellar project, bringing this expertise to deliver meaningful, high-impact outcomes.",checked,9f0b7c5d (https://v5.airtableusercontent.com/v3/u/50/50/1771855200000/PtB8zh2WR5VxYQooL8I9ow/nOuSuL4IfpRORzxRBT_o-1i_ITMiyLh_n5rY3NEqj8xptE1_IsU49aabrW_x11AltS9LIEjr9DvZJNO7EvQJgqGfKA8aG0iEi2Gm1qYoHvgNIzwE3FwbyF7jb23U9er2CHX45Fz1mPT7z_pu6zrRBg/NEJtWXVyRR4lGdzxCy8MK67tmAk4j738IdiTlAQJmbc)
Stellars Finance: Cross-Chain Perpetuals,Development,Financial Protocols,https://www.stellars.finance/,"Stellars Finance is a decentralized perpetual trading protocol built on Soroban, leveraging synthetic assets to enable users to trade any asset even if it doesn’t exist natively on the Stellar network. By minting and settling trades in synthetic representations of real or digital assets, Stellars Finance removes cross-chain friction and brings global market access to Stellar users.  Using Soroban smart contracts, Stellars Finance ensures transparent margining, liquidation, and oracle-based price feeds, all within Stellar’s fast, low-cost environment.  Beyond trading, our architecture supports cross-chain interoperability, allowing users to open leveraged positions on assets from Ethereum, Bitcoin, or other ecosystems without leaving Stellar. This is achieved through synthetic derivatives that mirror real-world prices and maintain on-chain collateral stability.  By combining Soroban’s secure contract layer with synthetic asset mechanisms, Stellars Finance aims to make advanced derivatives trading accessible to everyone, not just sophisticated traders. Our mission is to expand Stellar’s DeFi landscape, positioning it as a hub for global, borderless, and permissionless financial products.",$119300.00,$79533.33,"East Asia & Pacific,Middle East & North Africa,Europe & Central Asia,Latin America & Caribbean",Stellars Finance: Cross-Chain Perpetuals,Bringing Perpetuals on Stellar,,,SCF #40,SCF #40,"Partly, I do have a public Github",https://github.com/stellarsfinance,,,,https://drive.google.com/file/d/1sdV4dgh9v5oI4GGYnfuP5dquaP2b2mip/view,,"Stellars Finance is led by a proven, multidisciplinary team with deep experience in Web3, product scaling, and DeFi innovation.

- Quinn (CEO):

Former engineer at a big 4 consulting firm (pwc), built production systems for millions of daily users at one of the biggest german news sites (ntv). Consultant and developer for multiple early stage web2 & web3 companies. Experienced in getting startups from 0 to 1 and scaling production systems.

https://www.linkedin.com/in/quinn-eschenbach-7b66b3274/

https://github.com/quinn-eschenbach?tab=repositories  

- Luis (Operations & Strategy): CEO of Jobited, a blockchain recruitment platform serving over 2,000 clients, experienced in scaling B2B Web3 products.

https://www.linkedin.com/in/luis-homann/  

- Mani Patel (Marketing):

Former VP of Forbes Web3, with extensive experience in ecosystem growth, brand partnerships, and community strategy.

https://www.linkedin.com/in/mani-p-b88807218?utm_source=share&utm_campaign=share_via&utm_content=profile&utm_medium=android_app  

- Joshua (Advisor):

CEO of Peridot (Stellar Testnet)  
Multiple-time hackathon winner and team leader with over a decade of experience building blockchain and cross-chain protocols.  
https://www.linkedin.com/in/joshua-schiemann-022729286/

https://github.com/joshschcom  

- Leo (Advisor):

Advisor to Stabble Org, a stablecoin and DeFi platform with over $2M TVL on Solana, guiding protocol economics and partnerships.

https://www.linkedin.com/in/lennart-schwert-a33aaaa0?utm_source=share&utm_campaign=share_via&utm_content=profile&utm_medium=android_app  

Together, we combine technical excellence, proven leadership, and strong industry connections to bring the first perpetual futures protocol to Stellar.",,a717eb22 (https://v5.airtableusercontent.com/v3/u/50/50/1771855200000/BiORJTTm-8ueQGaeYK4r0A/uHOjD1yqADd2v8XbnYl6QTA3v08A0cJKB60w9vPF9rgc-prjKnPmN8dHga71aCE-xfkYwrOSjMZGhnKlFkVN2KhvLEA6zgM06XYHhN-zoJYVwfaaNv-hSUOfC1XIGwZw5lvKPzm4jKvqwb93rhTeJQ/ZbDCISH1CdlTcmXc9NN9905m0LW2z_NMWzNdwJip7jg)
TheXBank ,Idea,Financial Protocols,https://thexbank.io/,"TheXBank is a fully licensed digital finance platform offering same-day crypto-to-fiat payouts, multi-currency IBAN services, and cross-border payments in 25+ currencies. We serve individuals and businesses globally with seamless off-ramping — and now, with our crypto cards already live, users can spend digital assets anywhere in the world, instantly and effortlessly.",$89500.00,$59666.67,"Latin America & Caribbean,East Asia & Pacific,Europe & Central Asia,Middle East & North Africa",TheXBank ,Bridging Digital Assets to IRL Payments,,,"SCF #38, SCF #40",SCF #40,"No, my project does not need to be open-source, now or in the future",,https://discord.gg/ccFjgZZk,https://x.com/the_xbank,https://www.linkedin.com/company/thexbanky-s-r-o/,https://x.com/the_xbank,,"TheXBank team includes 1 dedicated compliance officer, 3 developers focused on building secure and scalable infrastructure, 1 marketing specialist managing outreach and growth, and 2 business development leads handling partnerships and expansion. Together, we’re building a seamless digital finance platform bridging crypto and fiat globally.",,8e6aa651 (https://v5.airtableusercontent.com/v3/u/50/50/1771855200000/xKM6CjhMVqoNxSxAkWfOsA/7i0FSunW6ZBQQcHwMEoylfPxdRbo4MF1_KqSsKFkkBOUdooDSf7qENq52IaykTS2RbVjYxPfdpY-S8RbdDDP6cw6LSKDDdabsV-gKMWVbDcJXzg2JkWtSqtOvO-fb2b3lX2N7lnNLTD9YAgJ6gck9g/76QXjpaTGuas3umfMP9vGqN_rInK_b2zYmXrSY1H8IM)
Blade: TradFi to DeFi Bridge,Unknown,Financial Protocols,https://bladelabs.io,"Blade Labs utilizes Stellar & Soroban to offer a suite for enterprises to tokenize RWA's, facilitating a transition to DeFi. ",$50000.00,$50000.00,,Blade: TradFi to DeFi Bridge,Blade: TradFi to DeFi Bridge,https://communityfund.stellar.org/dashboard/submissions/recggPol2z3X8Ndoi,https://communityfund.stellar.org/dashboard/submissions/recggPol2z3X8Ndoi,SCF #25,SCF #25,"Yes, fully open-source with Github",https://github.com/Blade-Labs ,,,,,,,checked,Screenshot 2024-04-17 at 3.51.02 PM.png (https://v5.airtableusercontent.com/v3/u/50/50/1771855200000/CAahuISgW2Cw4LsZYbo42w/qCBYpQQ8SNbX7haOJNuQBMteU3SkAJAo1b_vHvgf8t-b6rkiV7EC9Pn8vYOKIcKawwhgSZgo6BqSgfNARUjnPQPQb9BoueLCeSu2NjN3QwyLMeFBGqFL_GFNYIgNkq8bF52n5kuxvdDO4HOmUyRg6fzCgK6pT0n6AIHlzYl9XOqacZO9mDrTxiCs4gCZH2KE/Dc-y-KNQE-hkJ-u4nYjLB3Qa2S7ButrVigCJMfXg0wE)
Bousol Wallet Enterprise,Mainnet,End-User Application,https://bousolapp.com,"Bousol is a blockchain-based digital wallet enabling secure, low-cost cross-border payments and financial services for underserved communities. We now want to expand to an enterprise wallet, permitting businesses to manage payments with maker-checker. Manage multiple accounts, Create deeplinks for e-commerce, and issue and track invoices onchain.",$149215.00,$149215.00,"Latin America & Caribbean,North America (without Mexico)",Bousol Wallet Enterprise,BOUSOL Wallet ,https://communityfund.stellar.org/dashboard/submissions/recm9ZUkSwbmmjm9I,https://communityfund.stellar.org/dashboard/submissions/recm9ZUkSwbmmjm9I,"SCF #30, SCF #41",SCF #30,"Not yet, I don’t have a Github yet but my project will be open-source",https://github.com/bousol/bousol-contracts,,,,https://play.google.com/store/apps/details?id=com.bousol.wallet,,"Jude Jean-Baptiste is the Founder and CEO of Paon Bleu Inc. and the creator of BOUSOL. He has a strong background in banking, finance, and accounting, and has spent his career building practical financial systems that improve control, transparency, and efficiency. Previously, Jude was CFO of ePower S.A., Haiti’s largest independent power producer, where he managed large, institution-backed financing and day-to-day financial operations. His experience running complex, regulated financial operations makes him well suited to lead BOUSOL as it scales a real-world payments platform.

Jean-Claude Fignole, co-founder and Chief Impact Officer, leads BOUSOL’s work with NGOs, donors, and international institutions. He has over 10 years of experience managing humanitarian and development programs, including serving as Haiti Program Director at Oxfam America. He also previously led coordination between NGOs, the Haitian government, and donors. Jean-Claude brings strong field experience and understands how to turn institutional goals into projects that work on the ground.

Isaac Xiacheng Hou, co-founder and Chief Technology Officer, leads BOUSOL’s technology and product development. He has deep experience building blockchain and fintech systems, including work at Binance, where he helped develop secure, high-volume financial infrastructure. At BOUSOL, Isaac is responsible for building and maintaining the wallet, payment systems, and integrations needed to support users, merchants, and partners reliably.

Martine Laroche Cuvilly is Country Corporate Officer for Haiti and leads local execution and regulatory engagement. She has more than 20 years of senior leadership experience in banking and operations in Haiti. She is currently President of the Chamber of Commerce and Industry of the Ouest Department and previously worked as a credit officer at Unibank. Her experience and relationships provide BOUSOL with strong local credibility and regulatory alignment.",checked,1afbc283 (https://v5.airtableusercontent.com/v3/u/50/50/1771855200000/pKs0s5RRGcO3eCHAw_eslQ/5odYJof5nRLbRQbcx-pFecDC4HW_7R5SnzEDnlHHzZepDUGGh1wOlBkXZhF_4twOs2mST2qZWlb9VUw7yWr84x09qiZSak5roD84mGxKqAfSGJYqheKl3UlBNWg3OvMc2Ra-AMrs87ukFFaTvEQuTg/dvfd2LtPYSUJUTZ-Iq1-z_AjDQcVUF0XCLmqUIRs2Kk)
Trustless Work,Mainnet,End-User Application,https://www.trustlesswork.com,Escrows-as-a-Service ,$70000.00,$70000.00,"North America (without Mexico),Latin America & Caribbean",Trustless Work,Escrow-as-a-service platform on Soroban,https://communityfund.stellar.org/dashboard/submissions/recNs5mLS2K2GFKVu,https://communityfund.stellar.org/dashboard/submissions/recNs5mLS2K2GFKVu,"SCF #31, SCF #41",SCF #31,"Yes, fully open-source with Github",https://github.com/Trustless-Work,,,https://www.linkedin.com/company/trustlesswork,https://www.trustlesswork.com,https://amp.runtimeverification.com/public-report/trustless-work,"We are 4 in total, 3 devs and 1 product manager, we met on a web3 dev community. Alberto (PM) has a lot of experience leading products from scratch, and has been on the web3 and blockchain space since 2020. Devsare OS contributors on Ony Dust.",checked,1d93dc30 (https://v5.airtableusercontent.com/v3/u/50/50/1771855200000/Nk_sm1qJ9PYY2M6CByLtzQ/vuwvwOmSsJETK-phvTtNKQhTn-oNRk9B8Qh8naA04y_tASgw_2OFCZ6Ai9Rs5CkclW8exdINURQjLtMKw1iTXlIlsZ8TVZg9P-stXDzhP8u4qaH1BIS943gq98dYCUgOmZx1CCRcBCfo1ULNyGZRWw/hT2zebQA1uCgI3zuxTgv2d2xTELgEQy7jOfpltiT7rU)
Syklo,Mainnet,End-User Application,https://syklo.io/,"We are integrating decentralized yield into a P2P wallet using the Blend lending protocol on Stellar. Wallet balances are typically idle; this feature lets users opt in to supply USDC to on-chain lending pools and earn interest from borrowers.

The objective is to:

*Enable passive yield on USDC without leaving the wallet

*Keep the experience simple for non-DeFi users

*Maintain user custody and on-chain transparency

*Increase wallet engagement and capital efficiency",$25100.00,$25100.00,,Syklo,Syklo WooCommerce integration,https://communityfund.stellar.org/dashboard/submissions/recnQwmWOJN7EZPmj,https://communityfund.stellar.org/dashboard/submissions/recnQwmWOJN7EZPmj,"SCF #17, SCF #19, SCF #19, SCF #41",SCF #19,"No, my project does not need to be open-source, now or in the future",,,https://twitter.com/syklo_app,,,,"Jorge Ruiz — Co Founder of Syklo,  Senior engineer and entrepreneur (15+ years) spanning mobile, fintech, and web3 / DeFi co-founded Airtm.com and built the Heurist.ai agent framework; ex-CTO/CEO.

https://www.linkedin.com/in/jorgere/

Cristina Manrique — Co Founder of Syklo, Senior engineer (15+ years) in web3, computer vision, AR/VR, fintech, and game dev; pioneered early AR/VR implementations and served as technical lead on multi-disciplinary projects.

https://www.linkedin.com/in/cristinamanrique/  
Hugo — CPO and Web3 DeveloperUnreal Engine developer with 6+ years’ experience across C++, Blueprints, and systems design; led teams on large Web3 game projects and builds engine-level tooling.

https://www.linkedin.com/in/hdolivares/",checked,9fc90de2 (https://v5.airtableusercontent.com/v3/u/50/50/1771855200000/04s7Rn4VZfchqesqBWrEIQ/bZFpJMOy69pTRVZR6da19hra7c_Ji8AyzWBWDHGMwZ4aZ8NdoW9dqxA54jA7-dKtnM8HXvS3aYDq1ma8W0e38jKCZKZvqpbTII1w-PVK2D6InSaZmaIgtVPeqyafaXH30WpIp8qUlgcbxUC0IQVPrA/45B5mpqq6_n-bPwt1uNv87DrDE1k1XQdIqNnH12ue7Y)
Tipper,Mainnet,End-User Application,https://www.tipper.lat,"TIPPER is the best way for creators to get tipped in USDC on Stellar. Tipper allows for Latin American influencers, artists and communities that want monetize their audience, get support from fans anywhere around the world, and convert their tips and earnings into Digital Dollars in an automatic revenue stream that content creators can withdraw whenever they want, receiving Dollars even when they do not have a Dollar account.",$70875.00,$80875.00,"Latin America & Caribbean,No specific region of operation",Tipper,"Tipper: Kickstarter MVP, Tipper mainnet (Post kickstarter)",,,"SCF Kickstart #11, SCF #37, SCF #41","SCF Kickstart #11, SCF #37","No, my project does not need to be open-source, now or in the future",,,https://x.com/tippercreator,https://www.linkedin.com/company/tippercreator/,https://docs.google.com/presentation/d/1fCGUg0Vq4ROs2KciVq0L4Ev_Nrh3XPZlwtMtN00epro/edit?usp=sharing,,"The team is led by Ernesto Contreras; and includes people with experience in social media influencer management, payment applications, and fintech development.  
  
Team members include:  
Ezio Rojas: For Growth and community engagement. Ezio is a crypto OG with past experience as the LatAm growth lead of Polkadot, and Chief editor of Cointelegraph in Spanish. https://www.linkedin.com/in/ezio-rojas/  
Ernesto Contreras: Strategy and Business development. Ernesto is a builder, experienced in real world crypto-Fiat integrations, launched Unalivio with the Stellar community. https://www.linkedin.com/in/contrerasernesto/

Ruben Padilla: Backend and development. Senior developer with over 5 years experience in Fullstack, focused on ReactJS, NextJS for Desktop and Mobile. https://www.linkedin.com/in/rubenp0492/ Fabian Fariñas: Cash-in integrations and backend support. https://www.linkedin.com/in/ffarinas/  
  
In the past we have integrated into three different stellar anchors and have processed over 100,000 USD in payments for our merchant partners; and as a result of this success we received dozens of inquiries from friends and followers, requesting we develop a system that works for the 18 million influencers in LatAm, who have limited options for receiving tips, payment for content sold, and overall support from their loyal fans around the world.

After launching Tipper focused on the cosplayer niche, our already onboarded content creators exceed 1M combined followers (https://tipper.lat/hub) and 91% joined via word of mouth, with zero paid ads. So we know we're onto something massive!",,fdced86c (https://v5.airtableusercontent.com/v3/u/50/50/1771855200000/u0AU8Si0-AtbZEzlkUlKCw/w_6ANCLVzQ7eNnsbOt4w2MYk6NFGKQoejOfjZDoFa3ONv_zN48O2M_kFlG_8vyad4J4dCfkUOWhAAjeKH0xUQOC_pp80VQqFCD6AFUx5aIO-h0kF8F1sX87bf3sLF1BqtgEEypgZFSgqtUAnsfEsVA/W64UtSNpRzXIE4ju_gXbbGQrUSU5UagrvuOuAczL9X0)
Tip me,Development,Applications,https://tip-me.org,,$145000.00,$145000.00,,Tip me,tip me - the global tip,https://communityfund.stellar.org/dashboard/submissions/recrPNXsnMqfMFRXI,https://communityfund.stellar.org/dashboard/submissions/recrPNXsnMqfMFRXI,SCF #9,SCF #9,"No, my project does not need to be open-source, now or in the future",,,,,,,,,
Empowch,Abandoned,Applications,https://www.empowch.com/,Offering a mobile wallet to the unbanked the MENA region by connecting them with family members abroad.,$25000.00,$25000.00,,Empowch,Empowch,https://communityfund.stellar.org/dashboard/submissions/recLsBtTbsX1MST6w,https://communityfund.stellar.org/dashboard/submissions/recLsBtTbsX1MST6w,SCF #11,SCF #11,,,,,,,,,,image.png (https://v5.airtableusercontent.com/v3/u/50/50/1771855200000/-ZjW9pzq8AwwHMIuaMXG1g/BZIbK6mOZAh7E7xF7nSw5AGTsIxTv17koCIDFDpO43gBJPJN8U8ROl6Rr0qSfXAmDSqLxOYWQzMvEzJEVaaeHXgCvryxqW-PQ3yUT59DwsE3y__DHrsX03314kli9YynXva49JGqkiSw4Oa4s3AQeA/0D4wW-eQILyqIQwk0HtIDYNC7Hk321lAHT6Lk0KT4Ug)
Rarible.com & Stellar,Abandoned,Applications,https://Rarible.com,"Rarible is excited to deliver a world class NFT experience to Stellar.  Rarible will integrate Stellar NFT's into Rarible.com, and in turn expand the ecosystem, user adoption and multiply transactions to a whole new level. ",$150000.00,$50000.00,No specific region of operation,Rarible.com & Stellar,Rarible.com X Stellar NFT Experience,"https://communityfund.stellar.org/dashboard/submissions/recRfE25wZkOThcrq, https://communityfund.stellar.org/dashboard/submissions/rechCjFLHfSYYxLJA",https://communityfund.stellar.org/dashboard/submissions/recRfE25wZkOThcrq,"SCF #30, SCF #30",SCF #30,"Partly, I do have a public Github",https://github.com/rarible,,https://x.com/rarible,,https://www.similarweb.com/website/rarible.com/,,"Rarible.com is a leading multi-chain NFT marketplace that enables users to create, buy, sell, and trade digital collectibles across various blockchain networks. The platform supports multiple popular blockchains, offering a user-friendly interface for both creators and collectors to engage with NFTs. Rarible also provides tools for launching custom NFT collections, participating in community-driven governance through its RARI token, and exploring a diverse range of digital assets including art, music, videos, and more.",checked,b64d6736-f59c-47cf-9f73-70641eb8a4f0.pdf (https://v5.airtableusercontent.com/v3/u/50/50/1771855200000/6FwX3yo8GckWoc_M_xKD2w/sHXymaGXoAS_3VP5_5y7SdrG5KZG0aumvPgjgeIWnYk564zgx6ClbQuDuuxD4t7qguKgN7L87QqcGZH44KTr2HlZoRtGKZqDpH_X_zw1XCxapQF4C3J5ArCYYOle7q4jhrj8m6tbNsTqLk5Mx3N4FyjLDOfxJk8yHK7VTfdfcwi9E1dzjq48Er8WPLOnzSY-/D5LO1Yy6GOf_D3q_jaX4oOI3l-U74tRsN5vGu8e31es)
LocalCoin,Abandoned,Applications,https://venture23.xyz/localcoin,LocalCoin enables on-chain control of financially incentivized action to help social good orgs with effectiveness and trust.,$40875.00,$40875.00,,LocalCoin,LocalCoin,https://communityfund.stellar.org/dashboard/submissions/recBuWuli95RQarWV,https://communityfund.stellar.org/dashboard/submissions/recBuWuli95RQarWV,"SCF #20, SCF #21",SCF #21,"Yes, fully open-source with Github",https://github.com/venture-23/localcoin/tree/development,,,,,,,checked,screen shot 2023-10-10 at 3.25.54 pm.png (https://v5.airtableusercontent.com/v3/u/50/50/1771855200000/uxsnvsT3_KnR-1-dtBpmgA/ulqzRpNTiVIcYEjTNFUhFCZJIYQIJKbraPOYU5ydrstC_YJz7F0rknV27lsO5jnRUi6gJWdIebLXX_bmF4f-NSPyjaQ-eXsELgGiltTkqCgbsWjuy8jIBzL_xlOfjOVbrvaz7hwAyEHicgTfFJ6ysHrq87Ce62ymUGU-eW7skmY/WfVtxoXx_6GpOwh4UlchMQ2sYf88Z-5tyZuMhn4VVLg)
TAP4Change,Abandoned,Applications,https://tap4change.org,The social micro-funding platform that makes the Donation Experience (DX) attractive to the younger generations.,$80608.00,$80608.00,,TAP4Change,TAP4Change (PoI submission),https://communityfund.stellar.org/dashboard/submissions/recX2xrCk7WLPVew0,https://communityfund.stellar.org/dashboard/submissions/recX2xrCk7WLPVew0,"SCF #18, SCF #21",SCF #21,"No, my project does not need to be open-source, now or in the future",,,,,,,,,image.png (https://v5.airtableusercontent.com/v3/u/50/50/1771855200000/aAHJ-Kc-cLSoYTqEjIBdiw/53cira8YWM919TKw3QDKnad2s3iujwHAllsg58_ftMe4APNpsBu7D8eKvLcEuGeO6KPZlGbEK3VG8jHBq_5lUy-cx9lZIOpbHbmDg2uWwNMVBoFq00zhQzV9ANccgZWxZoUuroDzKuSW8c2aTmzK_w/ZDgLKAx0x4VHO2QiKfbhUS6q0286bVU5eeyf8IHIrDg)
uils,Abandoned,Applications,https://www.uils.la/,Embedded finances for the mobility gig economy ,$141027.50,$141027.50,,uils,uils,https://communityfund.stellar.org/dashboard/submissions/recb7lLAeoG5poknB,https://communityfund.stellar.org/dashboard/submissions/recb7lLAeoG5poknB,"SCF #17, SCF #34 ",SCF #17,"No, I don’t have a public Github",,,www.twitter.com/somosuils,,,,,checked,image.png (https://v5.airtableusercontent.com/v3/u/50/50/1771855200000/n4TaYQIVdL_o4o-VZP8wsw/Y4eX5z_GLEuI2vSjCgscGtHGUNOR4-HGmCBx3JGHlqHgpzeuF9jcs2mmqjf5wgL6KQUziCee5nEtV-KKaKqrDOFP7j9BS8s_IGEeRIuO5hfDsaqIjBXmSr5kom2TPbc0C8fGxwqrg2jNSEX9bYlAiw/jgLYic4RCNSuk_-6FDaC7ogEJibMv5MoBjv5rYJUiDQ)
Plutope Merchant App,Abandoned,Applications,https://plutopemerchant.com,Get paid for everything in crypto as easy as fiat,$33400.00,$33400.00,"East Asia & Pacific,Europe & Central Asia,Middle East & North Africa",Plutope Merchant App,Plutope Merchant App,https://communityfund.stellar.org/dashboard/submissions/recBM684vOLrr3TnL,https://communityfund.stellar.org/dashboard/submissions/recBM684vOLrr3TnL,"SCF #27, SCF #36",SCF #27,"Yes, fully open-source with Github",https://github.com/PlutopeIn/Plutope-Merchant-Stellar,,https://x.com/Plutopeio,https://www.linkedin.com/company/plutope/,https://analytics.google.com/analytics/web/?authuser=2#/p481216306/reports/intelligenthome,,"We at Plutope Wallet are a passionate group of people who share one big dream: To create a secure and user-friendly platform that makes navigating the world of cryptocurrency a breeze for everyone and providing Crypto users the ability to buy and sell with ease.

We're researchers, analysts, and developers – all working together to understand your needs and translate them into features that make the Plutope Wallet app the best it can be. We're constantly integrating with new blockchains and exploring partnerships with industry leaders to make sure you have all the tools you need to thrive in the exciting world of DeFi. Plutope team is ready to build and scale on Stellar as we have a dedicated full time team working on the project.

The Team: 

Kumar Chetan Tyagi (Founder CEO)

BIO: As a crypto user since 2016, I witnessed countless obstacles and missed opportunities. Recognizing a crucial gap no one addressed, I took the initiative. Plutope Crypto Wallet is the culmination of my experiences, a solution born from my own struggles and a desire to empower millions of users like me.

Hitensingh Chauhan: (CTO PlutoPe)

Hitendrasingh Chauhan is our visionary Chief Technology Officer, spearheading our technological endeavors with a keen eye on innovation and advancement. With a robust background in cutting-edge technologies, Hitendrasingh is bridging the gap between Web2 and Web3 with his 11+ years of experience in  crafting innovative applications across both worlds.

Md Saif Salam (Founder’s Office)

Bio: 3+ years of experience in the web3 industry, Crypto Enthusiast with trading roots, building Web3 communities, Operations, and project management.  
 

Tilak: (Solution Architect)

Bio:- Bridge the gap between cutting-edge tech and reality. With 4+ years of experience, craft innovative solutions using blockchain, NFTs, and game development to create immersive Metaverse experiences.

Gurvinder Singh (Graphic Designer)

BIO: Designer with 5+ years of experience and a strong foundation in print design, motion design, and social media creative.",,66937f9b (https://v5.airtableusercontent.com/v3/u/50/50/1771855200000/cYjzLPh8ORlJGV6KAxcwLg/j4V6SnsaZPZgYEYoaknpOsm_8B0na3WwhiOItktQ8lsGF_joiR_agqpkLToYTB3Sog2OjwtaLJZX4aSqeqONBhRr62cyEeD7ijKqJoM5y3s0ubX_iLsKM4cMxYPj0PO5oWheNmQVsMzDwT0Fs8DJrA/1J-J3_zYW1ej9C6w5OLs5L4LmMiDSDSVg5RlbwlnDYg)
The Interstellar Platform,Abandoned,Applications,https://galactictalk.org/d/2412-the-interstellar-platform,,$44868.20,$44868.20,,The Interstellar Platform,The Interstellar Platform,https://communityfund.stellar.org/dashboard/submissions/recxPA89AEpKyJpcP,https://communityfund.stellar.org/dashboard/submissions/recxPA89AEpKyJpcP,SCF #5,SCF #5,,,,,,,,,,
OCTO ultimate SocioFi NFT hub,Abandoned,Applications,https://octoplace.io/,OCTO is a super dApp that revolves around NFT and digital assets with a strong emphasis on creators and their communities.,$40500.00,$40500.00,,OCTO ultimate SocioFi NFT hub,OCTO ultimate SocioFi NFT hub,https://communityfund.stellar.org/dashboard/submissions/rec59dhu7lEcLfHwR,https://communityfund.stellar.org/dashboard/submissions/rec59dhu7lEcLfHwR,SCF #28,SCF #28,"Partly, I do have a public Github",https://github.com/OCTOplace,https://discord.gg/73Ru5XUP2X,https://twitter.com/octoplace,,,,,checked,c60645775df04a9807b7094b211cd164.png (https://v5.airtableusercontent.com/v3/u/50/50/1771855200000/U1h14zWl66ww03P8s9leNA/PgjIhOwgWpv3hDOs8tPRfnhYjZaqerstWLYBQJ89QaM36c2U0w_z2z2ER6NAesG0HwMDH3hpeQhWa2zsUPY0sRjEzXQYD4tW2B68_WJtWZ4spJI8PdqG3nB6qYAmGxkH4lEGyQDdTreXlVMvnvVCjM6Qwfy84NnT5ZcWGZ9sr2JulCp-emuxt1HWSUBBoYoO/kRNMPW8PcWiZLsmR_bZ4WWgNzECfu6b90j5WKXD3mVg)
KometPay,Abandoned,Applications,https://kometpay.com/,"KometPay is the app that helps Latino migrants to better support their families abroad. At its core, KometPay leverages blockchain to offer the most competitive international money transfer option - in terms of speed, cost and ease - between US and Colombia. We also empower recipients to hold and transact in USD (USDC) to mitigate local currency fluctuation and also with free and instant local transfers.",$171294.00,$171294.00,,"KometPay,KometPay",KometPay,"https://communityfund.stellar.org/dashboard/submissions/recuFZQfo6tloPz6e, https://communityfund.stellar.org/dashboard/submissions/recI9BE8VwhuHqyBp","https://communityfund.stellar.org/dashboard/submissions/recuFZQfo6tloPz6e, https://communityfund.stellar.org/dashboard/submissions/recI9BE8VwhuHqyBp","SCF #14, SCF #18","SCF #14, SCF #18",,,kometpay,,https://www.linkedin.com/company/kometpay/?viewAsMember=true,,,,,image.png (https://v5.airtableusercontent.com/v3/u/50/50/1771855200000/N1D9PbI2yeQ6OwEiHHcMfQ/Xw70Ff6yEERy3T6T8n7KryXJKhOwJi35wCAsQ1e7KBK3l-xPfvvb3_v93oPNGROqdP023jwv2mFiqq-end9C6HukzYusUSARo_wrHLnb0T7QRst939rNKvDqFKx0d0xdobU4YCT4MD1MQfcqpfW-1A/zO9NklXgy0RWebNUhI6EvNI0GUMLC7oOJBYENoHpBfY)
MXlet,Abandoned,Applications,,Open Stellar Hardware Wallet ,$19229.23,$19229.23,,MXlet,MXlet - Open Stellar Hardware Wallet ,https://communityfund.stellar.org/dashboard/submissions/rec5yVPK5GlSQgpOG,https://communityfund.stellar.org/dashboard/submissions/rec5yVPK5GlSQgpOG,SCF #5,SCF #5,,,,,,,,,,
EA Kazi,Abandoned,Applications,,EaKazi combines and decentralizes Udemy+Freelancer allowing easy access to freelancers with verifiable credentials.,$36000.00,$36000.00,,EA Kazi,EA Kazi,https://communityfund.stellar.org/dashboard/submissions/recFjl5hx6W6MpaKT,https://communityfund.stellar.org/dashboard/submissions/recFjl5hx6W6MpaKT,SCF #29,SCF #29,"Yes, fully open-source with Github",https://github.com/Grants-Projects/EA_KAZI_backend_ic,,,,,,,checked,1080 (https://v5.airtableusercontent.com/v3/u/50/50/1771855200000/wTa29Er6aBxjCcqwk546JA/65wZL0C0hjFUznoHMVApaUQ5knulFe1LiDBuoW1JbTNlKxqblgAxmGaB-2NH0MOeLJDIJAgfrtSSqL3-A4RaVk5UXGNNR4yHEmvDxOAtPdVeBsfv8mKfL8uh-xhMmNW7g58fj3KI_HM5_W6uR8t8tg/PLyneJaW43U_P04L_h0KTa0YcwXBpkbCNBoHB8Si82Q)
Kata.Games,Abandoned,Applications,https://kata.games/,"Empowering indie developers with tools to create innovative online games, that use Web3 technologies",$25000.00,$25000.00,Europe & Central Asia,Kata.Games,Kata.Games - Sharing platform,https://communityfund.stellar.org/dashboard/submissions/recHtbbed2g2fGLlZ,https://communityfund.stellar.org/dashboard/submissions/recHtbbed2g2fGLlZ,SCF #11,SCF #11,"Yes, fully open-source with Github",https://github.com/orgs/pyved-solution/repositories,,https://x.com/createplayearn,,https://analytics.google.com/analytics/web/#/p474370545/reports/reportinghub?params=_u..nav%3Dmaui,,A few dedicated members,,image.png (https://v5.airtableusercontent.com/v3/u/50/50/1771855200000/5Pn36US6RemfZVMnMtAg9w/BIQKLhSJzrciitGDJGXWNU8r9tsnOl1GhAAKiaLoLlyv15IBtcdMHwoP7e6LXH92BYFf5P1Nd2BdEK4fZv1LABkng8Zf9Ro2-86mx5o9gQL5Q7X8M1d-L50UMdvsoYTzdQcF39jh5PWlw8Ns2VgmLw/_LeF-7-dQJ_isR0C6fh16SkpLZbJY4OH-K9tyjewzMs)
Mojoflower,Abandoned,Applications,https://www.petal.so,Mojoflower is building a number of products on Stellar. Bloom is a entity creator built on Soroban and Petal is a document signing service that allows users to sign documents using their Stellar wallets. ,$343915.00,$343915.00,,"Mojoflower,Mojoflower,Mojoflower","Bloom and Petal, Flora, Mojoflower - Government issue share-ledgers and share-management tools for SMEs.","https://communityfund.stellar.org/dashboard/submissions/rec5zyGnVx1mUR50F, https://communityfund.stellar.org/dashboard/submissions/rec2zLlTCpBSzq6XL, https://communityfund.stellar.org/dashboard/submissions/recY7hkMQ59n12mOa","https://communityfund.stellar.org/dashboard/submissions/rec5zyGnVx1mUR50F, https://communityfund.stellar.org/dashboard/submissions/rec2zLlTCpBSzq6XL, https://communityfund.stellar.org/dashboard/submissions/recY7hkMQ59n12mOa","SCF #17, SCF #11, SCF #7","SCF #17, SCF #11, SCF #7","Yes, fully open-source with Github",https://github.com/Mojoflower-garden,,https://twitter.com/home/Mojoflower,https://www.linkedin.com/company/mojoflower/,,,,checked,bloom_petal_soroban.jpg (https://v5.airtableusercontent.com/v3/u/50/50/1771855200000/jVQeHX-ipy8bSjVjfngQHw/MyHEIGuz5fu-tTqbO60dB6gcr1AmobLoiE7CIKAvHrw-SBYiYNOqM_QYx4Jq7Y4jiuvrRd-IGfBWxKGvrvCqqQGAJ4PHE7q6k9WiUb61Fo_aOawBMVf8NoHEUll6J2jWkpurcNdfkUkLQszjZ-tNcgilwFJ0tj5E7gA6ImhOQs0/dTXvCl25kBRYXjWDZAiFvKMnAa6MYFmpGnFPYCj0zk0)
InstantDAO,Abandoned,Applications,https://vimeo.com/594351794,,$50000.00,$50000.00,,InstantDAO,InstantDao,https://communityfund.stellar.org/dashboard/submissions/recxPZW5xXAdnBNSq,https://communityfund.stellar.org/dashboard/submissions/recxPZW5xXAdnBNSq,SCF #8,SCF #8,,,,,,,,,,
Elsa Wallet: Banking Filipinos,Abandoned,Applications,https://www.elsa.care/,"A wallet for Filipinos to receive, spend and earn from their remittances – bringing them closer to their overseas loved ones.",$95000.00,$95000.00,,Elsa Wallet: Banking Filipinos,Elsa Wallet: Banking Filipinos,https://communityfund.stellar.org/dashboard/submissions/rec98Nb2sLU0GFRvp,https://communityfund.stellar.org/dashboard/submissions/rec98Nb2sLU0GFRvp,SCF #11,SCF #11,,,,,,,,,,image.png (https://v5.airtableusercontent.com/v3/u/50/50/1771855200000/yIlZ1zSdDvO8B5pd8CksVQ/mdxOhW1n5inOlKlpmaBnx6lIqSkiMUOpkWLcpZn6OhTJay3ka6_zPk2K-728eU_AoEhysN1JFgewwvSIkjowq0lvP4Xj7sPYsF2dqk-8pTsis5cpJLgMoOFQD2Mn_q838gbsEdGHclrv9Vm9RHkEdw/rFgrlUcpPOZrL6Wd49XTGAr351Jgd-KkxYHRZ4o55uo)
CryptoCannoneer,Abandoned,Applications,https://blockshangerous.com/cryptocannoneer/,,$20000.00,$20000.00,,"CryptoCannoneer,CryptoCannoneer","CryptoCannoneer, CryptoCannoneer Coin Carnival","https://communityfund.stellar.org/dashboard/submissions/recgqIwRqnhPG0BD7, https://communityfund.stellar.org/dashboard/submissions/recldMd7LbhGVEOB5","https://communityfund.stellar.org/dashboard/submissions/recgqIwRqnhPG0BD7, https://communityfund.stellar.org/dashboard/submissions/recldMd7LbhGVEOB5","SCF #8, SCF #8","SCF #8, SCF #8",,,,,,,,,,
OneClick.Fi,Abandoned,Applications,https://www.oneclick.fi/,"OneClick.Fi offers an all-in-one DeFi onboarding platform to help web3 users get access to the best DeFi protocols/opportunities in one click with simple UX, gamification, and AI-powered risk assessments. ",$150000.00,$150000.00,Europe & Central Asia,OneClick.Fi, OneClick.Fi: front page of Stellar DeFi,https://communityfund.stellar.org/dashboard/submissions/recVvr1MlNxJEIRvs,https://communityfund.stellar.org/dashboard/submissions/recVvr1MlNxJEIRvs,SCF #32,SCF #32,"Partly, I do have a public Github",https://github.com/One-Click-Crypto,https://discord.gg/oneclickfi,https://x.com/oneclickfi,https://www.linkedin.com/company/oneclickfi/,https://www.notion.so/oneclickfi/Confidential-One-Click-Data-Room-25fc6de601db49b8a1df43bc7459b243,,"Technical core team with a track record in Fintech, web3, and AI. Past Performance: Animoca Brands, Polygon, IOHK, Coinbase, Nillion, IDenTV, Oracle, HSBC, Near Foundation, Starknet, Portal, Accenture, ICU, Rabobank, Watcher.Guru, MELD, NatWest Group, Viber, LayerZero, RocketXchange, and Techstars Web3.

11 members full-time",,crmwm4thh76ommoumfug.png (https://v5.airtableusercontent.com/v3/u/50/50/1771855200000/jcburW5k37H8pzj_MBhyOw/HRrDKOxd1l6fKkadjk6p6YvErq-n4nMKqZsumPskml9OtK7N2JyxkgZbc5cVEKvGybMxb9jzq4iBjbze9CZJGKSpRIAIp6cix9B0z3v7R21ffdX_wkiZM3F-yLP9UIfqyZ7tq3RU3TilWq7VUAKK6g/SYESDg_4AFiUHKdEm32bXUc_KY9b8hs_QYe9UtLVlAY)
Boss Money (former Leaf Global),Abandoned,Applications,https://www.bossmoney.com,"A digital wallet that enables users to store, send and receive, and exchange in multiple stablecoins on their phones— no smartphone required.",$249112.00,$249112.00,,Boss Money (former Leaf Global),Leaf Global Fintech: Banking Beyond the Branch,https://communityfund.stellar.org/dashboard/submissions/recGnQ6l4nKzgQLpT,https://communityfund.stellar.org/dashboard/submissions/recGnQ6l4nKzgQLpT,SCF #7,SCF #7,,,,,,,,,,image.png (https://v5.airtableusercontent.com/v3/u/50/50/1771855200000/j66S0gXbpNO2RR0fQRd2zA/AlR4PMRhGsGN60o_FkYG3egU8pf_gpyWPji__4VKYZlpW8Ny9ZaJJrGWReOBc1yEkV6OdZN0qEzof5CC5rwD7E3hZ3rHMjZcqCfB5phUVJpZ55r6gq6Ot3zwbi4AfmhlkFWvXitr862sIGZpti1znA/vnMxBhW5jDIYetqp4vE3E32OJ8eTNcpuRbPW_Kr9JQw)
Blocknify,Abandoned,Applications,,Enterprise Payment Processing,$136517.12,$136517.12,,"Blocknify,Blocknify",Blocknify,"https://communityfund.stellar.org/dashboard/submissions/recmPFaKMX2it9tRt, https://communityfund.stellar.org/dashboard/submissions/reca8IhnJRD2KYwxp","https://communityfund.stellar.org/dashboard/submissions/recmPFaKMX2it9tRt, https://communityfund.stellar.org/dashboard/submissions/reca8IhnJRD2KYwxp","SCF #6, SCF #7","SCF #6, SCF #7",,,,,,,,,,
Task.io,Abandoned,Applications,https://task.io,"Connect teams with your social missions  Mobile-first technology powered by blockchain. Gather data, provide user incentives, and report on the impact created.",$283499.00,$283499.00,,Task.io,Task.io - Economies that reward and connect people,https://communityfund.stellar.org/dashboard/submissions/rechmD8fdwrII1xaQ,https://communityfund.stellar.org/dashboard/submissions/rechmD8fdwrII1xaQ,SCF #7,SCF #7,,,,https://twitter.com/taskdotio,,,,,,custom_nots.jpg (https://v5.airtableusercontent.com/v3/u/50/50/1771855200000/r6YjpHCcI4N5oiAyDbphDA/eLWFmCupUcVFxV95uAgD_n9Q1Uq0NlUjjqP-lSDUzqfWfnsyvy_T32lxpZVqG-_ASvinUu4Pw4uOGnpy4hIADKAWZTVkma0ZEAus65-MNLNblG4DcutsF1uWi2v5L0gV8U5mkXgXyI_INd0Zvqw5Uw/ZZCWoitFSqUQuNuPb-Qw8U14iZp5H9APQM9tmoBTay0)
Copperx - Gateway and Payout,Abandoned,Applications,https://copperx.io,We’re building next-gen financial tools for businesses and consumers to help accept and manage payments using stablecoins.,$50000.00,$50000.00,,Copperx - Gateway and Payout,Copperx - Gateway and Payout,https://communityfund.stellar.org/dashboard/submissions/rec02RUwR3wO7gsH3,https://communityfund.stellar.org/dashboard/submissions/rec02RUwR3wO7gsH3,SCF #29,SCF #29,"Yes, fully open-source with Github",https://github.com/copperxhq,,https://twitter.com/CopperxHQ,https://www.linkedin.com/company/copperx/,,,,checked,Screenshot 2024-08-12 at 11.25.22 AM.png (https://v5.airtableusercontent.com/v3/u/50/50/1771855200000/F_bNaUXdZAZHkFxDPkfcPA/0xJA-HrrG4z-eBvIHtYvRJ3sPO0h3Wvup05yCE7bppPGxrfIWp3lm2nP3F-90lO5M8I1VQfHRJDRPCf3PIP_2xAkXY8roIhck4wbTgSx86-riS81-LUvzg2M8Ds2eHWc17XbC0HG78roehHKOIC3bmQWZb0gSgcWtzStqUNk3skNzGhIzkNDtNnd5_0uATzj/nHlPqP_HVA4lky6Wdio5sKquqzpfkWRfsomjnVdBSDI)
Storehouse Gold to Stellar,Abandoned,Applications,https://drive.google.com/file/d/1InDaM7gYgigDIZtyMIm9SxC5PZXZlR_f/view?usp=sharing,Storehouse is a redeemable token platform giving access to individuals around the world to the protection and stability of gold.,$50000.00,$50000.00,,Storehouse Gold to Stellar,Storehouse Gold to Stellar,https://communityfund.stellar.org/dashboard/submissions/recfvoyPLkwH0dEX8,https://communityfund.stellar.org/dashboard/submissions/recfvoyPLkwH0dEX8,SCF #26,SCF #26,"No, my project does not need to be open-source, now or in the future",,,,,,,,,4715c49135e14b96ac38d58eb7a4cc5c.png (https://v5.airtableusercontent.com/v3/u/50/50/1771855200000/deG7aJn_yzZbUq7Ok45lvQ/OmWKghabBHLdqVRcQ8wEgahYWjb6eCuRjh9RdfahhstXN2BdIKmZLpXAPLvioP5cS0Q_pVWUe09SF_p0UnuVjV-OF_l8X-KDVYORS9lmIOKSajvnWSaMBZdWcTb_CQ3rPiyOkvTfAv6L4491bxs5srdMfjXBNcM_qSGy7V13ry6altIPAkw5BAWrhDIZIOZJ/2Ompso4jDWWlRz6jfqnyyYPPMrhLgbyTkPmIAU8DH9g)
Quidroo,Abandoned,Applications,https://www.quidroo.com/,Helping Nigerian SMEs with unlocking their trapped cash flow.,$35000.00,$55879.97,,Quidroo,Quidroo,https://communityfund.stellar.org/dashboard/submissions/reclXx6KR4ToWTPsG,https://communityfund.stellar.org/dashboard/submissions/reclXx6KR4ToWTPsG,SCF #9,SCF #9,,,,,,,,,,image.png (https://v5.airtableusercontent.com/v3/u/50/50/1771855200000/JKtyChzU21uQaQIa_a5_UA/A-lrV9H3XeLnW1WhE1Rr8yHwNIDJYrrmV6tkF10bmYtxR3ltB5ei6uPHX_GpSrpnYCBhVMhtXGWUcCJT2x5JaaGhu4YXz_MvhGVZen5g7wohhq8irKTz_T78v9a25bE711V4KySzIOZw0buxK-f_8g/jb9fXkY4hX8RDYTKcm5N7BwBTpPIwvO5p0bI-TygxlI)
GetBlockCard.com,Abandoned,Applications,,Use XLM where VISA is accepted (50 million merchants),$0.00,$28114.73,,GetBlockCard.com,GetBlockCard.com - Use XLM where VISA is accepted (50 million merchants),https://communityfund.stellar.org/dashboard/submissions/recTEBVyna1Qu0sly,https://communityfund.stellar.org/dashboard/submissions/recTEBVyna1Qu0sly,SCF #2,SCF #2,,,,,,,,,,
OpenSolar,Abandoned,Applications,,Securitized project financing powered by Stellar,$24357.02,$24357.02,,OpenSolar,OpenSolar: Securitized project financing powered by Stellar,https://communityfund.stellar.org/dashboard/submissions/recei4RC1NYovsqZi,https://communityfund.stellar.org/dashboard/submissions/recei4RC1NYovsqZi,SCF #5,SCF #5,,,,,,,,,,
The Blue Marble,Abandoned,Applications,https://thebluemarble.io,"Fostering Fandom - Simplified Web3 tools for building a vibrant brand community. Customer loyalty through exclusive content, discounts and unique fan experiences.",$328000.00,$328000.00,,"The Blue Marble,The Blue Marble","The Blue Marble, The Blue Marble - Web3 Made Easy","https://communityfund.stellar.org/dashboard/submissions/recWL9vRV4LDN339Q, https://communityfund.stellar.org/dashboard/submissions/recwogHqVCwITwGrG","https://communityfund.stellar.org/dashboard/submissions/recWL9vRV4LDN339Q, https://communityfund.stellar.org/dashboard/submissions/recwogHqVCwITwGrG","SCF #10, SCF #13","SCF #10, SCF #13","Partly, I do have a public Github",https://github.com/orgs/taskdotio,,https://twitter.com/thebluemarbleio,https://www.linkedin.com/company/5288550,,,,checked,1-create-nft.png (https://v5.airtableusercontent.com/v3/u/50/50/1771855200000/vogSbD0uS5_HOjM7ny-xjQ/mNlbNmkRew5TS8n3hQjYt7pJJpSBiqChKiAfvwLN7kme2z_YNiOHhhDQIEGKUxcvtcaexv8lzf-u9pC8OUTFnwfutm4l_vXYVjva_JvA74SPMJHmxo3n8URUocjbO1v_k1WYDaaiyDrU6mCO1mjTgQ/vTiwjWPCw4-npadDCItWtSOvOFEyInoG2CrCqA_0yKM)
FijiCoin,Abandoned,Applications,https://www.mai.money/,,$50000.00,$53569.87,,FijiCoin,FijiCoin,https://communityfund.stellar.org/dashboard/submissions/recSS7NnNEi1Fa3eM,https://communityfund.stellar.org/dashboard/submissions/recSS7NnNEi1Fa3eM,SCF #8,SCF #8,,,,,,,,,,
StellarGuard,Abandoned,Applications,,Security for your Stellar account,$53824.92,$53824.92,,StellarGuard,StellarGuard - Security for your Stellar account,https://communityfund.stellar.org/dashboard/submissions/recCm1a3tDKd0Whro,https://communityfund.stellar.org/dashboard/submissions/recCm1a3tDKd0Whro,SCF #1,SCF #1,,,,,,,,,,
Wally,Abandoned,Applications,,,$0.00,$4800.00,,Wally,Wally,https://communityfund.stellar.org/dashboard/submissions/recGobXzcpx41BHmA,https://communityfund.stellar.org/dashboard/submissions/recGobXzcpx41BHmA,SCF #8,SCF #8,,,,,,,,,,
Stellar Battle,Abandoned,Applications,https://galactictalk.org/d/2237-stellar-battle-win-community-funded-prizes,Win community funded prizes,$0.00,$33746.41,,Stellar Battle,Stellar Battle,https://communityfund.stellar.org/dashboard/submissions/rec8ayEkTa0W6PBNr,https://communityfund.stellar.org/dashboard/submissions/rec8ayEkTa0W6PBNr,SCF #3,SCF #3,,,,,,,,,,
SecuRx - Medical Prescriptions,Abandoned,Applications,https://securxtech.wixsite.com/securx,"SecuRx makes medical prescriptions safer, easier and more reliable than any previous solution for all healthcare systems worldwide",$42400.00,$42400.00,,SecuRx - Medical Prescriptions,SecuRx - Medical Prescriptions,https://communityfund.stellar.org/dashboard/submissions/recwS9b2xRCHdnssZ,https://communityfund.stellar.org/dashboard/submissions/recwS9b2xRCHdnssZ,SCF #27,SCF #27,,,,,,,,,checked,1080 (https://v5.airtableusercontent.com/v3/u/50/50/1771855200000/vJu98hJ4XLjIvVE8fQ9gWQ/2aT8MqWEYc4FNxNbiiQQfEIu4Hy2YmwRAgg52ziZf8ntGRDYt6rpxrtypywPeXJsKuMTR9DfBl_NNLW5I2PsO7ToNd7CWOs5id8k8CzuOf59V7NcaE3uMhrjXs96iVaECZhn1-sC7K-bAkf3zkRUCA/b10INVgFkANby3D9nugY299CAr_UltoterxhKQN72hk)
Whalestack,Abandoned,Applications,https://www.coinqvest.com/,Enterprise Cryptocurrency Payment Processing,$354506.00,$400672.28,,"Whalestack,Whalestack","COINQVEST, COINQVEST - Enterprise Payment Processing","https://communityfund.stellar.org/dashboard/submissions/recTcTox813mQJThm, https://communityfund.stellar.org/dashboard/submissions/recclYO5p5WMKnecg","https://communityfund.stellar.org/dashboard/submissions/recTcTox813mQJThm, https://communityfund.stellar.org/dashboard/submissions/recclYO5p5WMKnecg","SCF #4, SCF #7","SCF #4, SCF #7",,,,,,,,,,62eaf54d58bc5a01e0e20af9_6140c98a2150312f7a4be1a9_image-header.jpeg (https://v5.airtableusercontent.com/v3/u/50/50/1771855200000/gFzeg4dEiH7ooiAbaWlWlg/J6-QpyLGw6f8iVQPqNbbUVJvphMJEwjDkv88F2F7qpGUsOWC-4918Uz5YqnxovvEdWrKMmWaPFgAu0iY_oqsXUJCkxc7EkUD5Ouj09Tm2bITNCJDN_5ubOVvJmnx2gbF__dgttPuR7GRnaVqZc8mswXuXb5f0ipsL2BK9lrB__VV5o0E2scd77d2SRWudkiUSKS_nwbCu7CSlII7MApIhA/txcpS1_Ocfbmblcl5Ameqx3yRm7uemKSH6NvZMhvLC4)
Equilibre.io,Abandoned,Applications,,A Portfolio Balancer for Stellar,$31377.49,$31377.49,,Equilibre.io,Equilibre.io ~ A Portfolio Balancer for Stellar,https://communityfund.stellar.org/dashboard/submissions/recOfX9DBePHbRry1,https://communityfund.stellar.org/dashboard/submissions/recOfX9DBePHbRry1,SCF #1,SCF #1,,,,,,,,,,
ART Club,Abandoned,Applications,https://www.artclubcard.com,"ART Club, sponsored by the Swedish Arts Committee, connects creators with funders and brings discounts to daily shopping.",$40000.00,$40000.00,,ART Club,ART Club: Meaningful Utility,https://communityfund.stellar.org/dashboard/submissions/rec9eqtn0a4eB7iGq,https://communityfund.stellar.org/dashboard/submissions/rec9eqtn0a4eB7iGq,SCF #26,SCF #26,"No, I don’t have a public Github",https://github.com/GRMarkkes/ArtCC,,,,,,,checked,01058a7196598c1bb79f9c31f324e9d6.jpeg (https://v5.airtableusercontent.com/v3/u/50/50/1771855200000/rbUIaQKosvAFRS4JFJGlWQ/9EtmRKyBx98FWz3O2fD8cw9fkMhDE8_RtJbE5r_3S1nMw-9Bpeh3RGRmzIAi7OkFm_KtxJxL3EGGHx0k2EIQqEp_lBeRA3jGWS1OqdyijYqEuOqi8VDMUwWgUzlXpnkYRAVaBUPFuXYvGplVO0PdD8eE6vHL_TYDmxlNZWRhyU8gqhB2JVKEuj8I3kac85tX/sk_RXma4S2uoqVGsToamCO-uNd2RlO7BCNcn1W2aEgE)
PAYGO Crypto,Abandoned,Applications,https://app.paygocrypto.io,"Empowering PAYGO distributors, the platform removes barriers for the unbanked. Aids both small and large-scale businesses ",$16700.00,$16700.00,,PAYGO Crypto,PAYGOCrypto - Stellar,https://communityfund.stellar.org/dashboard/submissions/reckZmrJK4MDVG3lE,https://communityfund.stellar.org/dashboard/submissions/reckZmrJK4MDVG3lE,SCF #23,SCF #23,,,,,,,,,,1 (1).png (https://v5.airtableusercontent.com/v3/u/50/50/1771855200000/xYF4pp7gynCHDz5677xk4A/QibCi_JaHD7VieIZLcSc5iXUq6jGME5aFAS2smdUhujEXRMIu9KEEHnUO7TWOLEJEF4RU9U0bC5QukloQvXQ6p7jdKUmgSZaFn2UpAgyqWEEtAqQxFNtPeZnlwjlXdT2bbxJutKHd-VSllEkJSTaZA/8snCqh2u3P7rwEq9it4HGCeDWq0s_C4rLLgT6bu6FM8)
Accelar,Abandoned,Applications,https://www.accelar.io,"A unified product infrastructure; develop, launch and manage integratedweb2 and web3 features with multichain capabilities.",$33000.00,$33000.00,,Accelar,Accelar - Web3 Infrastructure,https://communityfund.stellar.org/dashboard/submissions/recCMqF6lhiTo4ZeO,https://communityfund.stellar.org/dashboard/submissions/recCMqF6lhiTo4ZeO,SCF #26,SCF #26,"Partly, I do have a public Github",https://github.com/Accelar-labs,,https://twitter.com/accelarlabs,,,,,checked,afb08b0b46da1bbbf9d23ab086519cc3.png (https://v5.airtableusercontent.com/v3/u/50/50/1771855200000/me_CYyRxUuzqB3ANnet7RA/y30NFypdX_CJB5DbyW3u0XI7IMiqOb_Eeaq8-7CzEpIpP-hq-sEOdrKXorTVgVJSIY2oln5rrIN5K1bL-kuSVCzXet9njf5lqaTIKM-_uBHJ_uUNfaKADdUDkHXzM7lEvE3ptapNrMa6HXgPP8cEm05Yu8SGTrhw9Wwxj5VVT6aHMgE9RI6WQCpThYrtHXYo/Ky062DUgc97QuNS9L2Y7SpGXOagCQFW3omoiJ9cpJ3I)
Qolaq,Abandoned,Applications,https://qolaq.org/en,applying smart contract to mutual aid to change the dynamics of the traditional insurance industry,$150000.00,$150000.00,,Qolaq,Qolaq Mutual Aid Platform (MAP),https://communityfund.stellar.org/dashboard/submissions/rec5E23kDxA8mUFZP,https://communityfund.stellar.org/dashboard/submissions/rec5E23kDxA8mUFZP,SCF #13,SCF #13,"No, I don’t have a public Github",,,@qolaq_org,https://linkfly.to/qolaqfoundation,,,,checked,Wallet.png (https://v5.airtableusercontent.com/v3/u/50/50/1771855200000/2dPRfpxMmUOKyZ-48sjJmA/802xvzuyUGHOvBp-c5khDkQDCwCNja-lW0O0TdGdrBxaXyA4Kvk_l3sWN9qN9wfZ6lksC3O3DXy7Xg_uB5xCQiZUX78Xhl4qAE8HAcchfW08NmgRsE8T-d839_KoRvX32KEYZypd_l21rwVeQSWOOA/gZix0DBfuEAIvvALdsVKmDSCZI57sKBXlA4bFggyUuA)
City States: Medieval,Abandoned,Applications,,,$0.00,$22284.91,,City States: Medieval,City States: Medieval,https://communityfund.stellar.org/dashboard/submissions/rec91ZpPLUGNsfPSw,https://communityfund.stellar.org/dashboard/submissions/rec91ZpPLUGNsfPSw,SCF #2,SCF #2,,,,,,,,,,
Tracee,Abandoned,Applications,https://traceeapp.com,"A seamless cross-border payment channel from European SMBs and NGOs to MENA individuals, ensuring quick, secure, and cheap single and bulk transfers.",$128925.00,$128925.00,,Tracee,Tracee,https://communityfund.stellar.org/dashboard/submissions/recMi36KGHYwtBcZl,https://communityfund.stellar.org/dashboard/submissions/recMi36KGHYwtBcZl,"SCF #16, SCF #32",SCF #16,"No, my project does not need to be open-source, now or in the future",https://github.com/Tracee1910/tracee-app,,,https://www.linkedin.com/company/traceeapp,,,,,Top up (How)-1.png (https://v5.airtableusercontent.com/v3/u/50/50/1771855200000/El8OxTJcmxPPO_UcoDyF8A/lZ_Hi8IMA2ZhWhWCxQVC0B6NEl0fKReA67mrNlCQxPWT3mfn5RLo44uJ_wPqBJTTiLEIHQPle0St6-MsfxJHsNWppLiYzCOV4oryrt3EMk7DDzlB8vLCI7FKgs0PFgyxX2qbTVGHrwkPpb3DdL7B3Q/jG9_bupTMENt8sduB2tAXODSx29QQ-_vHTYupSXZNgM)
Mica,Abandoned,Applications,https://mica.rent/,Mica escrow creates security in real estate transactions.,$138700.00,$138700.00,,Mica,Mica,https://communityfund.stellar.org/dashboard/submissions/recdcC4akBWPOdMsS,https://communityfund.stellar.org/dashboard/submissions/recdcC4akBWPOdMsS,SCF #16,SCF #16,"No, my project does not need to be open-source, now or in the future",https://github.com/MicaTechnology/escrow_api,,,https://www.linkedin.com/company/micarent/,,,,checked,image.png (https://v5.airtableusercontent.com/v3/u/50/50/1771855200000/hWGMuAXsgWA_aL4j21rmxQ/MazrHXMITHDUONVMNq4gndqDyUcSfR7oVbvllceDmdtAA3YVsiX93u3lsxpq-CAy8pHMEfCjVpkR-Zd5n1cU6vofHZmgKM6S-uF8N09WQOThk8KqC86K_wFcQjy8AMDcnWJFd1ZpEB0DJKv238xMVg/F_3m4uP5nM_Eb9uhIU22sozWIeyrleo9jjz0V9UQtMw)
AuraPay,Abandoned,Applications,https://somosaurapay.com/,A licensed Fintech company in Europe allowing Latin Americans to send money back home.,$120300.00,$120300.00,,"AuraPay,AuraPay","Aura | A Stellar EURC on-ramp, Aura | A Stellar EURC on-ramp II","https://communityfund.stellar.org/dashboard/submissions/recjKlTlDgoV5dgAr, https://communityfund.stellar.org/dashboard/submissions/recziPrVKcJ52HPDT","https://communityfund.stellar.org/dashboard/submissions/recjKlTlDgoV5dgAr, https://communityfund.stellar.org/dashboard/submissions/recziPrVKcJ52HPDT","SCF #20, SCF #23","SCF #20, SCF #23",,,,,,,,,,image.png (https://v5.airtableusercontent.com/v3/u/50/50/1771855200000/8HOy78nqvAinb7Rrd612OA/uK3isLwHPaT-gveCbn8mR6IM3xhR9FAC9V_0lY0p3zIpp9O4ZJ0n1Lk8GF32BG07qvSg0dwF0r-sFGUhYOL0XZZ1cMglHNcf7McsePjd57_ZQkz6N50xDocXFJr1J99nSieyVhOXFwYOJkWkQ_CzxA/-GwNuVtYbGl3OE9GGb6woRQeQsY3kWQ90_3WvnwAWTQ)
Grip,Abandoned,Applications,https://trygrip.co,The financial control center that supercharges all your financial accounts and cards.,$45285.00,$45285.00,,Grip,Grip,https://communityfund.stellar.org/dashboard/submissions/rec2D9kaGTaA48vU9,https://communityfund.stellar.org/dashboard/submissions/rec2D9kaGTaA48vU9,SCF #28,SCF #28,"No, I don’t have a public Github",,,https://twitter.com/trygripapp,https://linkedin.com/in/trygripapp,,,,,26bedef8a7128b5468429d729c2e8d5a.png (https://v5.airtableusercontent.com/v3/u/50/50/1771855200000/l-OJ0M-g95BMnc29-EAjuQ/Hte51vMejC-nLQXgXOC3uUKMsgFvP8OokI0J1RUdNjgsPhE05u0-pFbHV7CUkIjkBWVzk-Lvy9sWgEMeJHLnD6J9BCboz9pZWrUfJf7ZegavrgsEmVA9PIhvtdI4ojGdug5wh3L9QG_jrs6qIzzzZPXpIMTjVSk2znDF0eeC6C8ddgwLetSZ9wLVLnJrmqIe/BxDm_G9Oi-6ziuqcRoJeLjhvhnC1jLvk-eDtdzCzE8k)
Spatium Wallet,Abandoned,Applications,https://spatium.net/,Spatium offers an open-source Web3 Wallet Builder for businesses which allows to break barriers for mass adoption,$183200.00,$183200.00,,"Spatium Wallet,Spatium Wallet","Integration of Stellar blockchain into Spatium Wallet Builder solution, Stellar-Spatium: New TRX Types","https://communityfund.stellar.org/dashboard/submissions/recKUYCRQLT6Vq3Pj, https://communityfund.stellar.org/dashboard/submissions/recZ46kabInkWZT9Q","https://communityfund.stellar.org/dashboard/submissions/recKUYCRQLT6Vq3Pj, https://communityfund.stellar.org/dashboard/submissions/recZ46kabInkWZT9Q","SCF #13, SCF #22","SCF #13, SCF #22",,,,https://twitter.com/spatium_news,https://www.linkedin.com/company/spatium-capital/,,,,,image.png (https://v5.airtableusercontent.com/v3/u/50/50/1771855200000/5DV53CUbOxqawNdFcrZAPg/Mw77JjEGYeKqyGuwmNe-Pq1BZO84yP15nCLKu_iayv_Do5a87rFwTNlHUOSB7JoymHdUDnc9mWvqDfMGbvx--A_eqVEPcurq_1K1hKfPa-Si4hiz5ay5F9am_gYY-tyiokBIuvIX1aj6P0lnK6hFYg/fSpGEeZDdGA0RlZ_7wNCuiLxLc-MB_eP5l6ZKptzbDQ)
IDUNU: Help Kids Thrive,Abandoned,Applications,https://www.sponsoraschoolkit.com/,"IDUNU: A fundraising and fund distribution platform for high-impact, cost-effective charities working with underprivileged kids.",$30000.00,$30000.00,,"IDUNU: Help Kids Thrive,IDUNU: Help Kids Thrive",IDUNU: Help Kids Thrive,"https://communityfund.stellar.org/dashboard/submissions/rec8hQ6VSQ4036a93, https://communityfund.stellar.org/dashboard/submissions/recLB7DIx8J5C198j","https://communityfund.stellar.org/dashboard/submissions/rec8hQ6VSQ4036a93, https://communityfund.stellar.org/dashboard/submissions/recLB7DIx8J5C198j","SCF #21, SCF #25","SCF #21, SCF #25","No, I don’t have a public Github",,,,,,,,,Screen Shot 2024-01-05 at 1.35.22 PM.png (https://v5.airtableusercontent.com/v3/u/50/50/1771855200000/4x0YPQ28_Y6feJsty4-45Q/-q5E17SNQKZkleK_mHANEJRcyVUidKKlep_nLvomO3fuh6vMCgkKPbFk-pTtsS2Cnlx7Ab8qfp6DD42s8_8vfcr_D6ND7v_bxgvERmCNWenoe2avvHF6kSqJoKnk07N4uQvp776AmRGGdYRtscOtYp72EpcSW673Ht3gJ4NuSFc/CxVC1lPxg1haZ6HhXjofDuauLH7Sq6YBOCnOrmYnD4c)
SGF Solutions,Abandoned,Applications,https://www.sgfsolutions.io/,"Provide liquidity to Argentinians by exchanging USDC for ARS, and depositing them directly into their bank accounts",$30500.00,$30500.00,,SGF Solutions,SGF Solutions,https://communityfund.stellar.org/dashboard/submissions/rec3KOWI0PBoNoy0A,https://communityfund.stellar.org/dashboard/submissions/rec3KOWI0PBoNoy0A,SCF #28,SCF #28,,,,,,,,,,149af4ee269bc1474b932cdb09aca4a6.jpeg (https://v5.airtableusercontent.com/v3/u/50/50/1771855200000/fm9TpK8499w5Qb6BYXyDoA/8nGfoosQE3siHp-3TeKdmYlKIEXgQBPB7oxZUwTh8hV592rDShdqzE8D2qdcklN8Co07EfbaTZQUqY7bBn2eqDSA3BX8LAP1l20xQ4QrfqMstGkqKoSgJ6xldULec40cZdEz5U2gqSkmRrS72QPO0NNvWnx9iXQKvM4366K-bGdCtDAw6N191e9Uad8ZXDgh/uWJxl5EKSL-V62FMsnH2zHQNz-wANh4xr3F1nkuIqko)
Sendit,Abandoned,Applications,,,$0.00,$26477.72,,Sendit,SendIt - Payment via Email,https://communityfund.stellar.org/dashboard/submissions/recDLqNaPrMbRxI77,https://communityfund.stellar.org/dashboard/submissions/recDLqNaPrMbRxI77,SCF #4,SCF #4,,,,,,,,,,
Stellar Tip,Abandoned,Applications,,Tipping for content creators and developers,$0.00,$14257.23,,Stellar Tip,Stellar Tip - Tipping for content creators and developers,https://communityfund.stellar.org/dashboard/submissions/recLG9qWeD5OX4xTP,https://communityfund.stellar.org/dashboard/submissions/recLG9qWeD5OX4xTP,SCF #4,SCF #4,,,,,,,,,,
Stellar Token Launchpad,Abandoned,Applications,https://tokenlaunchpad.eu/,"Enable everyone to deploy tokens (generic, securities) to Stellar in less than a minute with this extensible web app.",$40000.00,$40000.00,No specific region of operation,Stellar Token Launchpad,Stellar Token Launchpad,https://communityfund.stellar.org/dashboard/submissions/recyhIl215OlC9aTI,https://communityfund.stellar.org/dashboard/submissions/recyhIl215OlC9aTI,SCF #24,SCF #24,"No, I don’t have a public Github",https://github.com/CryptixAG/Tokenlaunchpad,,,https://www.linkedin.com/company/cryptix-ag/,https://stellar.tokenlaunchpad.eu/,,"Armin is the CEO of Cryptix and a Web3 and Cybersecurity enthusiast. He sees vast potential in tokenizing real-world assets and using the blockchain to build a more fair, open, transparent, and efficient financial system. His background ranges from software engineering to IT infrastructures and cybersecurity.

Siegi: Siegi has more than 15 years of experience as a developer in several positions. He designs and develops payment systems for more than 15 years and is passionate about decentralization, blockchain, programmable money and cloud native development. He is Solution Architect at Cryptix, focusing on web3 and tokenization projects.",checked,a839eebc94b0c8466993b7522e197ad4.png (https://v5.airtableusercontent.com/v3/u/50/50/1771855200000/qjOB8LwA0PUoaxUBkhy2HA/JR_ElaW7URccoxVC64BDCsvwP_4nRlOYhG8QS-HmK0f6tXIHz4p9qHDqseJ83E6ZPffcwgI7-OXImf1SJNho0KIsofIOvWONL16UQQnZVh0HGwQf5Ko1sTB3GCYYTK3T8gCd0KHa4lM2SSElbWNtBQ/NNEfou-YqLWBVx6fnaTwcw4L7oHVPMUWjqvx21uRGf4)
Paysapp,Abandoned,Applications,,Stellar payments in Whatsapp,$0.00,$28236.80,,Paysapp,Paysapp - Stellar payments in Whatsapp,https://communityfund.stellar.org/dashboard/submissions/rec4C0qVstIHsPgm0,https://communityfund.stellar.org/dashboard/submissions/rec4C0qVstIHsPgm0,SCF #3,SCF #3,,,,,,,,,,
Flux,Abandoned,Applications,https://iflux.app,Crypto and fiat app built for everyday local and international payments ,$38000.00,$38000.00,,Flux,Flux,https://communityfund.stellar.org/dashboard/submissions/recKRR940Gb200ZlO,https://communityfund.stellar.org/dashboard/submissions/recKRR940Gb200ZlO,SCF #22,SCF #22,"No, I don’t have a public Github",,,https://twitter.com/ifluxdotapp?lang=en,https://www.linkedin.com/company/iflux-pay/,,,,,photo-2023-12-01-09-09-05.jpg (https://v5.airtableusercontent.com/v3/u/50/50/1771855200000/8tZw3etboIyTvvG5GH53cQ/nMRA5v9sfrNhHEtjc_Lb0flfV6JTklKLzWiFs66yBSEEQqIRSO2MxYkiUHzQ0MvZTm5OFAJmkkrAL9QC0GiMl8iix2XdCbHJ8rPZfXWP6CEGdr4a_5h1t91X9yQ0JelUsUCBzxvtrYTB_Hjqnf-t31riuLTj2lz3PR76Vw-xaM4/_93uD3da5x_V9R2MIH23HcoDVTpDBHjvkJdh5G81x2s)
Infinity Wallet,Abandoned,Applications,https://infinitywallet.io/,A one-stop self-custodial crypto wallet ,$130000.00,$130000.00,"Latin America & Caribbean,East Asia & Pacific,Europe & Central Asia",Infinity Wallet,Infinity Wallet,https://communityfund.stellar.org/dashboard/submissions/rec19YyUKPo2XVINi,https://communityfund.stellar.org/dashboard/submissions/rec19YyUKPo2XVINi,SCF #16,SCF #16,"Partly, I do have a public Github",https://github.com/InfinityWallet,,https://twitter.com/InfinityWallet,,https://somsubhra.github.io/github-release-stats/?username=infinitywallet&repository=Releases&page=1&per_page=1000,,-,,95276878 (https://v5.airtableusercontent.com/v3/u/50/50/1771855200000/ICYYcQKtE1Q-Y6m-yPHvVw/5jCN2TNpNsMIAJOty63U9nYkJESma2kM_tneSpQt4-AVTo51mk0x_BEPZAJ-1R1ck0E4EocGDU2MUohxVF9q661HLYQZmgBmXPiYfRGcAseM3IoBS90sSf96ZnZ6zgF8ShkkNqqxclEBC1T_HAYx6w/HbXt8LxxRhV8dOahhEu0awrk93C5X9lfRMVC8v-dvqo)
ChainCred,Abandoned,Applications,,Infra for Founders &amp; Investors to exchange &amp; fetch credible company finances on Soroban ensuring data transparency &amp; verification,$32000.00,$32000.00,,ChainCred,ChainCred,https://communityfund.stellar.org/dashboard/submissions/recP4mLvsBD60bfIv,https://communityfund.stellar.org/dashboard/submissions/recP4mLvsBD60bfIv,SCF #27,SCF #27,,,,,,,,,checked,1080 (https://v5.airtableusercontent.com/v3/u/50/50/1771855200000/33W7H7cdks_4XIZ4mtkLUQ/eeLOP70S0vuXJ_q344EkhLtM4XSpvBWSW5xKG0HO7lyxRwp_wnDoa_ZZO9Lsi708oiO0c1X0Xa1Wix-dnN-reo2hbBzDoYjwmLKz_WI8DCQ4oG2oplIGGBQHsMDTZBGdh9pfZL98jZ9Ug79g6IhaCg/VkbIX0hQyF2Q73wjBaiQyw0jhUr08hKFg2Ff3AjW4MA)
Mythforge,Abandoned,Applications,https://www.youtube.com/watch?v=EIS1PxdTrNY,,$35000.00,$35000.00,,"Mythforge,Mythforge","MythForge, Mythforge","https://communityfund.stellar.org/dashboard/submissions/rece5621BPO0nMFIe, https://communityfund.stellar.org/dashboard/submissions/recVFqjqi3AZbPdfb","https://communityfund.stellar.org/dashboard/submissions/rece5621BPO0nMFIe, https://communityfund.stellar.org/dashboard/submissions/recVFqjqi3AZbPdfb","SCF #10, SCF #11","SCF #10, SCF #11",,,,,,,,,,
Stellar Time Machine,Abandoned,Applications,https://www.genieai.tech/,Elevate institutional treasury management with a time-machine explorer that delivers multi-wallet analytics and risk assessments.,$47000.00,$47000.00,,Stellar Time Machine,Stellar Time Machine,https://communityfund.stellar.org/dashboard/submissions/rec76fMEhXJsMmUWD,https://communityfund.stellar.org/dashboard/submissions/rec76fMEhXJsMmUWD,SCF #27,SCF #27,,,,,,,,,checked,Screenshot 2024-06-13 at 2.34.32 PM.png (https://v5.airtableusercontent.com/v3/u/50/50/1771855200000/e8ReFasFxpHqSmaWux4hLQ/QUbOyqnwtwIwZJfGeQlMispmlN5L61ILmt8M6YtxKqfPcTZZNyBbR_9qB0GuAbzZpBnevCPqztGCz4eUYs9HT4v-sPODvQHuQPV2BoEd6SfO8Ii9xuWTcWJaq9N25gfbzj3BHiVvY3jW4ZM1aHS7w7FIle0yxyDg89vOJYJkOJHGVCjgE-jCdlEYzDx3Fexu/iFkp8O9QSt7Yrtd4HkKYsf0uijT0XnNnzwcrCzY6-H0)
triiyo,Abandoned,Applications,https://triiyo.com/,triiyo makes it easy for foreign employees to pay for well-being services back home,$50303.00,$50303.00,,triiyo,triiyo,https://communityfund.stellar.org/dashboard/submissions/reciecXOCIKXi5Urb,https://communityfund.stellar.org/dashboard/submissions/reciecXOCIKXi5Urb,SCF #22,SCF #22,,,,https://twitter.com/hellotriiyo?lang=en,https://au.linkedin.com/company/triiyo,,,,,image.png (https://v5.airtableusercontent.com/v3/u/50/50/1771855200000/va23ZlZ-q0990pcdb3gzVw/Ez-8GlW892AaI45UQTwQxiKINMLWtylHBIKXDKvN5BDsOONQe__B8GqTlTOkyX3wN1c6Wo1LdA_bWwrzLuk2tuyM0yW3m4duCNloxh3shgrakWjPgp486JsLXNP_wXss2x0JPdC8ZcLfG2xuxieNqw/WIPc4bYL7N8OEzjZgn4Be_XYQu99Saj_8hvhfpVivG0)
Kript,Abandoned,Applications,https://kriptup.io,Kript is crypto payments API infrastructure for merchants and businesses,$112000.00,$86333.34,"Sub-Saharan Africa,Latin America & Caribbean","Kript,Kript","Kript -Crypto checkouts, SEP-31 payments for emerging markets","https://communityfund.stellar.org/dashboard/submissions/recBZAaKA8fjdstQa, https://communityfund.stellar.org/dashboard/submissions/rec8IIUvaufFiPUSf, https://communityfund.stellar.org/dashboard/submissions/recaBi8lclJ5h3YgH","https://communityfund.stellar.org/dashboard/submissions/recBZAaKA8fjdstQa, https://communityfund.stellar.org/dashboard/submissions/recaBi8lclJ5h3YgH","SCF #27, SCF #30, SCF #32","SCF #27, SCF #32","No, I don’t have a public Github",,,,,https://docs.google.com/spreadsheets/d/18cJNy5y7YfRlQcxmrwG7Jv3j9cH9hhfhc9ml771pSfo/edit?usp=sharing,,"Team

-   Ayomide Lasaki – CEO and Co-Founder:  
    Ayomide is a dynamic Web3 Product Marketer with five years of experience in building and scaling innovative blockchain-based products. Her strategic vision and expertise in market positioning drive Kript’s mission to leverage the Stellar network for empowering merchants in emerging markets. Ayomide excels in aligning product development with Stellar’s capabilities to ensure seamless integration and widespread adoption.
    
-   Ademola Abisayo – Senior Software Engineer:  
    Ademola is a highly proficient software engineer with a strong background in developing financial and blockchain-based solutions. With extensive experience in the Stellar stack, Ademola ensures that Kript’s platform is robust, secure, and optimized for Stellar’s fast transaction processing and low-fee structure. His technical leadership is pivotal in integrating Stellar Anchors like Flutterwave and Bitstamp, facilitating efficient cross-border payments and currency conversions.
    
-   Peter Ademoki – Senior Frontend Engineer:  
    Peter is a seasoned Frontend Engineer with over seven years of experience in building Web3 products. His expertise lies in creating intuitive and responsive user interfaces that enhance user experience and drive engagement. At Kript, Peter leverages Stellar’s frontend tools to develop a user-friendly merchant dashboard and mobile payment solutions, ensuring that merchants can easily manage transactions, access real-time analytics, and interact seamlessly with the Stellar-powered payment infrastructure.
    

-  

This team combines deep expertise in Web3 marketing, blockchain engineering, and frontend development.",,gnnbex6yku78lxe5srlv.png (https://v5.airtableusercontent.com/v3/u/50/50/1771855200000/IDTdOZU0w-54fdqOSamJnQ/MG90nVV8f8uS4fzVnX8rr8xguT2nRU8KSrI-_mo9Wst5tnUyqyfjpuCwiU8lfXKfg0AB1Nlb1e5rgQhN0id1LSn-0Sazr9eCM0QllGZ2RmOwCcVzGsQIFEpslQ2BmP1pv7OhbNwKhhkBzHjk4TZjuw/7JpEnO213P7CPGmtx76-nqlBdL7O6TQON0iWLVZNxRc)
Oinc,Abandoned,Applications,https://www.useoinc.com.br/,"Oinc is a seamless personal finance solution for LATAM young adults, conveniently enabling better financial decision making",$105000.00,$105000.00,,Oinc,Oinc - Automated Personal Finance,https://communityfund.stellar.org/dashboard/submissions/recHtAS5rmHwAFWhn,https://communityfund.stellar.org/dashboard/submissions/recHtAS5rmHwAFWhn,SCF #17,SCF #17,,,,,https://www.linkedin.com/company/useoinc,,,,,image.png (https://v5.airtableusercontent.com/v3/u/50/50/1771855200000/FK6bfHZqmc3myX8l9Amq5g/g2SP05_FekzrI3_zt2BkZID5t9mObZiMSm7SypsJcBa6XBBHhu5T9BmzV5jtQxR58jyP2ext2OpfjP7iPp4Aebudnz51p8kYuZ9rFU3zWFejJHldFPitgu23nfgc-701cr5QyhTIgdwuxjHumJvHZA/ogeh7MeJ413TQnqzpgPOdrQTRosxy5w5DOeptFw_0as)
BravePay,Abandoned,Applications,https://www.bravepay.net/,"Makes cashless payments accessible to on and offline retailers, transforming any smartphone & website in a POS",$200000.00,$200000.00,Europe & Central Asia,BravePay,BravePay: New Era of payments,https://communityfund.stellar.org/dashboard/submissions/recTgnhXkShvxMuZb,https://communityfund.stellar.org/dashboard/submissions/recTgnhXkShvxMuZb,SCF #11,SCF #11,"No, my project does not need to be open-source, now or in the future",,,,,https://docs.google.com/document/d/1jUWOeugz1MJE8RiBd60o4YKFYUYnhDH6Gu4NjF3HAv8/edit?usp=sharing,,"Javier Gutierrez (JavierBrave#3643)

Co-founder and Chief Executive Officer

Javier holds over 15 years of experience at Philip Morris International, where he held a number of Global and Regional Executive positions in in Digital Marketing, Consumer engagement and Motorsport Sponsorship in F1 and Moto GP. Javier has extensive contact book and deep understanding of the pain points and dynamics of highly regulated industries.

LinkedIn

Saioa Arrizabalaga

Co-founder and Chief Marketing Officer

Saioa is an experienced Marketeer and Communication Consultant. After her experience in the Banking sector, Saioa developed most of her Career in Motorsport Sponsorship at Philip Morris International, overseeing the Consumer Engagement and PR activities for Ferrari and Ducati in 2 Regions. Saioa brings her creativity and broad expertise in consumer facing programs.

LinkedIn

Jose ""Pepo"" Capel

Chief Communications Officer

Professional Magician and Communication Coach for C-Level Executives, Pepo is an outstanding professional that leads our Marketing and Product teams in the development of effective communication strategies and consumer programs that stick and create impact.

LinkedIn

Joaquin Rodriguez

Co-Founder

Joaquin is Senior finance executive with over 17 years of international experience (Europe & LatAm) leading finance & IT functions in multinational organizations (Airbus, British American Tobacco). His business and finance acumen are priceless for Brave.

LinkedIn

Pavle Skerovic

Head of PR and Strategic Partnerships

Our head of PR is a top class Marketeer with over 19 years of international experience in Leo Burnett and Philip Morris International. Pavle, a former professional sportsman, has an extensive contact book within the world of Professional Sports, Art, Fashion and Cinema.

LinkedIn

José Gerpe

Chief Revenue Officer

Manager of a number of very popular Pop and Hip-Hop bands, José is a professional with over 20 years of experience in the TV and Cinema (Televisión Española, Mediaset) and in the Events and Entertainment industries. José’s negotiation skills and broad connections in one of our target industries are priceless for Brave.

Carlos San Juan

Head of Front End Development

Carlos is an experienced Front End Senior Developer obsessed about UX and human centric design. Ivan multi programming languages skills are key for the development of our products and CRM Portal.

LinkedIn

Eduardo Redondo

Head of CRM Development

Eduardo is a talented front-end developer that lead highly complex projects in companies such as BBVA, Telefonica, Carrefour or Wallbox to name a few.

LinkedIn

Jorge Guerrero

iOS engineer

Jorge is a senior Android and iOS engineer with over 10 years of experience as tech consultant and independent developer for high tech startups. His broad knowledge of programming languages and cross-platform experience are essential in the development of our products.

LinkedIn

Rubén Abad

Android engineer

Ruben is a en experience engineer with over 10 years of experience as developer of mobile games. His creativity and experience in the gaming industry are key for the design of gamified mechanics in our ecosystem.

LinkedIn

Sergio Escalante

Head of UX and Design

Sergio is a Senior Product designer with extensive experience in the advertising industry and Tech Startups. His creativity, attention to detail and strategic thinking are essential for the development of our Brand and Products.

LinkedIn",checked,6357e75b95f385940b19620b_Thumbnail.png (https://v5.airtableusercontent.com/v3/u/50/50/1771855200000/fL0Y8g-4QoGVLin3HaM-qA/MgUBUrkBvC6rEI0oel37u3YpqSWl2Wb-nYamN098vCUs50ZXGrJ_eCLSKAJRxv7tnqjQFzXCQRD4W91N9enHfIEfHpP9Y4MQOpYbQkgep5Vdqu1-MjFQqtJ8c8KIs41qSOFhClfylPRT_NJoZGey4w/72uofvP-HzBFHcOctz7b6D-gQNTGI1dw1nG3hU7DRkI)
Answerly,Abandoned,Applications,,,$0.00,$150000.00,,Answerly,"Answerly - Answer questions, get paid!",https://communityfund.stellar.org/dashboard/submissions/recP1Xp2YnSfxoXHE,https://communityfund.stellar.org/dashboard/submissions/recP1Xp2YnSfxoXHE,SCF #9,SCF #9,,,,,,,,,,
QSTN,Abandoned,Applications,https://qstn.us,QSTN is a Web3 survey marketplace where businesses fund surveys and reward participants through our data wallet-driven profiles.,$2500.00,$2500.00,,QSTN,QSTN,,,SCF #20,SCF #20,"Yes, fully open-source with Github",https://github.com/orgs/QSTN-US/repositories,,,,,,,checked,image.png (https://v5.airtableusercontent.com/v3/u/50/50/1771855200000/YmqMKBGMuTWvkdyXlkFzmQ/3Stk6zHQg54PuDe8WjqzBwPpZ9Pxy3p1Zcs3BRiqhJs8GTdcL8dWaRegNRi1lQiFetQdtnY1FJnC8tvSp3537oHBUQt7VmZaWL7uPDJJ8JW-S3Pnhzi-EFDXVU4LgPgjwODQpXwBtPkWd34ZHRHrSQ/ZJ_RoHnyW6gC3MpW7NExJy6IhzSeNTfWSC60ZuYZ7xA)
Ayadee TRAK,Abandoned,Applications,https://ayadee.io,Record product's path through the supply chain on every step from factory to retail purchase,$16737.09,$16737.09,,Ayadee TRAK,Ayadee TRAK Supply Chain System,https://communityfund.stellar.org/dashboard/submissions/recJBwJZzLVSH5ppK,https://communityfund.stellar.org/dashboard/submissions/recJBwJZzLVSH5ppK,SCF #6,SCF #6,,,,,,,,,,
Stellarport,Abandoned,Applications,,"Stellar Wallet, DEX & Anchor",$0.00,$19747.51,,Stellarport,"Stellarport - Stellar Wallet, DEX & Anchor",https://communityfund.stellar.org/dashboard/submissions/recpMYd0rjGNLniyz,https://communityfund.stellar.org/dashboard/submissions/recpMYd0rjGNLniyz,SCF #2,SCF #2,,,,,,,,,,
Emigro,Abandoned,Applications,https://emigro.co,"Emigro is the traveler's digital wallet. A fiat stablecoin-based, card-less digital payments wallet for digital nomads, long-term travelers and expats in LatAm.",$176320.00,$176320.00,,"Emigro,Emigro,Emigro","Emigro, Emigro Launch, Emigro Pix","https://communityfund.stellar.org/dashboard/submissions/recMpM56WpU1AMLd1, https://communityfund.stellar.org/dashboard/submissions/rec3V2931dtXFcoML, https://communityfund.stellar.org/dashboard/submissions/recrEOmS40AmR6y25","https://communityfund.stellar.org/dashboard/submissions/recMpM56WpU1AMLd1, https://communityfund.stellar.org/dashboard/submissions/rec3V2931dtXFcoML, https://communityfund.stellar.org/dashboard/submissions/recrEOmS40AmR6y25","SCF #17, SCF #20, SCF #25","SCF #17, SCF #20, SCF #25","No, I don’t have a public Github",https://github.com/emigro,,https://twitter.com/emigrobr,https://www.linkedin.com/company/emigro-inc/,,,,checked,Emigro-Directory-Cover.jpg (https://v5.airtableusercontent.com/v3/u/50/50/1771855200000/ZLY26SxU8xD5HBWP6VvbnQ/kndjRlBcJTTg1e0piyZGz0JsyJ2hKxAY0L4Exkziq54Qxk7txJQYzhA-SO-F59k9wAWw04UVLsz4iUo1aZrn4eql3pje6GahtmCNST2Jd11GXAK1NJOW9LPZGFryosRgVIXzDelo6MomnG0SpKCF7SZMNcH96MgpYiDR2nW8-rg/QX6zgu3dhesQn1Q8mBZJOyarrEFxhmwwj9fzb3q4IOk)
Legacy Suite on Stellar,Abandoned,Applications,https://www.legacysuite.com/,"Revolutionizing estate planning with blockchain, making it inclusive of digital assets and secure for all.",$49998.00,$49998.00,,Legacy Suite on Stellar,Legacy Suite on Stellar,https://communityfund.stellar.org/dashboard/submissions/recfvb645h7vv8HYG,https://communityfund.stellar.org/dashboard/submissions/recfvb645h7vv8HYG,SCF #24,SCF #24,"Yes, fully open-source with Github",https://github.com/Avento-Labs/legacy-suite-contracts,https://discord.com/invite/Ne6DefZNt6,https://twitter.com/legacy_suite,https://www.linkedin.com/company/legacysuite/,,,,checked,db7448d4c895fdbd8a91561cb36d6a73.png (https://v5.airtableusercontent.com/v3/u/50/50/1771855200000/14BFcHh5fywfgG2kZqmAbw/9jtGW--6n1kaxHJ_bqIMRX7mhXD9l9fAAOSzNpNZG0k2AC0jfe0D5rHK5BfMoVOuu3eQnON5eeNh5CtgTCrIB_Mxp2L5rRX4RzrgxE_PRNYbwIpwvKgKMoXgcjE1EQrs8cVyy60zjji-erOzG2WlIzZZwY9VSpPyr2WlV12f134/uZF7QEti0FFT8k7REmCdM2SPVYG4SyBY87D_44J4Ukw)
Kunst21.com,Abandoned,Applications,,,$0.00,$111600.00,,Kunst21.com,Kunst21.com,https://communityfund.stellar.org/dashboard/submissions/recuF7Hw0AKUPuzrU,https://communityfund.stellar.org/dashboard/submissions/recuF7Hw0AKUPuzrU,SCF #9,SCF #9,,,,,,,,,,
TYPIQO,Abandoned,Applications,https://hub.typiqo.it,TYPIQO connects high-quality local food producers with local high-end Chefs and Restaurants.,$92880.00,$92880.00,,"TYPIQO,TYPIQO","TYPIQO - POI Submission, TYPIQO",https://communityfund.stellar.org/dashboard/submissions/rech7PySqXaETT3Rl,https://communityfund.stellar.org/dashboard/submissions/rech7PySqXaETT3Rl,"SCF #21, SCF #22","SCF #21, SCF #22",,,,,,,,,,image.png (https://v5.airtableusercontent.com/v3/u/50/50/1771855200000/IrVoNyaSfs1CaQMOHvbPng/Og9LQV2ZEupBQ0VPm7E69IG6Q6VYQlDRwQsWxwBfYvUa1PQMUFui9mShJxvd3tznFlBznQmew27acJYFZnKskRobZZQFa1jaHPELYfg91QMnSSEF4HMrdp8RvfgrNg8Y3Q6fGdKVrjg8F-psiUfcJg/0K4brvRYoe_AByszJOw2qKaIo7V7WeL7pMrXogzZobM)
ICanProveIt -Proof-of-Learning,Abandoned,Applications,https://tims-personal-organization.gitbook.io/icanproveit,"An AI exam generation platform for the creation of universally respected, academic-standard proof-of-learning certificates.",$50000.00,$50000.00,,ICanProveIt -Proof-of-Learning,ICanProveIt -Proof-of-Learning,"https://communityfund.stellar.org/dashboard/submissions/rectVXjaidotlGe5e, https://communityfund.stellar.org/dashboard/submissions/recGeBLCfGG5O1TnR",https://communityfund.stellar.org/dashboard/submissions/rectVXjaidotlGe5e,"SCF #26, SCF #30",SCF #26,"Yes, fully open-source with Github",https://github.com/tuvalusoftware,,,,,,,checked,ce2c669cb0fef743e7e1a5d2c0a7d560.png (https://v5.airtableusercontent.com/v3/u/50/50/1771855200000/N6xaoWgjNBuOY9JqXzCdGw/6ge41YT2sU5IKSwRtHK5xDMqSCgxc7JZoJTZjIB5OZZDUmlysAus2IWFQUftuZbV4nhqpvmR7GvOncgY3cxkqmUOBYsVacwk-AJGMuKm3JzKM6otDI2Uln0jPNwhNbYWTscF3vqauAxP8kfRbNgbHO-FRTluh2nFIOW02qM6bwQstwEgda7hIFCpfrNdwDmP/gjbmxdO9MRNedrV4O3GMkV5BT8uDgGB1NLudmggvlG0)
GetPaid,Abandoned,Applications,https://getpaid.africa/,"Provides creators, traders and freelancers in Africa with opportunities to create income through connecting and learning. Live, Work and GetPaid.",$192500.00,$192500.00,,GetPaid,GetPaid,https://communityfund.stellar.org/dashboard/submissions/recNDS0b5hl2VKuFI,https://communityfund.stellar.org/dashboard/submissions/recNDS0b5hl2VKuFI,SCF #9,SCF #9,,,,,,,,,,image.png (https://v5.airtableusercontent.com/v3/u/50/50/1771855200000/eqh9HiWn6624wWN_vRnHSg/P_L7zUZug-XYmOJzV4iw1g8jOaxtJ7vPnM-LpKN_5pgVCKTyGBaKDkMBxdt1A7udNfdeuHPK4YhhL9XTbm67DLQfn3-e4mWv3-ZYfzgQHbmddxqsmfi13pxhMLfsQUMoeSQOesxyVl2YFTjJVw9f5g/Hs40L3QZaE0jisP6P_Xo44WwYO9WGiyfBKF1Ft90o9w)
Autify Network,Abandoned,Applications,https://autifynetwork.com/,Developing a revolutionary cross-border payment infrastructures & supply-chain management through the power of blockchain and AI,$15000.00,$15000.00,,Autify Network,Autify Network,https://communityfund.stellar.org/dashboard/submissions/recTAiDefI9ZNxR9E,https://communityfund.stellar.org/dashboard/submissions/recTAiDefI9ZNxR9E,SCF #14,SCF #14,,,,https://twitter.com/autifynetwork,https://www.linkedin.com/company/autify-network/,,,,checked,image.png (https://v5.airtableusercontent.com/v3/u/50/50/1771855200000/JpLplSAXxP8_FtQCWFTfJA/h7HIFzp2wMSgXHENtp9xJHkE7_pbynA3mbe2Dk3mMe5G2ubOVcwNQVs8ib2D34GNGJ3HVDeW9jWHr24zPhyjOeISo0XkIiDVX_6fQMcGp6X78EaMvgPrHWfCxfhxiSlmPUrZAzivof7Z61fPtsRWvQ/3BnqeAfw4M78amChnM0jIeFvGqrhqfbN3x0rCc33Do0)
Relax,Abandoned,Applications,,"Track human resource assets (vacation days, salary, etc) on Stellar",$4514.95,$4514.95,,Relax,Relax,https://communityfund.stellar.org/dashboard/submissions/recdDizcOwENDizno,https://communityfund.stellar.org/dashboard/submissions/recdDizcOwENDizno,SCF #6,SCF #6,,,,,,,,,,
SoroStarter,Abandoned,Applications,https://www.sorostarter.com/,A secure and decentralized token launch platform with robust asset management for Soroban and the Stellar ecosystem.,$47175.00,$47175.00,Middle East & North Africa,SoroStarter,SoroStarter: Soroban LaunchPad,https://communityfund.stellar.org/dashboard/submissions/recHIlOHhT0rMNGUN,https://communityfund.stellar.org/dashboard/submissions/recHIlOHhT0rMNGUN,"SCF #29, SCF #35, SCF #36, SCF #40",SCF #29,"Yes, fully open-source with Github",https://github.com/SoroStarter,,https://x.com/SoroStarter,,https://www.sorostarter.com/,,"The SoroStarter team is made of seasoned developers, software engineers and business strategist who each  have several years of experience bringing software application product from an idea stage to a market ready product. The team has a combined 30+ years of experience of which most of it in the development of blockchain application.  

The development team have extensive experience building  blockchain dApps, smart contracts both in blockchains that uses a Rust based language like Soroban, Polkadot and Solana, and to Solidity based blockchains.  Their work spans designing, architecting,  coding, and testing both smart contract, front-end and the integration of both.

Some of the past work of the team members include the development of a proxy-like upgradeable smart contract on Soroban, this was developed as a reusable contract library that can be implemented on specific smart contracts. Others include the development of NFT marketplace, development of a DAO mechanism, decentralized p2p marketplace for tangible tokens and many more

We believe that the teams vast experience in architecting ideas, developing smart contracts both in Rust and solidity,, developing user-centered frontends and in the integration of both the smart contract with the frontends using SDKs make us a strong team that would make SoroStarter a successful project.  

The business side is not left out, the experience of our co-founder in affiliate-like marketing inspired the design of SoroStarter’s go-to-market and adoption strategy and in addition to this, we continually collaborate with outside developers and business/marketing specialist as we continue to develop and grow SoroStarter.

  

Some of our main team members include:  

Allaa Alhasan: Co-founder and Business Strategist

LinkedIn: https://www.linkedin.com/in/allaa-alhasan-7785bb200/

Sabdhya Mandne: Fullstack Developer:

LinkedIn: https://www.linkedin.com/in/sandhya-madne-5b2410bb

Kirill Leontiev: Blockchain Developer:

https://www.linkedin.com/in/kirill-leontiev-5a424a231/",checked,e95064a4 (https://v5.airtableusercontent.com/v3/u/50/50/1771855200000/rFM3Wx-TfhHwB7VSj-StmQ/f07H9GSa9KW4n9xLmEoGrGFmuQwRguzzcXxvZaXDBYcv2S4KaCDo_HODH1KG8ka_pwNDsWcQr_ejC2O954wMLsS-LhDywTdCwV8NLGNaEe55FkNGB1l_Ke3sfoUP_fdbGzAqSTOhZyQ7lkqD2g_1uQ/9pPImh2qv19blGUws2qIjUHDZSwMhnNEVP3pJcTg2uw)
Chronospay,Abandoned,Applications,https://chronospay.io/es/home,A low cost processing system to help businesses in South America.,$65000.00,$65000.00,,Chronospay,Chronospay,https://communityfund.stellar.org/dashboard/submissions/recqUH2wcPLJ4Yy7j,https://communityfund.stellar.org/dashboard/submissions/recqUH2wcPLJ4Yy7j,SCF #11,SCF #11,,,,,,,,,,image.png (https://v5.airtableusercontent.com/v3/u/50/50/1771855200000/Xt7tuwWA0ToMkep_aRT9yQ/vbH9GfwJ-dfTyIL8o5bbOjh_J3lhVjdsgR-4xFADesHJsI6NmC1hnq4yDVAKWB7jRf4VEssllfW_bB9qLqZREyNgh64qdhIdkZJfdxHaQ3ikCT6pzOZOs0PgLmDBMItd_rhfThJdu-KBkQRwzRrq7w/V5TsXz1OZclzpGNd5jAnIcqF_pJjOL_nJtQ_jpqyw6Y)
Rigel,Abandoned,Applications,,Monetize Links for Payments and Donations in Seconds Stellar,$14101.43,$14101.43,,Rigel,Rigel - Monetize Links for Payments and Donations in Seconds Stellar,https://communityfund.stellar.org/dashboard/submissions/recHn7buQXsekeDpI,https://communityfund.stellar.org/dashboard/submissions/recHn7buQXsekeDpI,SCF #5,SCF #5,,,,,,,,,,
Bank2Bit,Abandoned,Applications,https://www.blox.global/,Developing a user-friendly fiat-to-crypto platform for seamless converting between LATAM fiat and stellar listed assets.  ,$48000.00,$48000.00,,Bank2Bit,Bank2Bit by Bloxcross,https://communityfund.stellar.org/dashboard/submissions/recZRSwovS4aApiHA,https://communityfund.stellar.org/dashboard/submissions/recZRSwovS4aApiHA,SCF #20,SCF #20,,,,,,,,,,Screen Shot 2023-12-12 at 9.56.28 AM.png (https://v5.airtableusercontent.com/v3/u/50/50/1771855200000/js8S7kINVpdgiSRpkrMVIQ/kLud1SzsnIYRTRKpGUXIZT9cnYyfYKsmzm-vkrX8Cz44S2fJJ7dZ8MjiK0ApSY9xL9nDLkcI_ySl9yVzmP39dykDLzCIrguBpuOQ2KXVJ9r6KtjvtAxX7LDT5Bmqh37y6AbiSc0PsO4cTqa5LM0THIsTDLgisweaEjPvujpN8M4/g7briXmglYILLkkTzo_GMANBDG6FiTjDL_Ko5iQp5aQ)
THE HUB Citizens Portal,Abandoned,Applications,https://www.thehubdao.xyz/,Deploy THE HUB Citizens Portal (interoperable avatar generation platform) on Stellar.,$46500.00,$46500.00,,THE HUB Citizens Portal,THE HUB Citizens Portal,https://communityfund.stellar.org/dashboard/submissions/recQFye9LGFqAXQWh,https://communityfund.stellar.org/dashboard/submissions/recQFye9LGFqAXQWh,SCF #29,SCF #29,"Yes, fully open-source with Github",https://github.com/thehubdao,,https://twitter.com/thehub_dao,https://www.linkedin.com/company/the-hub-dao/,,,,checked,1080 (https://v5.airtableusercontent.com/v3/u/50/50/1771855200000/Gz2tEws77dMltXRL6Cf-Bw/_tnLfWMKxjl5-FX6olw4ANxminy7dTbGsc2MtDH75L1GlnJNeA1MjL49ImozSIqmuzALNSsBcDzSwu5KrmySdafcuIeAh2rg_-AnLIkGZy5QZcB7K384luHL1RVofhIanzyMLG-Ge1YUhFtYWfPZwg/bydhVf6lZ5YM3pEL8LZ_hYgQrNqQx3ZS0hBlhBGC3jA)
Ziriz,Abandoned,Applications,https://linksta.cc/@Ziriz,Sustainable Rewards for Talent and Taste Makers.,$48000.00,$48000.00,No specific region of operation,Ziriz,Ziriz,https://communityfund.stellar.org/dashboard/submissions/recjUkhIRe4D2YrhY,https://communityfund.stellar.org/dashboard/submissions/recjUkhIRe4D2YrhY,SCF #22,SCF #22,"Partly, I do have a public Github",https://github.com/ZirizApp,,https://twitter.com/Ziriz_App,,https://docs.google.com/spreadsheets/d/1AcX6jddhZKT1nqBkFg0iHMUSWMfZiysKoFLN2e0jhJk/edit?usp=sharing,,"Jordan (CEO, linkedin) passionately builds platforms to elevate communities, including not-for-profit CODAME ART+TECH and Homebrew Crypto Club in SF. With a track record of Technical Program Management excellence, he has spearheaded successful initiatives for industry giants like Google and NEAR Protocol, as well as at innovative agencies such as Organic Inc. For balance Jordan teaches Dayan Qigong moving meditation and releases audio visual artwork into the Creative Commons.

Vlad (CTO, linkedin) is a serial entrepreneur with a knack for innovation that has birthed multiple successful tech ventures. As one of the first developers at NEAR Protocol he was instrumental in bringing the network from 0 to Mainnet, contributing to core components such as wallet and developer tooling. With an expertise in Rust, Vlad&#x27;s vision for Ziriz is to built robust, scalable technology that empowers the our community.

Yiyue (CMO, linkedin) orchestrates global marketing and growth strategy. Her rich experience includes expanding market frontiers, evidenced by her leadership in Alibaba&#x27;s first NFT campaign. With Yiyue&#x27;s expertise, Ziriz is poised to make significant inroads into new markets, including the dynamic landscape of Asia.

Michael (Project Manager, linkedin) as a fullstack developer and project manager, leads teams to build modern applications. His passion for generative art, the original source of inspiration to learn development, continues in his pursuit of helping to create a domain for artists to come together with their fans. Battle tested with clients such as Intel, Toyota, MetLife, and Kohler at digital agency, Organic Inc. Michael is also an avid meditator, having spent years away in inward work in India. Through this centered experience, he brings together the left and right hemispheres where ability meets art.",checked,q66yvz872hzhep83bgmz.png (https://v5.airtableusercontent.com/v3/u/50/50/1771855200000/REqGgb7Gc5Ug0kK14jzb3A/6VAxqKFi6BXk87qztAd0x9fM0DMMb5vi9kd4fqVXbZws9WOHrJZL96MiTxO_00eFKcQ2z9w1M0lS6xARaNUM07DQ7cUIiKmlKn9h6WduTwLWclPyY89FfyJoYh4FKwlZ6dO-L4SuU166mlHAlThSlQ/I1_dEKxUykxidaxEzk9RDrMngoCCjVGAGcZdw3nFM6Q)
Dropzey,Abandoned,Applications,https://dropzey.com/,"Decentralized Airdrop Hub on Stellar Network. Create, manage, and participate in airdrops, with transparency and efficiency.",$38500.00,$38500.00,,Dropzey,Dropzey,"https://communityfund.stellar.org/dashboard/submissions/recERxnKE8etaSrMs, https://communityfund.stellar.org/dashboard/submissions/recgqIH3U0b4gCWoj",https://communityfund.stellar.org/dashboard/submissions/recERxnKE8etaSrMs,"SCF #23, SCF #30",SCF #23,"Yes, fully open-source with Github",https://github.com/zainh332/dropzey,,https://twitter.com/i/flow/login?redirect_after_login=%2Fdropzeyofficial,,,,,checked,cover.png (https://v5.airtableusercontent.com/v3/u/50/50/1771855200000/1bI47Panb8q_Qi-4jCH6gA/w1-8cBURr7NCB62g4_qVQEUSi4KfOytBeio6shmZrWM6NDZow-3WJDUAuPN7eTrJuMKQwqcO-LQGS4i9AjYcj5vn-HX_NNpgbXzLG-T4VTuRDJDoP1PKxs4SHhgCi-bboXFrj9SJU3ZWFe8lCpg90g/5ZDSLTNFhjESOvJZPiRxKf_9_iKxlCslOOydT31Kdr0)
Lettuce,Abandoned,Applications,,Stellar-based point of sale (POS) Application ,$48714.05,$48714.05,,Lettuce,Lettuce: Stellar-based point of sale (POS) Application ,https://communityfund.stellar.org/dashboard/submissions/recVosDQk5KM5Vj7Y,https://communityfund.stellar.org/dashboard/submissions/recVosDQk5KM5Vj7Y,SCF #5,SCF #5,,,,,,,,,,
Borderless,Abandoned,Applications,https://www.borderlesspayments.xyz/,An API solution enabling financial institutions in remittance-receiving countries to onboard overseas customers and their funds.,$125500.00,$125500.00,,"Borderless,Borderless","Borderless, Borderless Payments","https://communityfund.stellar.org/dashboard/submissions/rec32utFP3jR18fr7, https://communityfund.stellar.org/dashboard/submissions/recWsJsebcTT9zF3Q","https://communityfund.stellar.org/dashboard/submissions/rec32utFP3jR18fr7, https://communityfund.stellar.org/dashboard/submissions/recWsJsebcTT9zF3Q","SCF #18, SCF #19, SCF #20, SCF #22","SCF #20, SCF #22","Partly, I do have a public Github",https://github.com/Borderless-Payments,,,,,,,,scf_borderless_thumbnail (1).png (https://v5.airtableusercontent.com/v3/u/50/50/1771855200000/lOp8froLxcbWaSAmwZ7sfQ/ungIEglRNf_9uk2oRODheDC-K0DDjmGe-sM2sH2CtTo032RN-vg2WOadFiCTgj2aRM8NBIjzS7sQRWoTdIJzELqu3pVix0Qk1YyPo1L9gvpfT-mAi9wqIB9hSC2LZJU4wpuAox_RMdyRi4kZ2WQK6hdZZ9Xxb-CfG9eLX97car0/dndpQ8iIlxnauVsSqkrTa2S3GWSSwYn-wc5xxJwf7Us)
Azores Metaverse,Abandoned,Applications,https://www.azores.group,"Decentralized virtual worlds on Stellar - enabling users to play, create and interact with others in a blockchain-based metaverse.",$7500.00,$7500.00,Europe & Central Asia,Azores Metaverse,BES Metaverse,https://communityfund.stellar.org/dashboard/submissions/recfi8EB1253ZsHjO,https://communityfund.stellar.org/dashboard/submissions/recfi8EB1253ZsHjO,SCF #13,SCF #13,"No, my project does not need to be open-source, now or in the future",https://github.com/BESMetaverse,,https://twitter.com/BESmetaverse,,https://www.azores.group,,"Stan Pilev - With a passion for travel and technology, Stan has spent over 15 years building and developing businesses across the globe. From the vibrant streets of London to the serene landscapes of the Azores, his journey has been anything but ordinary.

​

Stan launched Azores Group in May 2024, focusing on creating authentic connections with local communities. His vision is to provide unforgettable experiences for travelers while empowering small businesses across the islands. As a tech enthusiast and entrepreneur, he’s also the force behind BES Metaverse, a project to revolutionize virtual reality experiences.",checked,jkx4voki2izsj1jujbk9.png (https://v5.airtableusercontent.com/v3/u/50/50/1771855200000/wu8qpTIP5Zkz92pNcnDeHQ/BEiYUwdJCV5AfCYaV8GGVKLhK3xaA-tbyUo2mBI7BMcvE7UN0PemQQTrqLjd34zVsSlRt84hnl73u8vGSyroaklXoaaSpidyqpg19OMwwfRrGTT-YM7DJ50dSV5TJ-SsfYmm2BhuVLBLYT_1YcNeYQ/8EBgs3lT-LOFO-9qwMZs2KLx28Li_3hDU06owT8fchg)
Stellot,Abandoned,Applications,,e-Voting platform,$0.00,$26477.72,,Stellot,Stellot - e-Voting platform,https://communityfund.stellar.org/dashboard/submissions/rec4OC7H7Ywe9d5gN,https://communityfund.stellar.org/dashboard/submissions/rec4OC7H7Ywe9d5gN,SCF #4,SCF #4,,,,,,,,,,
Vitreous,Abandoned,Applications,https://vitreous.co/,Transparent fundraising platform,$50000.00,$50000.00,,Vitreous,Vitreous,https://communityfund.stellar.org/dashboard/submissions/rec4Nwk1DCefv8BKu,https://communityfund.stellar.org/dashboard/submissions/rec4Nwk1DCefv8BKu,SCF #10,SCF #10,"No, I don’t have a public Github",,,,,,,,,62eaf535c769021079e7eed5_629e5379776c16dc2d255090_Vitreous-2.jpeg (https://v5.airtableusercontent.com/v3/u/50/50/1771855200000/AYtnVaa5Vuf5RK8bmQ3mJg/1no2j10XGdDidfLNkrlyxxn2fxSgU1wP4TVlGx4IiS9yaiKbMZI39fbDGr2W_UbkYllNkpbT4qhyR4EjtocMHpp72-crS0EQMifkUSDkkcY57yk-rFtb4TNWWR4vPZzfnxHjCp2hBnehanKF2_saRoqG63Cden5hmGEy6QUR8BfzO9utZggO1gylN7RoyHlute4sPerNgAlKLLj43Ksakw/ZSyHdDL1o-gVptHUFfBaJPbPB6QvMYNZvbBPQIiRz6k)
SNNAC,Abandoned,Applications,https://snnac.me,,$7500.00,$7500.00,,SNNAC,SNNAC - Stellar NFT NFC ACcess,https://communityfund.stellar.org/dashboard/submissions/rec7rqjVZKmExp44A,https://communityfund.stellar.org/dashboard/submissions/rec7rqjVZKmExp44A,SCF #11,SCF #11,"Yes, fully open-source with Github",https://github.com/BlockShangerous/SNNAC,,,,,,,,635843161346811667d2fcde_SNNAC copy.jpg (https://v5.airtableusercontent.com/v3/u/50/50/1771855200000/m2LW216t1Woo5AxI_2s9zw/6Dm7m91pBoXd_QEptgH3TgIAZKwXwnH9YhL1j7wMNcwmPSrIInEzKzhnVmvl9R3YEUDJdOuG93m4WLtLB2L7WWO0t3qCaFxquyxb5cdGIMJ1jG8JkISC9NbKhUT7P3Lz6NOWmFRWuzv2VhGhoqyNG2XDqKzof935Pgw-BnZGiEMNWOMW7WYchGQKOtCx9sVL/DcNX332VhNFZLJ6hc31pfBiOu4qOcltUZCU2-jktrNA)
DEB,Abandoned,Applications,https://demo.drivedeb.com,Ride-share app,$653.09,$653.09,,DEB,DEB,https://communityfund.stellar.org/dashboard/submissions/recZLr4loEBkuuARn,https://communityfund.stellar.org/dashboard/submissions/recZLr4loEBkuuARn,SCF #6,SCF #6,,,,,,,,,,
NiceTrade,Abandoned,Applications,,,$0.00,$30551.22,,NiceTrade,NiceTrade,https://communityfund.stellar.org/dashboard/submissions/recyhzzgGCQVXFo7r,https://communityfund.stellar.org/dashboard/submissions/recyhzzgGCQVXFo7r,SCF #4,SCF #4,,,,,,,,,,
BorderDollar,Abandoned,Applications,https://www.borderdollar.co,BorderDollar provides investors with opportunities to invest in real-world assets through SME cross-border trade invoice financing,$133000.00,$133000.00,,"BorderDollar,BorderDollar",BorderDollar - Invoice Finance,"https://communityfund.stellar.org/dashboard/submissions/recTfc2QWaiOjUbg9, https://communityfund.stellar.org/dashboard/submissions/recDTKZEE2PaegFTc","https://communityfund.stellar.org/dashboard/submissions/recTfc2QWaiOjUbg9, https://communityfund.stellar.org/dashboard/submissions/recDTKZEE2PaegFTc","SCF #26, SCF #29","SCF #26, SCF #29","Yes, fully open-source with Github",https://github.com/randomacy,,,https://www.linkedin.com/in/jackietanyen,,,,checked,7d4abafd563bf55996f318268519ed22.png (https://v5.airtableusercontent.com/v3/u/50/50/1771855200000/nVplC8CwNTgCuAi7e-ZpaQ/oSRtnGLjUyWGFl7CNiyTvYM8B14SabFBXvRjam9229QftghXUoiVASZdoZll648NYUNFg-kzkN5PG7ScSnJo8l9SbfiTmP9eAD2RAEFwqxOUqfy4oqJnKZo_klfoZufkmIRF0Yoiv6QqN6D5Hg6-YH8XCqbNfsJSilZUkCF6urQnNjlDCnVcWpXxxicgqvTp/1NoB1y-sQNQ31BUMoTTD6dcic-anm633yh78gzgBI50)
CoinSender,Abandoned,Applications,https://coinsender.io/,"CoinSender is an ultimate accounting, token distribution and management solution expanding the limits of blockchain.",$23440.00,$23440.00,"Europe & Central Asia,North America (without Mexico)",CoinSender,CoinSender,https://communityfund.stellar.org/dashboard/submissions/recSZFx6ph1UtAS2N,https://communityfund.stellar.org/dashboard/submissions/recSZFx6ph1UtAS2N,SCF #24,SCF #24,"Yes, fully open-source with Github",https://github.com/Megadev-OU/cs-payments,https://discord.gg/kTPP9EBXxr,https://twitter.com/coinsender?s=21&t=232VNj39sxrpB-Rf62H9pA,https://www.linkedin.com/company/coinsender/,https://dappradar.com/dapp/coinsender,,"CoinSender is backed by mother company MeGaDev providing consulting and software development services in Enterprise Software and Web3 technology domains. MeGaDev is a reliable partner for such global industry leaders as SAP, Accenture, E&Y and others. In Web3 sphere MeGaDev supports such significant players as Polygon, Aptos, Conflux and others. The CoinSender team operates as a separate department in MeGaDev and consists of business, marketing, engineering and legal/accounting teams, making 11 people total, 6 of which are technology specialists, while there are almost 100 people in total with MeGaDev.",checked,Screenshot2024-03-15at3.25.15PM.png (https://v5.airtableusercontent.com/v3/u/50/50/1771855200000/20_dm9dhADOfd73S_KYJLA/l7lF22woNKYM56VmkBl22OWQiLyg4sSksr6LybHyC_ex7EcL7znlWUcgSRxMt6agGAsU3rxrewb-DjVQHkWp3Kp96Xqyj7u7AibLphQizY3E2wcPkJxBbJfCc5QD1mhAdJEwouT2lDmR06Emby7JDQ/gemPAKPN2B0eojf4Xb4CZhzdHocHsmFaGH08CqqP80o)
POMA Protocol,Abandoned,Applications,https://sasagames.com/,"POMA Protocol is a tech collective building Web3 and Web2 platforms that reward users, support real-world impact, and connect global communities.",$14000.00,$14000.00,Europe & Central Asia,POMA Protocol,POMA: Engage-to-earn platform,https://communityfund.stellar.org/dashboard/submissions/recsBXIcZ3R2EKzy0,https://communityfund.stellar.org/dashboard/submissions/recsBXIcZ3R2EKzy0,"SCF #29, SCF #38",SCF #29,"Partly, I do have a public Github",https://github.com/poma-protocol,,https://x.com/POMAprotocol,https://www.linkedin.com/company/poma-protocol/,https://github.com/poma-protocol,,"1.  Paolo Medici – Co-founder and CEO
    
    Paolo is also the founder of Proxima, a company managing two product brands on Amazon. He brings over 7 years of experience in engineering consulting.
    
    LinkedIn Profile: https://www.linkedin.com/in/paolo-medici-61238170/
    
1.  Alessio Oriolo – Co-founder and Business Developer
    
    Alessio was previously an Innovation Manager at Accenture, with 8 years of experience leading innovation projects in Web3. He has a business background and holds an MSc in Marketing Management.
    
    LinkedIn Profile: https://www.linkedin.com/in/alessio-oriolo/
    
1.  Patrick Ojiambo (CTO): Patrick Ojiambo is a Web3 developer with expertise in smart contracts, dApps, and blockchain integrations across Ethereum, Solana, and Layer 2 solutions. Skilled in Solidity and Rust, he has built DeFi protocols, NFT marketplaces, and tokenized systems.
    
    LinkedIn Profile: https://www.linkedin.com/in/patrick-ojiambo-bb9272221/
    
    Github Profile: https://github.com/PatrickOjiambo
    
1.  Roman Njoroge – Blockchain Expert  
    Roman is a Web3 developer with hands-on experience in Solidity, smart contract development, and blockchain integrations. Passionate about decentralized technologies, he has contributed to multiple dApp and DeFi projects, and brings deep technical knowledge of Ethereum-based protocols. He is currently supporting the Nairobi-based education initiative within POMA, helping local developers build and launch blockchain platforms.  
    LinkedIn Profile: https://www.linkedin.com/in/roman-njoroge-9524b3212/
    
    GithubProfile: https://github.com/romannjoroge",,nabp2baauuyiwsp9eerd.jpg (https://v5.airtableusercontent.com/v3/u/50/50/1771855200000/QBmN-sbQj1LxMC8qoDSgmw/3tb7dTS5KTTpaBfjYZ_pJmn76c-YKtV9SYO7U-2qCNe6woiu8teC9dnvjWcbv3u3d9WuFxrNonUOjAmowtwhC2F7eUSUnZzcBFPmYToYcWOTjG3EMKS745lq1gF8kPdnI-fd9QEomR2ONNLrEaj4dw/s-FZ052tiQsseOnGVRAcmxlHjY3nFAjRVmmhwr8qgiE)
Lumens for Charity,Abandoned,Applications,,Donate XLM directly to Global Charities,$0.00,$18594.92,,Lumens for Charity,Lumens for Charity - Donate XLM directly to Global Charities,https://communityfund.stellar.org/dashboard/submissions/rec3aAt6DPzGOh5bO,https://communityfund.stellar.org/dashboard/submissions/rec3aAt6DPzGOh5bO,SCF #3,SCF #3,,,,,,,,,,
Lumenaut Pool,Abandoned,Applications,,,$37844.32,$37844.32,,Lumenaut Pool,Lumenaut Pool,https://communityfund.stellar.org/dashboard/submissions/recoN8vGUgyzU9MKv,https://communityfund.stellar.org/dashboard/submissions/recoN8vGUgyzU9MKv,SCF #1,SCF #1,,,,,,,,,,
Free Voting Platform ,Abandoned,Applications,,,$38388.31,$48714.05,,Free Voting Platform ,Free Voting Platform ,https://communityfund.stellar.org/dashboard/submissions/recd1qeJidXyA4Lpm,https://communityfund.stellar.org/dashboard/submissions/recd1qeJidXyA4Lpm,SCF #5,SCF #5,,,,,,,,,,
StellarPay,Abandoned,Applications,,Shopify Merchants Can Now Accept Stellar Payments,$0.00,$17469.04,,StellarPay,StellarPay - Shopify Merchants Can Now Accept Stellar Payments,"https://communityfund.stellar.org/dashboard/submissions/recNRH9HXfzuEZIjZ, https://communityfund.stellar.org/dashboard/submissions/recMfUW6W464SPlrm",https://communityfund.stellar.org/dashboard/submissions/recNRH9HXfzuEZIjZ,"SCF #2, SCF #30",SCF #2,,,,,,,,,,
Artizen,Abandoned,Applications,https://artizen.fund/,"Artizen is a match funding platform. We help brads 10x growth for their ecosystems by funding breakthroughs in art, science, and technology.",$130000.00,$43333.33,"Latin America & Caribbean,South Asia,East Asia & Pacific,Middle East & North Africa,Europe & Central Asia,North America (without Mexico),Sub-Saharan Africa",Artizen,Funding Human Creativity,https://communityfund.stellar.org/dashboard/submissions/recbMhw9t64VaUFUP,https://communityfund.stellar.org/dashboard/submissions/recbMhw9t64VaUFUP,SCF #33,SCF #33,"Partly, I do have a public Github",https://github.com/artizen-fund,,https://x.com/artizenfund,,https://docs.google.com/spreadsheets/d/1KVZ2WVaNOUEUBeCZ8aOf4UUUyZ4oVD8KBl67eRUbKak/edit?usp=sharing,,"René Pinnell is the founder of Artizen, a match funding platform for human creativity. Over the past two decades, René has helped creators raise more than $50MM for original projects including the first seven-figure deal for a VR film at Sundance. As an executive producer, René Pinnell has worked on some of the industry’s most groundbreaking work including the animated VR film BATTLESCAR, starring Rosario Dawson, and the VR series SPHERES, starring Jessica Chastain, Millie Bobby Brown, and Patti Smith. As a filmmaker & designer, René produced the acclaimed comedy show Backpack Picnic, directed the feature documentary The King of Texas, sold a TV pilot to MTV, designed 5 products & founded 2 companies.",,xl1lzkmjazftiaattpcy.png (https://v5.airtableusercontent.com/v3/u/50/50/1771855200000/cokgp2RY25otYNFdowDe_A/jWWugp_ZZD_ChFPCGIt9dIgBaFgxrEQ-GpKExAf7MeEbvTToYIqqZQGujCOMh4IVeIXeUNufs7OJXchvQMZEw_HvXx1xrI2daQSAVIBvS3JhJ7gcfe0i5Pzh0FRqZvUiIcFhoLzfXd4KyujM9IB-Ng/rN0PcCLmDh7UKs3jK4BOC9GGvZiMSHBWVLmG0diV3_g)
Wagelink - SDP Integration,Abandoned,Infrastructure & Services,https://wagelink.io/,"Introducing WageLink, the app that allows employees in the US to receive their wages up to 5 days early in fiat or crypto! ",$50000.00,$50000.00,,Wagelink - SDP Integration,Wagelink - Soroban Integration,https://communityfund.stellar.org/dashboard/submissions/rechldOqfuvFHMRrL,https://communityfund.stellar.org/dashboard/submissions/rechldOqfuvFHMRrL,SCF #24,SCF #24,,,,,,,,,checked,06da54fa2f127c9402561e4dc84b229c.jpeg (https://v5.airtableusercontent.com/v3/u/50/50/1771855200000/sorLK_bH212IsFasp6DhPA/ilDyrcs0Kkkx5ccMhMvAmD_gmLy0oezAtI5xouuqU9QROmVFkorjoIY2a7Ny18kABpZhngkOohcwl3Vtbjbhd7A9khxC0EwIrr7lpeILIui_5p3zrGPV47OPd2xq80zYOjSxtmr5FyEPy-kheYtaA5Abux0b5sAw7I_-0nLcVBwIBCgS28yMT36CPAXgWGq_/SgrnBPoXRP0pe3cu5ErvpfrvQbREDFqF_82X3zZU5QE)
DID:STELLAR,Abandoned,Infrastructure & Services,https://www.mavennet.com,Decentralized Identity using W3C DIDs.,$117100.00,$117100.00,,DID:STELLAR,DID:STELLAR,https://communityfund.stellar.org/dashboard/submissions/recxXHFIFQhxfnIVp,https://communityfund.stellar.org/dashboard/submissions/recxXHFIFQhxfnIVp,SCF #16,SCF #16,"Yes, fully open-source with Github",https://github.com/Mavennet/stellar-did,,Mavennet_,https://www.linkedin.com/company/mavennet,,,,checked,Captura de tela 2023-10-17 123950.png (https://v5.airtableusercontent.com/v3/u/50/50/1771855200000/ymD_IyurN1EiBE_5HVlpvA/cSGwG0U-XiUpxTptIZJEAsMbEDHwfWlXjI7IR3mr5wg4qmyuzhUAVejlOn3kcD6KAU92Aj31xphuCRWSXy12JzULYGkIAowMY8Gqxvfznp4GcXFgt1-oy6gng7n9gSZmTMMjDSJhWRSDQ7VXb8x9auXZ6ckfJi46w4Ml1nyiBHI/iG06ldoFKQAhx9SiInyzxAaMPXdUulIRVHdp0AUUEN4)
Soracle.org (Posted),Abandoned,Infrastructure & Services,https://posted.app,General purpose http oracles with verifiable encryption threshold key derivation on Stellar,$24000.00,$24000.00,No specific region of operation,Soracle.org (Posted),Posted,https://communityfund.stellar.org/dashboard/submissions/recAJUif7d6m2q3J3,https://communityfund.stellar.org/dashboard/submissions/recAJUif7d6m2q3J3,SCF #22,SCF #22,"Not yet, I don’t have a Github yet but my project will be open-source",https://github.com/stellarmask/stellarmask,,,,https://posted.app/stats,,"#### CEO - Caspar

-   Co-owner of a streamer org, stream team and various web projects
    
-   Previously worked in Biotech, also Historian and content creator
    
-   Owner of a talent sourcing company",checked,b275a88d (https://v5.airtableusercontent.com/v3/u/50/50/1771855200000/tz0CNMaK8VlBqI6LfTvuGg/W1hluriCECM7ReyR0ieEkHm4KKem1VpTvMXGFSfwhGkhqq-u9UvdJyyfENELLn3Oywww0TWlaWoBs2sQ07NRgQXUPujw02r0uTw8s8gR_eKEdxHePqY5iCAHrgStKxUpHrWyYQ_D7gEKI0Dau5sbjg/wAnLbvGsvdeM1SwpI-FbLBmFDiqA6QQvRnTI9maGpNE)
BlockEden.xyz,Abandoned,Infrastructure & Services,https://BlockEden.xyz,Stellar Soroban Indexer and GraphQL,$139999.00,$139999.00,,BlockEden.xyz,BlockEden.xyz Stellar Soroban Indexer,https://communityfund.stellar.org/dashboard/submissions/recR2IbUJQTFDHKpA,https://communityfund.stellar.org/dashboard/submissions/recR2IbUJQTFDHKpA,SCF #18,SCF #18,"Yes, fully open-source with Github",https://github.com/BlockEdenHQ,https://discord.gg/4Yfvs2HWey,https://twitter.com/BlockEdenHQ,https://www.linkedin.com/in/dora-noda-35952622a/,,,,checked,2slv2g49e6kt6jggYmwyIbignhwz-PjWWhHDxu68Pwo.png (https://v5.airtableusercontent.com/v3/u/50/50/1771855200000/UUwn9jKySQnebz5bRo5Oag/q7ze-A3Le0VOPqAh__OR51ymjRw00ZVqQmnJ_LLz-nOQwLyx5PyDtJvAXjhvjOj4f2_3SrdnYkRXAhlRAgK0R7nR29anIEcFfg2WIG9vzpwgAFLYnlgSSdU3E-pU4luxTJ7ifJDWMQSx_DAB0fnulzejp3K7du_u-vIazsauf3pxfsli5Kgxq_IFV1dV_qYA/DQLy6HF314Jt24MXhqW1Tp7ipHQfxPPQDWjS1_N06IY)
Infrastructure Support Liquify,Abandoned,Infrastructure & Services,https://liquify.com,Liquify wants to provide Stellar &amp; Soroban with long-term public RPC endpoints and archival support.,$12500.00,$12500.00,,Infrastructure Support Liquify,Infrastructure Support Liquify,https://communityfund.stellar.org/dashboard/submissions/recwmnjnzr62St3sf,https://communityfund.stellar.org/dashboard/submissions/recwmnjnzr62St3sf,SCF #27,SCF #27,"No, my project does not need to be open-source, now or in the future",https://github.com/liquify-validation,,,,,,,checked,bcc1be310036d033515212291318cf17.jpeg (https://v5.airtableusercontent.com/v3/u/50/50/1771855200000/2xcdVEkRXi9F8t6ziihA0g/MV5oqS7VdMr35ch6UdiJ3G3HExPVEXB5AAnZ0EVb9gXl_HSBR1SE5mrhR86dDnIewpWzIwUVY5FI0kYc3-iwTsFCq6XyhbqcdFrM8nocMr3QWftWGPdxOFKOLUR4xO3Wqo-6zo9sxCT3bsJqq6vUqG_ZBFzQZvHmh5OTuAtRxtV1B_m5YCIiAWPgQrZOBwqF/-VWGOMJxaiLKzLbhlxkEY-axFX9OgjPH896ZVXMsLAg)
Astrograph,Abandoned,Infrastructure & Services,,Explore the new horizons of Stellar network,$10050.82,$10050.82,,Astrograph,Astrograph — Explore the new horizons of Stellar network,https://communityfund.stellar.org/dashboard/submissions/recpR7pkCjncJOfT3,https://communityfund.stellar.org/dashboard/submissions/recpR7pkCjncJOfT3,SCF #1,SCF #1,,,,,,,,,,
Blue Orion,Abandoned,Infrastructure & Services,,Stellar Workshops & Seminars,$0.00,$26170.70,,Blue Orion,Blue Orion - Stellar Workshops & Seminars,https://communityfund.stellar.org/dashboard/submissions/receayD2QsCLZdyXP,https://communityfund.stellar.org/dashboard/submissions/receayD2QsCLZdyXP,SCF #3,SCF #3,,,,,,,,,,
Ortege AI,Abandoned,Infrastructure & Services,https://www.ortege.io/,"AI-powered blockchain analytics & insights for Soroban, making complex data simple and accessible.",$151200.00,$151200.00,,"Ortege AI,Ortege AI,Ortege AI","Ortege, Ortege AI","https://communityfund.stellar.org/dashboard/submissions/rec9DwGpGqqgxK4I4, https://communityfund.stellar.org/dashboard/submissions/recJwxwdJWnSRqsDR, https://communityfund.stellar.org/dashboard/submissions/recc4FsstdaSNXXvm","https://communityfund.stellar.org/dashboard/submissions/rec9DwGpGqqgxK4I4, https://communityfund.stellar.org/dashboard/submissions/recJwxwdJWnSRqsDR, https://communityfund.stellar.org/dashboard/submissions/recc4FsstdaSNXXvm","SCF #18, SCF #22, SCF #26","SCF #18, SCF #22, SCF #26","Yes, fully open-source with Github",https://github.com/Ortege-xyz,,https://twitter.com/ortegeai,,,,,checked,image.png (https://v5.airtableusercontent.com/v3/u/50/50/1771855200000/MIaxc_RLb_yXy61xAPwYsg/Lj1zKCZ3-9A9Lk3sgjt6P9OmNGsd0AaZL-f4WxncDkG9fPNYwc3rZm89naB_GrMf9gizr-RIneNxLaXv3nZ-xMukNOUhuD-NVmeiIWlSIhYxKU-GtPp3jYkM3Y9Xe47WDpnlhsH2fbLyqxTVUuPfYQ/XCJapPOWYyA20bSi_eZGVk6mDjGYUlN-SmlNcmf35RI)
Nirvana Labs,Abandoned,Infrastructure & Services,https://nirvanalabs.io/,Nirvana will build a public RPC endpoint supporting Stellar's Soroban upgrade on a proprietary web3 cloud off AWS & GCP. ,$36000.00,$36000.00,,Nirvana Labs,Nirvana Labs: Public RPC,https://communityfund.stellar.org/dashboard/submissions/recqThJyLtDUGD1x2,https://communityfund.stellar.org/dashboard/submissions/recqThJyLtDUGD1x2,SCF #26,SCF #26,"Yes, fully open-source with Github",https://github.com/search?q=nirvana+labs,https://discord.com/invite/EjQspBWqdD,https://twitter.com/nirvanalabsai,https://www.linkedin.com/company/nirvana-labs-ai,,,,checked,Screenshot 2024-05-16 at 3.17.08 PM.png (https://v5.airtableusercontent.com/v3/u/50/50/1771855200000/QZjqtSBjtMgdB8BwOREueQ/HE5pOgHQGVbfHHiMNr5jA1IeZKlqKexsZicy4pU7kqqqYjZXS68salM3tAPz5cifBUcFKuWSIoWals20mFuLZLrWbOtWXHkazYJOblqv4z4QDkt8j96P9Jii_UhnH9XCUSZuDsrRCiTHJBqraAN0p4L-xNENmkmDOicHCt1KoHQgkRFCFsnNVJZEqLR9KG-5/Fr66bV4ag2SvUKQQNV3RhpYaY5mM6hNiSh15ekP0_II)
Arcturus,Abandoned,Infrastructure & Services,https://github.com/Soneso/Arcturus,Arcturus is a ChatGPT plugin that can access and combine real-time data from the Stellar Blockchain and Soroban.,$105120.00,$105120.00,,Arcturus,Arcturus,https://communityfund.stellar.org/dashboard/submissions/rec01tLmsvSK8wwj4,https://communityfund.stellar.org/dashboard/submissions/rec01tLmsvSK8wwj4,SCF #17,SCF #17,"Yes, fully open-source with Github",https://github.com/Soneso/Arcturus,,,,,,,checked,SC2.png (https://v5.airtableusercontent.com/v3/u/50/50/1771855200000/GxnwGxfvuXB_l68ZgFdPlA/3L8ioKOC2FzVJph42MJ9un6sU3Cq5XovcVJUPeL_w-fsNJB7o_jmuUXNW32i1RWl3awGSdTjJvmY3l5qXYh86W5kMdY6o93wQK9yzzWz4DjDGtuyUPVhRP4rAVKtio_cKek0HfyEGcyTxBpM2ehM2Q/HtoWgyNhbAsgODk_2wni9oRSKg7DAE7_YMOP7sBIXm8)
Silicore,Abandoned,Infrastructure & Services,https://www.figma.com/design/vAoC9nyTs5Cg6A2pllTUWt/Silicore?node-id=0-1&t=h212M0CT1vGbXqeY-1,Democratizing knowledge of distinct Anchor benefits,$31000.00,$31000.00,,Silicore,Silicore,https://communityfund.stellar.org/dashboard/submissions/recyN1rWGOVPFszvZ,https://communityfund.stellar.org/dashboard/submissions/recyN1rWGOVPFszvZ,SCF #29,SCF #29,"Partly, I do have a public Github",https://github.com/Ilanklim/EasyA_Hackathon,,,,,,,,1080 (https://v5.airtableusercontent.com/v3/u/50/50/1771855200000/-PfGikNK0MNoI_uTUiJdMw/RAa7L1UBgB7wdF8lNWm6WgmAe2uiPZ1ipNtlE6QeAP6rJ_MTEeSdY_-mgdrCiK_MxME2iIVN9be3IFGVPo0WGNmkK_i-LyYm9jcXIk0xcL7PRg9vBxfBEf68x0TWo4ef79bhw-kJ_J6_InBeufcAIg/-olAolqq3KIDj07dzxzYglCw28mstF6ktoHfk4UqKCA)
Quasar,Abandoned,Infrastructure & Services,https://eiger.co/,"Decentralized price feed oracle grid for Stellar DeFi smart contracts to support derivatives, lending, and asset management",$0.00,$0.00,,,,,,SCF #21,,"Yes, fully open-source with Github",https://github.com/eigerco/nebula,,https://twitter.com/eiger_co,,,,,checked,image.png (https://v5.airtableusercontent.com/v3/u/50/50/1771855200000/ayNK-SgKe9piYzws9gW9CA/7oTgZne2vhtqBgH1FrO2qPCssIGxAcxj-kFMUiBUcQb9nPeYoB09VAZDQEjfyBtG-mUZtmHijfukBHxeAEdB3rcwdxywcvmr0qP6Y4irYynh2BW_Cold-CT1AU3gog-fO2Fj6AsGS81aMI1jFCQtbg/55JUbuz75fwQRufersWEUMbw-644oW975UmQUwx4tlg)
Astrocore,Abandoned,Infrastructure & Services,,rusted Stellar-core,$0.00,$14470.61,,Astrocore,Astrocore — rusted Stellar-core,https://communityfund.stellar.org/dashboard/submissions/recZlfegu12ecDh0e,https://communityfund.stellar.org/dashboard/submissions/recZlfegu12ecDh0e,SCF #2,SCF #2,,,,,,,,,,
Apay.io,Abandoned,Infrastructure & Services,https://galactictalk.org/d/2297-papaya-anchor-apay-io,,$0.00,$38019.29,,Apay.io,Papaya anchor (apay.io),https://communityfund.stellar.org/dashboard/submissions/recEs9206olVJrm5i,https://communityfund.stellar.org/dashboard/submissions/recEs9206olVJrm5i,SCF #4,SCF #4,,,,,,,,,,
Cosmic.vote,Abandoned,Infrastructure & Services,,Working Toward Decentralized Organizations ,$17947.28,$17947.28,,Cosmic.vote,Cosmic.vote ~ Working Toward Decentralized Organizations ,https://communityfund.stellar.org/dashboard/submissions/recFHsO8eBVbiOIAg,https://communityfund.stellar.org/dashboard/submissions/recFHsO8eBVbiOIAg,SCF #5,SCF #5,,,,,,,,,,
Centaurus,Abandoned,Infrastructure & Services,,"second layer payment network, exchange, and scaling solution",$0.00,$32409.68,,Centaurus,"Centaurus - second layer payment network, exchange, and scaling solution",https://communityfund.stellar.org/dashboard/submissions/recg4KmfUXrrNOHbG,https://communityfund.stellar.org/dashboard/submissions/recg4KmfUXrrNOHbG,SCF #2,SCF #2,,,,,,,,,,
Lumenscan,Abandoned,Infrastructure & Services,,Stellar Ledger Explorer,$0.00,$16972.90,,Lumenscan,Lumenscan - Stellar Ledger Explorer,https://communityfund.stellar.org/dashboard/submissions/recP2TjM2jW0hPBrk,https://communityfund.stellar.org/dashboard/submissions/recP2TjM2jW0hPBrk,SCF #4,SCF #4,,,,,,,,,,
Chaincerts,Abandoned,Infrastructure & Services,https://chaincerts.co,Chaincerts: smart contracts-backed credentials,$178125.00,$178125.00,,"Chaincerts,Chaincerts",Chaincerts,"https://communityfund.stellar.org/dashboard/submissions/rec49lAtSKVy2QIJp, https://communityfund.stellar.org/dashboard/submissions/recSJaZLVz2YEGn0b","https://communityfund.stellar.org/dashboard/submissions/rec49lAtSKVy2QIJp, https://communityfund.stellar.org/dashboard/submissions/recSJaZLVz2YEGn0b","SCF #18, SCF #13","SCF #18, SCF #13","Partly, I do have a public Github",https://github.com/kommitters/chaincerts-smart-contracts,,https://twitter.com/kommitco,https://co.linkedin.com/company/kommit-co,,,,checked,AGN2jMxfMDNJdv4pAKK3TutEJEw7Xnts-1do9M06_0A.png (https://v5.airtableusercontent.com/v3/u/50/50/1771855200000/nD4MP1sHyz41VhCuiq7WaQ/kJKhh-vFui2nDReuu53MONpijolwLxauDrj8f9Awh0u5nObT1pNc81OmvLbfLIVv32l3BWymPCRoJO5qIADox_2p7BlQ4-fwWLydmQB7KnFxzkXf3L4L3SYB_6BX4Iea10_7ZlSNKUBVt7i_iQWWUBuNReqFX0s2McVuX-Z_59u5Cqjqk0xUJnfIUcriJxj7/sor5JcI-N7qdCWtW1c64gDRsYbxFvwpn7lE1P4-CKTY)
Constellation Protocol,Abandoned,Infrastructure & Services,https://github.com/constellation-protocol/constellation-protocol,A protocol for creating and managing tokenized indexes on Stellar,$210000.00,$210000.00,,"Constellation Protocol,Constellation Protocol","Unlock - Stellar Index, Constellation Protocol","https://communityfund.stellar.org/dashboard/submissions/recaIeMYytTyQmjRu, https://communityfund.stellar.org/dashboard/submissions/recL80NY0OnJCAbHG","https://communityfund.stellar.org/dashboard/submissions/recaIeMYytTyQmjRu, https://communityfund.stellar.org/dashboard/submissions/recL80NY0OnJCAbHG","SCF #19, SCF #23","SCF #19, SCF #23","Yes, fully open-source with Github",https://github.com/constellation-protocol/constellation-protocol,,,,,,,checked,image.png (https://v5.airtableusercontent.com/v3/u/50/50/1771855200000/9fMOl-fiB-erVKcmzQd7gQ/zOfgGTtVavvFm1jkcx8JXX9nw0DOhb_pKzhN2TlNJWLgJH9VZwRjNPYQws1EP_6JoINfBtsSiVV2e3EA6vosrR67X8SvJE_Ra_ISqZP5KMCJ4qIHOowWRn3gJh49C6QctlkmSAC24QCPS0mT0_W1Zw/jCvRGk0_2U-VgZAwJ9uuljJyjqjI-28FqQJIvTlOoxA)
TransferMole,Abandoned,Infrastructure & Services,https://www.transfermole.com,"Turning Telegram, Instagram and other social media usernames into global payment aliases, incl. destination routing",$60000.00,$60000.00,No specific region of operation,TransferMole,Connecting Stellar ramps to social username payment directory,https://communityfund.stellar.org/dashboard/submissions/recFc20CibJqREDyr,https://communityfund.stellar.org/dashboard/submissions/recFc20CibJqREDyr,SCF #30,SCF #30,"Partly, I do have a public Github",https://github.com/ivandzen/TransferMole,,https://x.com/GoTransferMole,https://www.linkedin.com/company/transfer-mole/,https://t.me/transfermolebot,,"Our team consists of 6 people (4 full-time, 2 part-time) and has built multiple payment ventures with real-world use cases over the past 10 years. We started off in traditional payments, building one of the first social payment apps in Southeast Asia in 2015 (Cheers App) and then turned it into a wallet-as-a-service provider (Wallet Engine). In 2020, we were approached by clients asking about Web3 compatibility, which triggered our interest in blockchain. We share a common passion for social finance and together with our experience from peer-to-peer payments around real-world use cases.

Gregor, CEO  
Previously built wallet infrastructure for super apps in Southeast Asia and launched Verso, an Insurtech project on the Avalanche blockchain. Prior Accenture.  

Ivan, CTO  
Full-stack engineer with 10+ years of experience in developing fintech and blockchain solutions in high-load environments.

  
Carina, CMO  
Seasoned marketing and community lead for Web3 projects, DeFi and launchpads.

  
Barry, COO  
Built the first wallet for a telecom operator in the 90s and scaled it to 3.5 million users. Barry brings a vast industry network with 20 years of experience in payments and financial service regulation.",,0144e8ed (https://v5.airtableusercontent.com/v3/u/50/50/1771855200000/KZiJBHkIVAVifB7LAi2pbA/hMK7vsRpKhdIuYAPlK6It8Caovz96q_QdUcE7Ujq_IqJeWWPvo4mY1NxC1nBvxRjsZa35HxutvmehmEu07XslPGDm3Qmo1M-rQQ8iY64buCioWyKro4dKnCsXDTpiH4gDOwVri8rdJHZB3AxX9q_Mg/tvXzOndhGh9SwVahTve8sBjjTaLAfdUyB4EZf6ZKkp4)
Orally Network,Abandoned,Infrastructure & Services,https://orally.network,Fully decentralized oracles for any type of data from real world and side chains. ,$48000.00,$48000.00,Europe & Central Asia,Orally Network,Orally Network,"https://communityfund.stellar.org/dashboard/submissions/recCLcdUOLt2AvNHe, https://communityfund.stellar.org/dashboard/submissions/recTUQeLYESDpBx9u",https://communityfund.stellar.org/dashboard/submissions/recCLcdUOLt2AvNHe,"SCF #27, SCF #30",SCF #27,"Yes, fully open-source with Github",https://github.com/orally-network,,https://x.com/orally_network,,https://orally.network,,NA,checked,5210e7cf (https://v5.airtableusercontent.com/v3/u/50/50/1771855200000/3igzMRciKdB2LctiRdnWVQ/-VbMwcffPy2x0BviuCj0pjE2-63xevht1G4pVRsxSscWDIYIUgg2fv50QLo7Kbde0RV8bU5aU6CGCMk0peNVh8wnbHTT5a4Rh_NZQTNm53roXatFrL0PYZ80q5pAvR6fCRLp2pBhpVXwkwu0QlZRXA/BvUKqgW3tlZdVnBorYCEgCB5dV6RTuSas9IeIoreez4)
Forge,Abandoned,Infrastructure & Services,https://www.forgerpc.com/,Streamlining Horizon API and Soroban RPC node deployment and management.,$39630.00,$39630.00,,Forge,Forge,https://communityfund.stellar.org/dashboard/submissions/recHPx4sYDpySiM0H,https://communityfund.stellar.org/dashboard/submissions/recHPx4sYDpySiM0H,SCF #25,SCF #25,,,,,,,,,checked,ed3b97c2596d83998e4b1e1703668811.jpeg (https://v5.airtableusercontent.com/v3/u/50/50/1771855200000/pes-DJp82IMVtZDYPObmNg/VOn4zNl95g9OI0AW6QdYabe1n9Gi3He7Wbjtd17Uj-JtHjzYC9toOck05FZqToedM4ZLubu4js8APCtgDydbSGneOAZ4tJsTKSkkvObaTXG9MiKnA6dhvD5B2H7DzohlByLLJJMgLwnd581VeLdc3BBqkN4PWXCTJBAUeC0bXwOhISdYCI_O_1idOTRJ8fDC/9d_960mASj0p-T5jitWySf9ADLr6jVgTyi-T2Ai7clA)
Cosmic.link,Abandoned,Infrastructure & Services,,Transactions over URL,$0.00,$18939.30,,Cosmic.link,Cosmic.link ~ Transactions over URL,https://communityfund.stellar.org/dashboard/submissions/recIehhTK99OHm3UH,https://communityfund.stellar.org/dashboard/submissions/recIehhTK99OHm3UH,SCF #3,SCF #3,,,,,,,,,,
Skeeper - a keeper platform,Abandoned,Infrastructure & Services,https://skeeper.xyz,Skeeper provides smart-contract execution and automation tools and infrastructure for the Soroban ecosystem,$37500.00,$37500.00,,Skeeper - a keeper platform,Skeeper - a keeper platform,https://communityfund.stellar.org/dashboard/submissions/recx1FddyJA3dibUN,https://communityfund.stellar.org/dashboard/submissions/recx1FddyJA3dibUN,SCF #23,SCF #23,,,,,,,,,checked,screenshot from 2024-01-14 23-31-46.png (https://v5.airtableusercontent.com/v3/u/50/50/1771855200000/r3ntkvtcVCM3LqHsswYDlA/r9OxgOd5vc_d_zwq42a-lyL9VOow32qFLU1WMJ-8FaehIbIl2Swdu_z_Vkvbmj0WgkLFBSLqI3CE74qQDUbU09JyIqYFUFcAajxArAZ6tcTWyZfxl5dPiuDoNARsWC7mYhXB6RKR2jHfvwqSpiq9kgmabon7B9oXCtIJsGDyKoU/4v1Rp0sxO-WY1gvAVYba9gYkxqjYAPVUZX0GSFv12_0)
Basement,Abandoned,Infrastructure & Services,https://basement.dev,Basement is the easiest way to access onchain data from Soroban. Our SQL and GraphQL API give you access to data such as events and transfers.,$12130.00,$12130.00,,Basement,Basement,,,"SCF #17, SCF #21",SCF #17,"Yes, fully open-source with Github",https://github.com/basementdev,discord.gg/rr5R7UYvGC,twitter.com/basementapp_xyz,https://www.linkedin.com/company/82955478/,,,,checked,Basement Stellar.png (https://v5.airtableusercontent.com/v3/u/50/50/1771855200000/IGnH1Gi539l1DVFwAWFnvw/te41eJfzW8DkZ_-R66xyVpbrBjmmUNnf-RshjTYm7WzTdz-db6QHb3GvgKcW5m8ahLqBwLyU3a2jxzG17ZiNOLowWxDnvizgpSbLiv3NxlHw4EFyB1DvRNlbABeSOH2ubIJ3900ySBSnwxOvw6O1yg/KVJyyfbcvP7Qp_VYp8g5ZKvlA6SxuCjEMxumKR-0FTE)
Chainlink Oracles Relayer,Abandoned,Infrastructure & Services,https://docs.relink.services/,"Get Provable, Manipulation Resistant Random Numbers From Chainlink Oracles on Soroban",$38400.00,$38400.00,,Chainlink Oracles Relayer,Chainlink Oracles Relayer,https://communityfund.stellar.org/dashboard/submissions/recHahmCLtNhZaCUg,https://communityfund.stellar.org/dashboard/submissions/recHahmCLtNhZaCUg,SCF #15,SCF #15,"Partly, I do have a public Github",https://github.com/RelinkServices,,https://twitter.com/relinkservices,https://www.linkedin.com/company/create3-labs,,,,checked,image.png (https://v5.airtableusercontent.com/v3/u/50/50/1771855200000/TkTfaO4wfTYxkU45DJf2bg/MAr_m670dp4MtshgX3zDk5S6waE_de5VpBPp_hnoobkdnI0iPlJmg8A58LeKVmwcxQ1HtSU0ZjIq52qXyjMguICEtNJn-TzePuzPcwJj3sVsQH2SVmZZWpiXyrXvanLuC3BoK8dKUoSKac4AxxFguw/wE7K_u9rKLbQXYkWZNSTYBDqNE0VoTuCQIwq8PsjGkQ)
Crypto Link,Abandoned,Infrastructure & Services,,"Discord bot which enables p2p transactions, payments and community monetization",$3606.28,$3606.28,,Crypto Link,Crypto Link,https://communityfund.stellar.org/dashboard/submissions/recsOeH8VBQkVx4KL,https://communityfund.stellar.org/dashboard/submissions/recsOeH8VBQkVx4KL,SCF #6,SCF #6,,,,,,,,,,
Soroban CLI Cross Platform GUI,Abandoned,Developer Tooling,https://github.com/yk-labs-dev/soroban-cli-gui,Transforming Soroban CLI into a user-friendly cross platform desktop application.,$97500.00,$97500.00,,"Soroban CLI Cross Platform GUI,Soroban CLI Cross Platform GUI","Soroban CLI Cross Platform GUI, Sora","https://communityfund.stellar.org/dashboard/submissions/recyYpWQohtWKIKZ8, https://communityfund.stellar.org/dashboard/submissions/recqSpSssYoXYgmqp, https://communityfund.stellar.org/dashboard/submissions/recvmtzC90EjNabdC","https://communityfund.stellar.org/dashboard/submissions/recyYpWQohtWKIKZ8, https://communityfund.stellar.org/dashboard/submissions/recqSpSssYoXYgmqp","SCF #21, SCF #25, SCF #30, SCF #31, SCF #32","SCF #21, SCF #25","Yes, fully open-source with Github",https://github.com/tolgayayci/sora,,,,,,,checked,soroban cli cross platform gui.png (https://v5.airtableusercontent.com/v3/u/50/50/1771855200000/qg60p_5blyA6YRZqlcQZmw/wcjgNhGEiukD7wRlBqTnQazU7GnvsBtE5J4MYXfcQL8BJqQqIawUVwuPyrNDufXwkxSCQbTYB3nWLKMefe_j03KVO4l3hfO5uXgyNP5uifa3QXUoLs0NB02wNc-QTNSXdi6vj5IPk56UESzhl20A9Orz9vIQxXmcrMILTrOhVpU/dbA0XiiBhrvQj0VOKxGnShetOwl_Rb9kbAhYkTs9ABw)
Solarkraft,Abandoned,Developer Tooling,https://github.com/freespek/solarkraft,Runtime monitoring of Soroban smart contracts to aid developers and auditors in finding critical bugs before and in production.,$117000.00,$117000.00,No specific region of operation,"Solarkraft,Solarkraft","Solarkraft: runtime monitoring, Solarkraft","https://communityfund.stellar.org/dashboard/submissions/rec05ielYqgWQu4OH, https://communityfund.stellar.org/dashboard/submissions/recTmGxt9atX6ovnz","https://communityfund.stellar.org/dashboard/submissions/rec05ielYqgWQu4OH, https://communityfund.stellar.org/dashboard/submissions/recTmGxt9atX6ovnz","SCF #24, SCF #29","SCF #24, SCF #29","Yes, fully open-source with Github",https://github.com/freespek/solarkraft,,,,https://github.com/freespek/solarkraft/graphs/contributors,,"We are a team of independent researchers in formal methods and security.

-   Dr. Thomas Pani (project lead). Website: https://thpani.net/ | Twitter: https://twitter.com/audithare | LinkedIn: https://www.linkedin.com/in/thpani/
    
-   Igor Konnov, PhD. Website: https://konnov.phd  | Twitter: https://twitter.com/k0nn0v | LinkedIn: https://www.linkedin.com/in/igor-konnov-at/ 
    

We have a proven track record of past collaboration at TU Wien and Informal Systems and as independent contractors, that is, both in an academic environment as well as in the blockchain industry. As part of larger teams, we have been building products such as the Apalache model checker, the Atomkraft model-based testing tool, and the Quint specification language. We have a solid experience of working independently and remotely. In addition to that, we are all located in Vienna (Austria), which makes it possible for us to coordinate offline, when needed. Our combined work experience spans TU Wien: Vienna University of Technology (Austria), Inria Nancy (France), Google (USA), and Informal Systems (Canada/Switzerland/Austria). Together we have strong expertise in applied and fundamental formal methods research; development of verification, testing, and security tools; software engineering; software & network security; and blockchain security audits. In formal methods, we have academic and industry experience in modeling and verification of distributed and concurrent systems, design of model checking algorithms and satisfiability checking procedures. Our expertise and independence from any company guarantees our ability to achieve the stated goals, thus adding resiliency to the project.",checked,5522cf5e (https://v5.airtableusercontent.com/v3/u/50/50/1771855200000/EWAfWv7saQPW2w7QEYwHfg/TBOupJKBiIHxWux6UwVUXDQtUvjCh7G3QFrK0nUfVg_qQIMmLFmZPVdUiZtvUC8iBM_Fn57uQEKu_sQ3f3c-1Rzcl3ndnq1EBQvcQfMs2Et1mSNNf3lC3sgO5kipTw4WzDx6ik1KSGVJmjZN2SLNsA/sST_5YjgZDxHlg0MsFfwt4Rz6-ZkxdJn5FFu2Od4lmQ)
Sorosorcerer.com,Abandoned,Developer Tooling,http://sorosorcerer.com/,An easy to use tool to develop smart contracts on soroban for use-case builders with secure and vetted code,$40000.00,$40000.00,,Sorosorcerer.com,sorosorcerer.com,https://communityfund.stellar.org/dashboard/submissions/recMrJRtoPBpXYIMY,https://communityfund.stellar.org/dashboard/submissions/recMrJRtoPBpXYIMY,SCF #16,SCF #16,"Yes, fully open-source with Github",https://github.com/NossicaSystems/soroban_extend,https://discord.gg/5mxkqWaX7F,https://twitter.com/EfikoDLT,,,,,checked,image.png (https://v5.airtableusercontent.com/v3/u/50/50/1771855200000/GFM6mHoOHv6g62Tgxjy4Pw/w_XRTwponwaBMld7tuvGxVbt80_WtBdrHJ3bcgyyrq1mrdASV7CsvDprzn4DaScwR05yPiDNvEJr1qHMM3q8Q-caqOzRQPRCRnknpHcMbGDxpKw33ABo5MfokU_vlRKqVnBXPW2Sk6h_RC3F2-ybYA/yJwo8MMUYWxG3P8bEeZu-YAUAUEZXPmToXLiLCTdfnM)
Sanctum,Abandoned,Developer Tooling,https://github.com/zkbricks/sanctum,"We are building ZK+MPC tech to enable smart contracts to compute on secret state, thus bringing privacy to the Stellar apps.",$135000.00,$135000.00,,"Sanctum,Sanctum","Soroban contracts with secrets, Private Payments on Soroban","https://communityfund.stellar.org/dashboard/submissions/recdGy1JdPi0qtRpj, https://communityfund.stellar.org/dashboard/submissions/recEXQ7VUoxGVHeZx, https://communityfund.stellar.org/dashboard/submissions/recWfVhJgT7qRCs2u","https://communityfund.stellar.org/dashboard/submissions/recdGy1JdPi0qtRpj, https://communityfund.stellar.org/dashboard/submissions/recEXQ7VUoxGVHeZx","SCF #23, SCF #25, SCF #30","SCF #23, SCF #25","Yes, fully open-source with Github",https://github.com/zkbricks/sanctum,,,,,,,checked,zk.png (https://v5.airtableusercontent.com/v3/u/50/50/1771855200000/Vp7yKdqoeQ-_r0jPQls7dw/KaB7bUhE4lKMIcHb7QU3Aya0y0IKGayNcum89_tr4kP8Q4Q320M3iSNcutn96g-SlqSNX7WaewFNN0H7LcfBPSI5LVcygZUMe1HpBYnsSwHIqzzIlK_SMIHtSkYAicYEV_rNwJI0UD9AO5hj92eR0w/JBaZoX285v4AB0mnHB6OgRqkXod-d3Ulb_GrRzxdtmo)
Governance Modules Library,Abandoned,Developer Tooling,https://stellarcommunityfund.gitbook.io/module-library/,"The Governance Modules Library is a curation of new and classic modules for governance in dApps and DAOs, ready for Soroban.",$101000.00,$101000.00,,"Governance Modules Library,Governance Modules Library",Governance Modules Library,"https://communityfund.stellar.org/dashboard/submissions/recX7oB3F68rVpdY1, https://communityfund.stellar.org/dashboard/submissions/reczJIM2hVxOvI44M","https://communityfund.stellar.org/dashboard/submissions/recX7oB3F68rVpdY1, https://communityfund.stellar.org/dashboard/submissions/reczJIM2hVxOvI44M","SCF #22, SCF #26","SCF #22, SCF #26","Yes, fully open-source with Github",https://github.com/BlockScience/SCF-GML-Contributions,,https://twitter.com/block_science,,,,,checked,governance_modules_library_violasel copy.png (https://v5.airtableusercontent.com/v3/u/50/50/1771855200000/wqgA2_V7J4IEGp5h84AAng/lVdUsokBWxO8m6NQ0tNHovmQqz11XgQFdvNlIXAlBtfPaJc3BicZzfObWl5H0pHqwOcyoLXdeKsdkKx759p1q_lZY6hCQMhmX74EIEKYR2N8xonmOPIH1nhwX3B3qRXiGuTVX5R69nwMnTGDy3WfylJ6gUAzTsrFV8UCn0izUi3ZiH83qkGItA8TuF-qI7AW/4PyjxdyZTp5qoIJVKTMSnXxD-6fRiXh-lS-b9etmH6g)
Soroban Assistant,Abandoned,Developer Tooling,https://soroban-assistant.herokuapp.com/,"AI assistant for Soroban Q&A, smart-contract code writing & rigorous testing to elevate your smart-contract projects.",$15000.00,$15000.00,,Soroban Assistant,DYET (Do you even test?),https://communityfund.stellar.org/dashboard/submissions/rec0jGQZos0pFphvx,https://communityfund.stellar.org/dashboard/submissions/rec0jGQZos0pFphvx,"SCF #14, SCF #20",SCF #14,"No, I don’t have a public Github",,,,,,,,checked,image.png (https://v5.airtableusercontent.com/v3/u/50/50/1771855200000/54gSZpfMZXPD-6IG5UhXBA/i2l7fghS5mQZJQL5wXBrMPig07Jaiwmpg8wNIcdwSjnL_hPdu4rxXH7sZoMwm9meC2b3AiD0wGZCS-2XoyFdUHc0QSLXaoU9v1YNcBT4k51D98IHkmS49GwYVSpWzraN7gd17zqeER-s_NPuXDDj3Q/lXr6G_RPyWEJSVi3a8g_19aZcY7YjLaERI5quP3UUWI)
Canfy,Abandoned,Developer Tooling,https://canfy.net,A developer copilot trained on extensive knowledge of Stellar and Soroban to navigate the complexities and assist on apps creation.,$50100.00,$50100.00,,Canfy,Canfy,https://communityfund.stellar.org/dashboard/submissions/recfjZWvOsCHoeqOV,https://communityfund.stellar.org/dashboard/submissions/recfjZWvOsCHoeqOV,SCF #19,SCF #19,,,,,https://www.linkedin.com/company/canfy/,,,,checked,image.png (https://v5.airtableusercontent.com/v3/u/50/50/1771855200000/G7gjAd9PN5LBPQBGVFpogw/hN28J5aw_QCXEiPycLOirxA2l4sdhXNCGlzG-Seib8vo_DnOhkbVy00b0BH7wxJe4v6ge8nAhBbycIkOReFSWToGj8uycr3cOwfLPL4Hhe8hdaRrkNQglCQkexWUvV__dyuoLr7sx6Y0y9dfesV9BA/bSTwB-zq2gyA-cwSDQYo-43Yi_ke2EetjEY_h3t-jmg)
SWPLUG,Abandoned,Developer Tooling,,,$35717.93,$35717.93,,SWPLUG,SWPLUG,https://communityfund.stellar.org/dashboard/submissions/rec8qIbuHeFZl2XVL,https://communityfund.stellar.org/dashboard/submissions/rec8qIbuHeFZl2XVL,SCF #1,SCF #1,,,,,,,,,,
SoroBuild,Abandoned,Developer Tooling,https://adapptable.dev/,Revolutionizing Dapp creation on Soroban with a user-friendly Bubbl.io no-code plugin. ,$44800.00,$44800.00,,SoroBuild,SoroBuild,https://communityfund.stellar.org/dashboard/submissions/rechkIWIYMI6GZOoP,https://communityfund.stellar.org/dashboard/submissions/rechkIWIYMI6GZOoP,SCF #22,SCF #22,"No, I don’t have a public Github",,,,,,,,checked,sorobuild cover 169 (1).png (https://v5.airtableusercontent.com/v3/u/50/50/1771855200000/-yUuITfN2LmV6JR8qRX3ZA/TOrohVSNcrBNameujUgOyBJ6N-k9Ibmog15oBQDYCdXfKnk4p_DWuEhrbuHqkqsG7biY2ifWy1oK5kDF56mF1OBtX0gFSRbC9gG98EbodGrmEw5WLaFvzXbXPdCGwapDIkIPgKXzo1cT2EY0TRmRqfqvRPTO_Sezfn-dwJzvm0Q/icYHTpOWBK8cluRsT_970PS1H4oi1sG_hLOnqfHfwLw)
OmniLumen,Abandoned,Developer Tooling,https://github.com/OmniLumen,"OmniLumen is a comprehensive development environment for Stellar and Soroban, offering a suite of integrated tools and libraries to streamline the development process. OmniLumen offers a comprehensive local development suite for Stellar, similar to how wagmi.sh provides tools for Ethereum Virtual Machine (EVM) development. While wagmi.sh simplifies building on EVM with React hooks and CLI tools, OmniLumen delivers similar capabilities tailored for Stellar, including quick start, BigQuery integration, and local LLM integration.",$50000.00,$50000.00,,OmniLumen,Wagmi.sh for Soroban,"https://communityfund.stellar.org/dashboard/submissions/recowXcSbEYnfaD1C, https://communityfund.stellar.org/dashboard/submissions/recFXd6qvTDLqIHgt, https://communityfund.stellar.org/dashboard/submissions/recAjnxU91xGAKoCA",https://communityfund.stellar.org/dashboard/submissions/recowXcSbEYnfaD1C,"SCF #28, SCF #30, SCF #31",SCF #28,"Yes, fully open-source with Github",https://github.com/OmniLumen,,,,,,,checked,Screenshot 2024-09-05 at 11.52.03 AM.png (https://v5.airtableusercontent.com/v3/u/50/50/1771855200000/3dIkqGaa7t1OjDAJh9jBbg/7udQvebqY_WstQ-Ss5zuXhSO_3XJLfWjZUlUD_f7b5jPlkAfU8A6plMEeDAJB8otOMvDI_z3_rnwp-hWInhQ8fHFBNInDI4WdD2rzTzUISoja1si2FUyRizCa3hcJCXFSpyVATLVRnGK42NMK3OstLSHY8K9qitRMRbbPgn4wMeKVmYyP69Ff3I3XfWu1vye/3afOvtxQ3HIBgIzZMENgwEYrm6Q96KbrGmjYGZvEMr8)
Soroban Smart Option Contract,Abandoned,Developer Tooling,https://github.com/blocktimefinancial/option,The BTF Soroban Smart Option contract is a limited-risk option contract to facilitate an OTC bi-lateral trade with collateral.,$61500.00,$61500.00,,"Soroban Smart Option Contract,Soroban Smart Option Contract","Soroban Smart Option Contract, Soroban Smart Option Contract (Part 2)","https://communityfund.stellar.org/dashboard/submissions/recZCNsXQQM03va9Q, https://communityfund.stellar.org/dashboard/submissions/recm80YHqumL7qKsJ","https://communityfund.stellar.org/dashboard/submissions/recZCNsXQQM03va9Q, https://communityfund.stellar.org/dashboard/submissions/recm80YHqumL7qKsJ","SCF #14, SCF #15","SCF #14, SCF #15","Yes, fully open-source with Github",https://github.com/blocktimefinancial/option,https://discord.com/channels/1039603107396603965/1039603108034129922,https://github.com/blocktimefinancial/option,,,,,checked,Screenshot 2023-09-21 084432.png (https://v5.airtableusercontent.com/v3/u/50/50/1771855200000/r4eNYls5Chg976K-sSh9MA/bcQ0-h8yQVbPrjaRhHAal3znSsM0RWWDEEgWyJjuNhvDD_pglq7o5cOub74cb0YvsmyaBAJTb3oOqXEi5UB53RoUi1ucsBsNK5A9vdnUZMb2p4kqRwGLLF8t-_zGfpJC-brQKLYrxN7ltXnYFYyk_27C6QlVghOFyqlHGqUF7RY/KiIAwopIXk3TMgI6XQr_jZkn0WZWJdb9DhDR3Jl-lig)
Cede Labs,Abandoned,Developer Tooling,https://sdk.cede.store/,"Cede Labs streamlines liquidity flow between Centralized Exchanges (CEX) and Decentralized Finance, offering seamless connectivity with over 15 CEX APIs for asset management since 2021",$119800.00,$79866.66,"No specific region of operation,Europe & Central Asia",Cede Labs,Cede Labs: Unlocking liquidity between CeFi and DeFi effortlessly,https://communityfund.stellar.org/dashboard/submissions/recP8ThGTCNqAQIj6,https://communityfund.stellar.org/dashboard/submissions/recP8ThGTCNqAQIj6,SCF #31,SCF #31,"Partly, I do have a public Github",https://github.com/cedelabs/sdk-examples,https://discord.gg/V7hgKf6NWf,https://twitter.com/CedeLabs,https://www.linkedin.com/company/cede-labs,https://cede-labs.notion.site/Metrics-aac384c5b0e646d6b83231f7fc7a92df?pvs=4,,"Team Members: 6
- Pierre Ni (Co-founder & CEO): Graduate of the Institut Polytechnique de Paris, entrepreneur since 2021, crypto investor since 2020.  
- Gabriel Begazo (Co-founder & COO): Graduate of INSA Lyon and IIT Bombay, founder of Kryptosphere INSA Lyon, in crypto since 2017.  
- Ariel Benittah (BD Lead & Head of Partnerships): DeFi investor since 2019, contributed to GMX, entrepreneur who generated $700k in drop-shipping.  
- Canberra Menthonnex (Product Manager): Computer science graduate, previously worked for several fintech companies.  
- Nikita Terekhov (Co-founder & CTO): Graduate of INSA Lyon and MIPT, winner of multiple hackathons, former engineer at Worldline.  
- Mathieu Raimbault (Full-stack Developer): Full-stack developer, joined Cede Labs in 2021, became a shareholder after contributing as a freelancer.
",checked,946c3069 (https://v5.airtableusercontent.com/v3/u/50/50/1771855200000/0VuZTWuSaoOJ31giFcJeuQ/7ZHuOyF61L543B9WnuUg9zk7a6i0wARggPzGfcCb-fkXAXHoZMGO1iXkJ9mxTQCWU7Kyx6xYlurjZ_N3vW_iVMaYwZmO-0CgjFALtVEIMquuGklMGNBCW5hRm-Z_ZfDqXnBKC_1b8MyvjlpULRjgMw/yb9ZfPfdRDYD1tpPM0WyQJXFfYsJV0jNVNouKBzHi1s)
Soroban Explorer,Abandoned,Developer Tooling,https://sorobanexp.com/,"Soroban Explorer will allow all users on Stellar to validate the underlying code behind smart contracts on the protocol, increasing transparency, trust, and ultimately adoption of the Stellar network.  To enable this reality, our team will build the underlying functionality to compile source code and the interface that allows users to interact with the explorer.  Our proposal would address a critical need, verifying the underlying code behind smart contracts in the Stellar ecosystem, for users across Stellar.  The envisioned solution would be user-centric, with a clear output to users with a streamlined user interface that is designed to enhance existing user journeys across the Stellar ecosystem.",$161000.00,$161000.00,,"Soroban Explorer,Soroban Explorer","Soroban Explorer, Soroban Explorer II","https://communityfund.stellar.org/dashboard/submissions/recB7Lz9t4Zl69bac, https://communityfund.stellar.org/dashboard/submissions/rec85RVkmAjDXl8T5","https://communityfund.stellar.org/dashboard/submissions/recB7Lz9t4Zl69bac, https://communityfund.stellar.org/dashboard/submissions/rec85RVkmAjDXl8T5","SCF #19, SCF #23","SCF #19, SCF #23","Partly, I do have a public Github",https://gitlab.com/soroban-explorer,,,,,,,checked,image.png (https://v5.airtableusercontent.com/v3/u/50/50/1771855200000/OhRtyCoPQvAwT5CgW93Q-g/EDlxQ7mITJTcGl09Thpl0BL7Xb3BF_yFZSoAdMZdAdMizVhVXslswOCtPDSY-UH9RhFMcQA0fP-yYII0x6nSsHkN1R1MoGVFRTCl_a2m9zVZKe2-k-7m3dM_9LTpeW-tF1hEDFhmt4U7E1pUjZNRoQ/PeXNV1Hd4zovsDOc3kf5zZUD86iYMbu8YIiUUt-doXg)
Teken - Easy Multi-Signatures,Abandoned,Developer Tooling,https://github.com/MoonBite-GmbH/multisig-ui,"Teken’s mission: an easy-to-use multi-signature app for Stellar, enhancing security and collaboration via Soroban smart contracts.",$29500.00,$29500.00,,Teken - Easy Multi-Signatures,Teken - Easy Multi-Signatures,https://communityfund.stellar.org/dashboard/submissions/recL7dgmOKB1HHEOo,https://communityfund.stellar.org/dashboard/submissions/recL7dgmOKB1HHEOo,SCF #28,SCF #28,,,,,,,,,checked,Screenshot 2024-07-12 at 10.59.20 AM.png (https://v5.airtableusercontent.com/v3/u/50/50/1771855200000/lw_FVoUrpEOgiFbUeOEOnw/HePQIc4TtHbYZSE2GlZYnMr-CW17IxcX10VajUaczCnpfF-E_qrhaHvV8R79OhqeETleeuflrGiMhxr2hYPbp2-M8qgFc0IPMfOVvngEaUDo7lHqYHboYfE75G_-7SiqYuQTb77DnQi-V_r-3T4I9UQ3fSIRXwvQmi6cEPDv3Q-cJd-JSIHpFfEO7b5B81MB/-tIfOO4EIUqs-5fd-CcKSEddPql3HFDmOqs84LMQAEU)
Simple Signer,Abandoned,Developer Tooling,https://github.com/fsodano/simple-stellar-signer,A secure in-browser transaction signer,$10000.00,$10000.00,,Simple Signer,Simple Signer,https://communityfund.stellar.org/dashboard/submissions/recjPfbs3ntu7RyaZ,https://communityfund.stellar.org/dashboard/submissions/recjPfbs3ntu7RyaZ,SCF #9,SCF #9,"Yes, fully open-source with Github",https://github.com/fsodano/simple-stellar-signer,,,,,,,checked,image.png (https://v5.airtableusercontent.com/v3/u/50/50/1771855200000/SpKZ_-tPNxrh_fcBOX1Xfg/wm-LdIyAVuuWGiXe9uvnFS4slqr5KXJJ_E29hgOAgGQNY7MGDkjNQkYHbqbdQRHtyKi9IIDFgyGyuHGtklYqbua-uDg-VuNmASsftBRU_I-OATOMK5PU3ZbP1kJspYBLFvnqQYmv_CyzXQuRFSAMxg/OvrQMeO79bURWNeVmfMF_ZDq4fgQ3woDJ3gTg3nYssk)
Soroban React,Abandoned,Developer Tooling,https://github.com/paltalabs/soroban-react,"Full-Stack DApp Boilerplate for Soroban Contracts: @soroban-react support, standards, tutorials, and open-source contributions",$25000.00,$25000.00,,Soroban React,@soroban-react and Boilerplate,https://communityfund.stellar.org/dashboard/submissions/recBHrtJV6ztGGICQ,https://communityfund.stellar.org/dashboard/submissions/recBHrtJV6ztGGICQ,SCF #20,SCF #20,"Yes, fully open-source with Github",https://github.com/paltalabs/soroban-react,,,,,,,checked,image.png (https://v5.airtableusercontent.com/v3/u/50/50/1771855200000/7r76_HCYUccOzgm-CNU2ow/wyds7OM3EqJrCxqyCMw7kssp-qdvGj_faMr9FGa9af1ZPcLU821g-FFZVos5jOlQHwF-qYBTd_aadbXMn-nYIQX4mgwg-yoTIjhOMy9UnKTGBHVmVbIN-PTQxN47NgGWGgnvoXqYmxoE9gaEKyqgig/U5mSrOra3uLMTl5wgzcbZx9Jqa3O1hzU-zNIpYlvJVE)
JS Worker SDK,Abandoned,Developer Tooling,https://github.com/Cloudouble/stellar-js-worker-sdk,The JS Worker SDK is a modern simple JavaScript SDK with a light <10kB footprint that gives easy access to the Horizon API.,$47500.00,$47500.00,,"JS Worker SDK,JS Worker SDK",JS Worker SDK,"https://communityfund.stellar.org/dashboard/submissions/recaEiyFpgJEc9TN2, https://communityfund.stellar.org/dashboard/submissions/recCOibVGJQ9sVgan","https://communityfund.stellar.org/dashboard/submissions/recaEiyFpgJEc9TN2, https://communityfund.stellar.org/dashboard/submissions/recCOibVGJQ9sVgan","SCF #24, SCF #27","SCF #24, SCF #27","Yes, fully open-source with Github",https://github.com/Cloudouble/stellar-js-worker-sdk,,,,,,,checked,Screenshot 2024-03-15 at 3.16.21 PM.png (https://v5.airtableusercontent.com/v3/u/50/50/1771855200000/_7dIBgUo1HLT4nlFakBupg/vSn7inhBGK38DCK_ltBRTY-GptC_LW-kX13M3FR_89_ztmA8lmkf7axMT0bfH-1CA3bEdzS637ezhSHDdKhmyR6FB1oHPiN9osfSUVQ0WgK13dYx2s08KeSRUkJcRTH3v0oBCESx0giGxt2efgCAmShhBfJ-W5j-SozKoQcUAQc/uGaLWTCq5TXZdxvDM848MhliPlw1doQHyuj39agsL8g)
Okashi,Abandoned,Developer Tooling,https://okashi.dev,Okashi is an online smart contract developer playground.,$406800.00,$406800.00,,"Okashi,Okashi,Okashi,Okashi","useSoroban.app, useSoroban.app II, Okashi - Developer UX Upgrade, Okashi - Production Release","https://communityfund.stellar.org/dashboard/submissions/recrMvxb9uFph97RM, https://communityfund.stellar.org/dashboard/submissions/recdmXC3u5HWsR7tq, https://communityfund.stellar.org/dashboard/submissions/recqsmOiASUgtmDrI, https://communityfund.stellar.org/dashboard/submissions/rec3E6adszfXUHoyR","https://communityfund.stellar.org/dashboard/submissions/recrMvxb9uFph97RM, https://communityfund.stellar.org/dashboard/submissions/recdmXC3u5HWsR7tq, https://communityfund.stellar.org/dashboard/submissions/recqsmOiASUgtmDrI, https://communityfund.stellar.org/dashboard/submissions/rec3E6adszfXUHoyR","SCF #13, SCF #15, SCF #24, SCF #20","SCF #13, SCF #15, SCF #24, SCF #20","Partly, I do have a public Github",https://github.com/okashi-dev,,https://twitter.com/Okashidev,,,,,checked,Screenshot 2023-10-17 at 19.07.56.png (https://v5.airtableusercontent.com/v3/u/50/50/1771855200000/3VhSfa1pl4U_Q-Yo48nmYg/e9ANdTJYrsYVy90ZFzT8C9xqfCHJyrix9OOMICOfNeaIN7r0DTkiOUwKtl9E24yg4NF5BQjmgbg1KdXdEfMwTnFe5_V-euVImXoZeWfoCY-b85OQ9dYSSE67QZ5uZ2d7vUaY79GEeu9Rp4uySLkOBXWGr9d4o5P0yvL9dvKqGcE/jWZIsUwf46izDFTQDHMCtsfjuBrmu3p10a1pZzC3TFQ)
Kotlin Stellar SDK,Abandoned,Developer Tooling,https://github.com/rahimklaber/stellar_kt,Interact with Stellar using idiomatic Kotlin and share code across platforms.,$11500.00,$11500.00,,Kotlin Stellar SDK,Kotlin Stellar SDK,https://communityfund.stellar.org/dashboard/submissions/recJkbPGJBY1VXyJ9,https://communityfund.stellar.org/dashboard/submissions/recJkbPGJBY1VXyJ9,SCF #9,SCF #9,"Yes, fully open-source with Github",https://github.com/rahimklaber/stellar_kt,,,,,,,,image.png (https://v5.airtableusercontent.com/v3/u/50/50/1771855200000/15XWvuSroOGvX4_of-8fiQ/U1XNe8O05NBO4xhCzZzx8tCVtzAOSHCVpkb0Z7VFM7F9C5Jw7C1PHrfGcm8G3OQVjMQy7nS3u98B9MnPMaylg0Tg9Izx2yhzklM9m1hJR0rgJKaMFiFVgkg7wZKIR3d2h4qsd7ZynyFZZlbD31Px1w/GCACmZN9kQYCWdYTMdlxVTjIXwJQ1U0QTzGpIQ7vBJM)
Formal VerSo,Abandoned,Developer Tooling,https://saw.galois.com/,A semi-automated tool for Formal Verification of Soroban contracts using the Software Analysis Workbench (SAW),$249700.00,$249700.00,,"Formal VerSo,Formal VerSo,Formal VerSo","Formal VerSo, Formal VerSo - Phase 1, Formal VerSo - Phase 3","https://communityfund.stellar.org/dashboard/submissions/recSrr56oFNwtem56, https://communityfund.stellar.org/dashboard/submissions/recY8VYgnjVw1jIBz, https://communityfund.stellar.org/dashboard/submissions/recWlKfh0BaVkHuXD","https://communityfund.stellar.org/dashboard/submissions/recSrr56oFNwtem56, https://communityfund.stellar.org/dashboard/submissions/recY8VYgnjVw1jIBz, https://communityfund.stellar.org/dashboard/submissions/recWlKfh0BaVkHuXD","SCF #20, SCF #23, SCF #27","SCF #20, SCF #23, SCF #27","Yes, fully open-source with Github",https://github.com/GaloisInc/formal-verso,,,,,,,checked,image.png (https://v5.airtableusercontent.com/v3/u/50/50/1771855200000/PjPImZygqEFBb7Z_Qy8qkA/Sr63b1GHo8OdXWPjwZefQj8A3XnsNVg9_v2WqiDZBArnR1qETnufH5kOGqYSyqXXm5MGYLkP5sjEyYcXAnNZXsIpgxRIOvjehhx3Uy3sA9Xa9YQiPTFK9win7GaJCMnkq8nqMpS0wi_hpEOd5ahByg/vwqqrhmd42TfvZE34tyUzyQr52A4YX3GUM0BM4P_Nc4)
Elio DAO,Abandoned,Developer Tooling,https://elio-dao.org/,"Our Platform makes it simple to launch and manage a DAO, with customizable governance rules and transparent decision-making processes.",$148200.00,$148200.00,,Elio DAO,Elio DAO,https://communityfund.stellar.org/dashboard/submissions/recAn7u7cJ9KA3AEd,https://communityfund.stellar.org/dashboard/submissions/recAn7u7cJ9KA3AEd,SCF #15,SCF #15,"Yes, fully open-source with Github",https://github.com/deep-ink-ventures,,https://twitter.com/ElioDAO_org,,,,,checked,image.png (https://v5.airtableusercontent.com/v3/u/50/50/1771855200000/YO_zaiFvhKqiVydC6ztl4Q/eI0hle3ogzoN3vfuaeoBES6xMEBPSUbyiJAbl23YF3hezPSxH04Up3V_36DD-SFNhzcNXx0EH7zeupqbFRp8mCcpIE4g-cMigetqk7dD6ezUBiIGLuS2a9oUfsC6iNEh7lY0aWAw4yCjobow_EpcUA/2czE3w_d4UP0rEcWqwqZPq8eFcvzNtskR3vTe3qAWy4)
stellarpro.dev,Abandoned,Developer Tooling,https://stellarpro.dev,Stellar-focused education platform for post-beginnerdevelopers wanting to grow their skills to intermediate and advanced levels.,$65880.00,$65880.00,"Latin America & Caribbean,North America (without Mexico),No specific region of operation","stellarpro.dev,stellarpro.dev","Soroban-VSCode Extension, stellarpro.dev","https://communityfund.stellar.org/dashboard/submissions/recpomNZXKFtufheP, https://communityfund.stellar.org/dashboard/submissions/recEafxknk0CPdmB7","https://communityfund.stellar.org/dashboard/submissions/recpomNZXKFtufheP, https://communityfund.stellar.org/dashboard/submissions/recEafxknk0CPdmB7","SCF #17, SCF #29","SCF #17, SCF #29","Not yet, I don’t have a Github yet but my project will be open-source",https://github.com/omeganetwork-tech,,,,,,Matias Wald: role - Product Manager + Lead Developer,checked,Screenshot2024-08-12at12.33.15PM.png (https://v5.airtableusercontent.com/v3/u/50/50/1771855200000/evoJ6s2S3pJU8G_xHuOmbQ/2RG8F_qFC8xY-QfSjnc3JSa67bNUboYmmDViTvacSh13s4bzudKMQP0cpfPT7-QZ9dga1NWRkfE-yF-XyrtLhcJPuwRn4V7KjO4FwwgLfFjVMEtMSRXz5pFY-gAnD44_t50jJ7yRIYDG_cTCxKhcgA/ZPA4Ywf9lWqA3L-ZOk0gcHmGmicXvQAGxS8crwd1W2o)
Prophe,Abandoned,Developer Tooling,https://prophe.xyz,Prophe is a blockchain-focused toolset that makes project management a breeze.,$42000.00,$42000.00,Sub-Saharan Africa,Prophe,Prophe,"https://communityfund.stellar.org/dashboard/submissions/reczynrU3JHEYcAEw, https://communityfund.stellar.org/dashboard/submissions/rec9nAqur44nRHLlj",https://communityfund.stellar.org/dashboard/submissions/reczynrU3JHEYcAEw,"SCF #28, SCF #31",SCF #28,"Yes, fully open-source with Github",https://github.com/seunsanyaa/PROPHE,,https://x.com/PropheHQ,,https://docs.google.com/document/d/1HNlD3W2_s4zsG7rSdFwFk3oPTyTc0Xqb0QbPItcFMg8/edit?usp=sharing,,"Seun is a seasoned full-stack engineer with a background in cyber security , has a track record of building products from 0 to 1. With over 5 years of experience , He has dedicated his past 5years to collaborating with founders and nascent teams, assuming the role of a technical lead or consultant . He built a SPORTS BETTING PREDICTOR (fela.ai), and an AI tool that helps UX researchers build better products ( Research kit )

Eniola is a digital product designer with over 4 years of experience in building innovative solutions across fintech, web3, and healthtech sectors. At Trality, he played a key role in designing algorithmic trading charts for cryptocurrency trading bots, enhancing the platform's user experience. Additionally, at Luminovo, he streamlined design processes and improved user experience in the electronics manufacturing space, significantly reducing the complexity of monitoring, quoting, and procuring PCBA.",checked,
STOCKen CAPITAL Legaltech,Abandoned,Developer Tooling,https://www.stockencapital.com/,Legal platform for the digitization of governance and financing of disruptive companies.,$32579.00,$32579.00,,STOCKen CAPITAL Legaltech,STOCKen CAPITAL Legaltech,https://communityfund.stellar.org/dashboard/submissions/recMbwLXxfYgBJXQy,https://communityfund.stellar.org/dashboard/submissions/recMbwLXxfYgBJXQy,SCF #24,SCF #24,,,,,,,,,checked,
Nebula,Abandoned,Developer Tooling,https://eiger.co/,"Nebula a Soroban contract library, governance, modules and ready to use contracts. Quasar a Soroban indexer.",$149458.00,$149458.00,,Nebula,Nebula and Quasar,https://communityfund.stellar.org/dashboard/submissions/recYkjDsD5FKqcfy0,https://communityfund.stellar.org/dashboard/submissions/recYkjDsD5FKqcfy0,SCF #18,SCF #18,"Yes, fully open-source with Github",https://github.com/eigerco/nebula,,https://twitter.com/eiger_co,,,,,checked,image.png (https://v5.airtableusercontent.com/v3/u/50/50/1771855200000/ayNK-SgKe9piYzws9gW9CA/7oTgZne2vhtqBgH1FrO2qPCssIGxAcxj-kFMUiBUcQb9nPeYoB09VAZDQEjfyBtG-mUZtmHijfukBHxeAEdB3rcwdxywcvmr0qP6Y4irYynh2BW_Cold-CT1AU3gog-fO2Fj6AsGS81aMI1jFCQtbg/55JUbuz75fwQRufersWEUMbw-644oW975UmQUwx4tlg)
StellarAuth,Abandoned,Developer Tooling,,The best way to integrate Stellar into your apps,$0.00,$27608.18,,StellarAuth,StellarAuth • The best way to integrate Stellar into your apps,https://communityfund.stellar.org/dashboard/submissions/recUupl1g4dKZ18Fq,https://communityfund.stellar.org/dashboard/submissions/recUupl1g4dKZ18Fq,SCF #2,SCF #2,,,,,,,,,,
Styx: A Soroban-Cosmos Bridge,Abandoned,Developer Tooling,https://www.figma.com/file/MCNoYBwA8wSAx0Qu4lIB1W/Styx-Design?type=design&node-id=0%3A1&mode=design&t=eQKAcKpzSPhTbLLR-1,A mint/burn bridge connecting Soroban to Cosmos and the larger Blockchain ecosystem.,$43000.00,$43000.00,,Styx: A Soroban-Cosmos Bridge,Styx: A Soroban-Cosmos Bridge,https://communityfund.stellar.org/dashboard/submissions/reci8OPZVGDgt0ojE,https://communityfund.stellar.org/dashboard/submissions/reci8OPZVGDgt0ojE,SCF #23,SCF #23,"Yes, fully open-source with Github",https://github.com/jj7302/styx-bridge,,,,,,,checked,img_9468.png (https://v5.airtableusercontent.com/v3/u/50/50/1771855200000/xLdCocDZZfwmj9kWorAosw/GT7q6Nl84GwyOS9kpdxrv5tU9fuKkvG6CZCEd0uToGrxzJ6Lt3oZG254ktMxHyb_xtgfDwyyIRQ84BUYAqn5wW1HcEfcBrzsec9o3fs-o25pT1McSVh08f2i9eSnUcepE0spZFB0bucttNZFrmSIgg/Jh-S1vAPoikU_oVGA-LevsEb_EbEr54OJBqcUhv_nKk)
Gecko Fuzz,Abandoned,Developer Tooling,https://github.com/jjjutla/GeckoFuzz,Gecko uses formal verification and fuzzing guided by dataflow patterns and LLMs to audit smart contracts on-chain autonomously.,$30000.00,$30000.00,,Gecko Fuzz,Gecko Fuzz: Automated Fuzzing,https://communityfund.stellar.org/dashboard/submissions/recgaYJqkY6XAjubP,https://communityfund.stellar.org/dashboard/submissions/recgaYJqkY6XAjubP,SCF #22,SCF #22,"Yes, fully open-source with Github",https://github.com/jjjutla/GeckoFuzz,,,,,,,checked,screenshot 2023-12-04 at 00.19.54.png (https://v5.airtableusercontent.com/v3/u/50/50/1771855200000/-djBfC4qUxdtZDPlcj-oNw/dt9j2J823FviIWS8bP_oOM_iWdVDRmbIp1_7AoDocgtUqJJG6knY1Vm07llPLSudUFJUP9HnwXOrhOuPj2J1droP-zioCqvyW94qK0ajtOGdvUaFAp18_buFhtkMuNBrOvUiZEgMKyuSaPczNnk7Yh9gJjnENb6xxNV-0B1CCVw/mw32-upYGZ23d54MQcT3SVjnPQKBHwsk1c-hx-X8zLA)
Benkiko REST APIs,Abandoned,Developer Tooling,https://api.benkiko.xyz,Abstracting Horizon and Soroban RPC endpoints with universal REST APIs,$40000.00,$38348.96,Sub-Saharan Africa,Benkiko REST APIs,Benkiko Finance,https://communityfund.stellar.org/dashboard/submissions/recgkswpYe1ft72DP,https://communityfund.stellar.org/dashboard/submissions/recgkswpYe1ft72DP,SCF #9,SCF #9,"Partly, I do have a public Github",https://github.com/BenkikoDAO/benkiko-api,,https://x.com/BenkikoAPIs,,https://stellar.expert/explorer/public/account/GCOPD5BTRL4SRJLNMB24LOYSEY53LE4MXXCUZC6KUABZPQ2Y6N5QAOLS,,"Samuel Mugane, Co-Founder and CEO, is a Back-end Developer living in Nairobi, Kenya. I enjoy building web apps using the Django web framework and REST APIs using Django Rest Framework. I also work with PostgreSQL, AWS RDS, and AWS S3 for database and storage. I also work with Git and GitHub for version control. I use DigitalOcean for deployment. I am knowledgeable in using Github actions for continuous integration and deployment. I have experience building Web3 tool and products including on Stellar with Go, Rust and Python.

John Frank, Co-Founder and COO, Highly motivated and results-oriented Product Manager with 6+ years of experience driving the design, development, and launch of innovative blockchain applications. Proven ability to bridge the gap between technical complexity and user experience, creating accessible and impactful solutions for underserved communities. Passionate about utilizing blockchain technology to empower individuals and foster economic growth in the global south",,49d37d2c (https://v5.airtableusercontent.com/v3/u/50/50/1771855200000/CuLtExhawtRlk4od0gFaCA/hH5n62NvqXObSQ4mTW6aqbGoOpWWBfEwl1fGu9ug8NUsp5TFj1Ow4jJTZNHjzzN4z0XEc00aly7Iq01-jWZFWzctwhF8XlmQMnenN2ymQAqk6zrbiYDbiuIVTQkWGi7A1dnrYIAq_Nkd5CsXDGPGbA/jzn-bMJ6WJnn-DYbDvcgI-jYAzRkjz4n3-2ZZGqOPT4)
KMAC State Machine Template (extension),Abandoned,Developer Tooling,https://github.com/huitemagico/kmac,Design and implementation of a Finite State Machine Template using design patterns and extensible functions written in Soroban SDK,$7500.00,$7500.00,No specific region of operation,KMAC State Machine Template (extension),KMAC State Machine Template,https://communityfund.stellar.org/dashboard/submissions/recY4eR4uXNvkXnAG,https://communityfund.stellar.org/dashboard/submissions/recY4eR4uXNvkXnAG,SCF #20,SCF #20,"Yes, fully open-source with Github",https://github.com/huitemagico/kmac,,,,https://github.com/huitemagico/kmac/wiki,,"My team consists of just me (huitemagico). I hold a Computer Science degree and have over 50 years of software development experience, including the last 30 years as a project leader in banking-related projects. I also have one year of experience with Rust and the Soroban SDK.",checked,2accdb78 (https://v5.airtableusercontent.com/v3/u/50/50/1771855200000/urxcfs9MM2dO6I01XHc7Dg/KEGhWgR5-R7mgZHRnxnatfT-a8WcEceF7YVRzai0GlsfxFyW_Xi4uMtVAaLeN7xygq5GiOshht8uhAMGvzPkXgp4mP3inN8-0dm_bAvAS3RFpkVMi6P2ugGjQNNdn6q2PEG2IF1bJV9vJDAkokUpdQ/-9HnyO7mcCzBWMiRutAi_NCVHHAhKKf--iNta2GMFeA)
Planet Pay,Abandoned,Developer Tooling,https://planetpay.io/,No code/Low code workflow builder for Stellar Classic & Soroban,$144773.28,$144773.28,,"Planet Pay,Planet Pay","Stellar Flow, Planet Pay (ex-Stellar Flow)","https://communityfund.stellar.org/dashboard/submissions/rec6OemBgG8xOkFk1, https://communityfund.stellar.org/dashboard/submissions/reckrr0bqgDyL0AX8","https://communityfund.stellar.org/dashboard/submissions/rec6OemBgG8xOkFk1, https://communityfund.stellar.org/dashboard/submissions/reckrr0bqgDyL0AX8","SCF #14, SCF #21","SCF #14, SCF #21","No, I don’t have a public Github",https://github.com/ScaleMote,,,,,,,checked,image.png (https://v5.airtableusercontent.com/v3/u/50/50/1771855200000/74MGOa67VTdyK30M2KeQpw/w9RX2atBRQK-kh-jCG1iQ9r8mKUHMaOAFnFmyjS3HP2uUnzdEhtAzIslx3GHUweEAEVj9IB_ypmrQcwe_5BX9wFpugQV4pae2qmLdLdfJRzHpFsc1DwlBJeDxbrfchKGbSPhmM-Dvnb4JL7fqFcb8g/BGdSAzkbvCU0EtUutCDaSAgj2J_3_rqfR0DOWW-LJUk)
Blip,Abandoned,Developer Tooling,https://blip.watch,"Blip0 is a platform offering real-time monitoring, alerts, dashboards, and APIs for Soroban smart contracts on the Stellar network. It helps developers detect issues instantly, optimize performance, and gain valuable insights into their contracts.",$47000.00,$47000.00,No specific region of operation,Blip,Real-Time Contract Monitoring,"https://communityfund.stellar.org/dashboard/submissions/recwBum9zIyqY6TC3, https://communityfund.stellar.org/dashboard/submissions/recVmizGkiwB3J9Zy, https://communityfund.stellar.org/dashboard/submissions/recM62hCMyjuEP90s",https://communityfund.stellar.org/dashboard/submissions/recwBum9zIyqY6TC3,"SCF #28, SCF #30, SCF #31",SCF #28,"Yes, fully open-source with Github",https://github.com/0xbhvn/blip0,,,,https://blip.watch,,"Our team is dedicated to building Blip. We are experienced developers and designers with a strong background in blockchain technology.

Team Lead: Bhaven Kakade (Discord: .bhvn)

-   Role: Senior Full-Stack and Smart Contract Engineer specializing in Rust.
    
-   Current Focus: Working full-time on Blip to bring advanced monitoring capabilities to the Stellar ecosystem.
    
-   Experience: Bhaven has a rich freelancing career, serving multiple companies across various domains and blockchain ecosystems.
    
    -   Metropolis: Served as Blockchain Lead at Metropolis, a gamified marketplace where digital collectibles unlock real-world products and experiences.
        
    -   Hushkey: Led the development of Hushkey, a decentralized password and identity manager utilizing IPFS for secure storage.
        
-   Expertise: Extensive experience in Rust, backend and frontend development, and building smart contract infrastructure.
    
-   Past Projects: Tech lead for multiple blockchain projects, including a decentralized password manager on Hedera Hashgraph and a cross-chain NFT marketplace.
    
-   Github / LinkedIn",checked,e76ec3b8 (https://v5.airtableusercontent.com/v3/u/50/50/1771855200000/hPbnBZi367EOd4MQTyBcWQ/j01YoZavknbXSW7JkJEG1QvcTt-zOvdx2d6JbAIxnJ6s-eEaBTADJlxh73Lkmn-PY8NW7iYFfNuwlXFkctkS-YYxJyVbKy5cCgTEQc_BvxuopV8crwY3KPsQdVUxM0WnZ0czX7B5GLtQrQT5a_IRQg/jMlZLpz6-W9ePD37vaPUDsg53so8iZyYY6WHSSM1-Mc)
SStream,Abandoned,Developer Tooling,https://github.com/rahimklaber/SStream,Composable streaming payments on Soroban.,$36000.00,$36000.00,,SStream,SStream,https://communityfund.stellar.org/dashboard/submissions/recnfJhEt3t2QogUI,https://communityfund.stellar.org/dashboard/submissions/recnfJhEt3t2QogUI,SCF #16,SCF #16,"Yes, fully open-source with Github",https://github.com/rahimklaber/SStream,,,,,,,checked,image.png (https://v5.airtableusercontent.com/v3/u/50/50/1771855200000/bGGZjjMzIccL5cQXjvlI6g/P5lftdJIcrlLySa0dPpVCbXwdh_I_rqPEcL6bxBKX3wg9_VQSN-VMdRx4j8oMHu0sAUspKJ5fXYVuKk_nJ_sjRTkvSIoPl0Dl-Xfh69JZ1yHgPBudb_54FacvtBiPJJ84zfZIOy8-ehiBryKmNHSDA/8Q5VmK-RspZGdFcfpekIUKQ1K7Qih_cEpRloP4vr56c)
Keizai,Abandoned,Developer Tooling,https://www.keizai.dev/,Keizai is a postman-like Soroban contract testing platform,$88300.00,$88300.00,No specific region of operation,"Keizai,Keizai","Keizai, Keizai V2.0","https://communityfund.stellar.org/dashboard/submissions/recFhanAqcbR56Bv8, https://communityfund.stellar.org/dashboard/submissions/recn2qqdZGTIcTm0n","https://communityfund.stellar.org/dashboard/submissions/recFhanAqcbR56Bv8, https://communityfund.stellar.org/dashboard/submissions/recn2qqdZGTIcTm0n","SCF #18, SCF #21, SCF #28","SCF #21, SCF #28","Yes, fully open-source with Github",https://github.com/keizai-tools/,,,,https://www.keizai.dev/,,"I’m a software engineer who started Keizai to help other developers test and develop their smart contracts. The project continues to grow, with new features being released regularly and a steadily expanding community.",checked,keizai-hero-banner.webp (https://v5.airtableusercontent.com/v3/u/50/50/1771855200000/dzGnQMurgX42RbgYJSuqGw/64luwX4xq3dq50csqAU6vR-YmPp9ZGes4-iOooZRqOdfN7DkPKJv4hxAuwB5VXejJ8tH6IZC4_5pIxvdYq6Ci4PvGLaHbPalG01uk-kB2fMkanECJSIO8D6Dvj9rFPFii50bAqXuETYaGELMA6nZ7w/Wb9iqzbD4_3XU-06mFSVhQL9lgcBn3UmRfuzPiYANEM)
StarLoom,Abandoned,Developer Tooling,https://starloom.io/,"First decentralized Launchpad on Stellar with SocioFi features, community quests and engagement tools with Soroban integration",$45900.00,$45900.00,,StarLoom,StarLoom [SocioFi Launchpad],https://communityfund.stellar.org/dashboard/submissions/recFkcjDsQUBAKlma,https://communityfund.stellar.org/dashboard/submissions/recFkcjDsQUBAKlma,SCF #26,SCF #26,"No, I don’t have a public Github",,,,,,,,checked,f1cd851e56b740766c940a29a0c06cfa.jpeg (https://v5.airtableusercontent.com/v3/u/50/50/1771855200000/JVYqnb7qOCdHB3D0JEe8SQ/5Iy_4-RIxRBi78P82joSC5P3V5sKXoRF8q1Od70E8HeYJyTaiJEiEvvsffhVkMcsna_16zztw02X6K6Uvs-L3fePyv6a8RVaN-LzlsU4jrO-TP9jxKBPVe_JjNv6C3lgFzJvKrElay8s4c8cvbrjVQpKa7vInsJg_7TkI0iEXWIF24xGle10x7d4mVRybOrC/MazzLnJ8U2avGkw99_7hSxYBaM56cDQfzHkH_YZKuf0)
LumosDAO,Abandoned,Developer Tooling,https://www.lumoscore.com/,"Decentralized Governance on Stellar Network. Create, manage, and participate in DAOs seamlessly, with transparency and efficiency.",$60000.00,$60000.00,,LumosDAO,LumosDAO,https://communityfund.stellar.org/dashboard/submissions/recoH3wbnTFB9AYpG,https://communityfund.stellar.org/dashboard/submissions/recoH3wbnTFB9AYpG,SCF #21,SCF #21,"Yes, fully open-source with Github",https://github.com/naveed-siddiqi/lumos-dao/,,,,,,,checked,image.png (https://v5.airtableusercontent.com/v3/u/50/50/1771855200000/1sOIan-AfBPOPxKg8vECIQ/XXmAm9tBA_EAPzcbzm1zuxPqSWX04MglTt6ynrhTKNEO5XG1Md9deBQpTpRqqRkzxODJNtlCUAaYkm2Ecchn2f1Ad1WYW0ys-vIYP-enNwcX1aNRIuclH2xNKUm0L-YP--AcgQWK7yHpKXrWfU5imQ/5TnNH00F5Aj-2J-Dco7SEaaL8KruASvD35VnFAoWPKI)
Merkle Tree Airdrop Tooling,Abandoned,Developer Tooling,https://sorodrop.xyz,Open-source tool for efficient Stellar airdrops enabling scalable and cost-effective token & NFT distribution via smart contracts,$48000.00,$48000.00,No specific region of operation,Merkle Tree Airdrop Tooling,Merkle Tree Airdrop Tooling,"https://communityfund.stellar.org/dashboard/submissions/recf8bn219NPAb7rX, https://communityfund.stellar.org/dashboard/submissions/rechFWeWF1CDi1a2s, https://communityfund.stellar.org/dashboard/submissions/recAkqONB8KXdsiHz",https://communityfund.stellar.org/dashboard/submissions/recf8bn219NPAb7rX,"SCF #28, SCF #30, SCF #31",SCF #28,"Yes, fully open-source with Github",https://github.com/findolor/sorodrop,,,,https://sorodrop.xyz,,"Arda Nakisci (Discord: findolor)

Project Lead - Smart Contracts & Full-Stack

-   Lead Developer at Pantheon Contracts and Juno, a platform for aidrops and contract rewards and payments streams on Cosmos
    
-   Built Sorosplits on Stellar, currently deployed and in pilot phases with teams within the ecosystem
    
-   3 years of experience developing Smart Contracts in the Cosmos ecosystem; including
    
    -   A no-code platform for token creation/distribution
        
    -   A platform for executing peer-to-peer token swaps including both native and cw20 tokens in Cosmos Ecosystem
        
    -   Open-source tools for building NFT based applications that range from marketplaces, ticketing systems, game infrastructures and more.
        
-   Twitter, GitHub   
    

Hasan Irice (Discord: iricehasan)

Full-Stack developer

-   Written CosmWasm contracts (in Rust) including several NFT contracts and a Cw404-marketplace (BadBoxes Marketplace).
    
-   Contributed to DeFi projects such as Aeroscraper and took role in a open source tool for deploying & interacting with CosmWasm contracts on Xion Network.
    
-   Used CosmJS to deploy and interact with the contracts and developed front-ends.
    
-   During the internship in Injective, integrated substreams (of Streaming Fast) for faster indexing & written basic substreams modules. 
    
-   GitHub",checked,6f7c27e4 (https://v5.airtableusercontent.com/v3/u/50/50/1771855200000/TV9QvqgUXFSpG_MH9vTSdA/HiLrH49RnjSqzdo8Pf_q44XTzI1T9qFFENKvi1sfzOps8VgJE7PtX-t6gtOB2eqJF-euWDnaxChhMHvi3kntoyrt4wGRCXNokyW6v0qiaK23pPnTF2XycwmuDjO-CVg5yPzgLAEQFeTAJGF0jyfOhA/ZVUPNKpiWBLammT6I1H5hQMpH1ftEv_1uBKZxTjMRIY)
SoroSplits,Abandoned,Developer Tooling, http://sorosplits.xyz,"SoroSplits is a set of smart contracts & interfaces to enable split transactions and revenue sharing across multiple parties in the Stellar ecosystem.  The core functionality of the smart contract will allow any assets (tokens) that exist on Stellar to be split in a trustless, automated, & transparent way across addresses and the user interface would enable all Stellar community members & projects to leverage the technology as a public good.  This functionality is a fundamental component to move the ecosystem away from off-chain counterparties and “trusted” middlemen to a truly decentralized contracting & payment structure.",$153700.00,$153700.00,,"SoroSplits,SoroSplits","SoroSplits, SoroSplits II","https://communityfund.stellar.org/dashboard/submissions/rec7WPgnHqLHBaH3E, https://communityfund.stellar.org/dashboard/submissions/receJWYlwJJb00Wrh","https://communityfund.stellar.org/dashboard/submissions/rec7WPgnHqLHBaH3E, https://communityfund.stellar.org/dashboard/submissions/receJWYlwJJb00Wrh","SCF #19, SCF #23","SCF #19, SCF #23","Yes, fully open-source with Github",https://github.com/findolor/sorosplits,,,,,,,checked,Splitter Code 2.jpg (https://v5.airtableusercontent.com/v3/u/50/50/1771855200000/VF5AJPt66jPnHpmgGuYtYg/Tc_ZrPuER0AtVSQd4K5-jTFoZ9Rwtl9IfFVBPPiDx6C_c5wUtaZL0yqv1ANAmG8pUYOjMsABHiMD7lhA2M9n45EN7hAeyn0xGTRhlsxgeeVzc1nIhjD2yy_5DRR2wYxudp22nv3LItaibBynQ3JGkA/Fz1F24qkGmLk9xaWcLLjLUgrjL3dh_b9ThKO0XZ3jZY)
Stroopy.AI,Abandoned,Developer Tooling,https://stroopy.ai,"Smart AI assistant for the Stellar community. Designed to help users navigate across the Stellar ecosystem with ease, 24/7.&nbsp;",$21370.00,$21370.00,,Stroopy.AI,Stroopy.AI,https://communityfund.stellar.org/dashboard/submissions/recrI2qG6eVcHi3MA,https://communityfund.stellar.org/dashboard/submissions/recrI2qG6eVcHi3MA,SCF #20,SCF #20,"No, I don’t have a public Github",,,,,,,,checked,explain liquidity _ code it.png (https://v5.airtableusercontent.com/v3/u/50/50/1771855200000/Jem3iln6tZhmSegSduLLuQ/RnW7ECC4mHQ7VzhgvnD_u-geGeqN9tOGCG0-CdBpP5rgh-QiY6eaZZcx64pV0WXdrv9pa5Gl5-fnMfi-qlV1c3A4lqY4zAMna5UmNOyjuML8-NBMslQiQhWXBAtP-GoPVULa6BgZx4WO2l6a2cPbU1VN_mtjEVMtOQ6HZPRa0BA/wJmJTfxJLb3Na_gsEZTagb1sNT037uUWsOUzQFK_3wU)
Sorosan,Abandoned,Developer Tooling,https://github.com/Sorosan,"Sorosan is revolutionizing Stellar by simplifying smart contracts with a user-friendly Dapp & SDK, making Web3 accessible to all.",$29000.00,$29000.00,,Sorosan,Sorosan,https://communityfund.stellar.org/dashboard/submissions/recOUvfemPw2HWWtK,https://communityfund.stellar.org/dashboard/submissions/recOUvfemPw2HWWtK,SCF #20,SCF #20,"Yes, fully open-source with Github",https://github.com/Sorosan,,,,,,,checked,custom.png (https://v5.airtableusercontent.com/v3/u/50/50/1771855200000/o7sVD-I_Xtr5stM5wz4bUA/daGie2iAwezcDwbCwCG4lvxCPB-E8i8MGDMiDOwieKYawPq_LyAx4iM8psLCWt6BhFHhUF1IFgRlr7TRPVm7Zec_B-5FQTSFFH0Ssy92201QUzga0keWL02n3GdT6-Xod1oMNHk8DDXIzO1n6rKk9A/mseRLuiDh19i1ysK8vSkiZiXMAux82SNQ2lD27lLB8I)
Timed Transactions API,Abandoned,Developer Tooling,,Schedule payments on the Stellar network!,$19994.09,$19994.09,,Timed Transactions API,Timed Transactions API - Schedule payments on the Stellar network!,https://communityfund.stellar.org/dashboard/submissions/recOamGIP0chX9mhu,https://communityfund.stellar.org/dashboard/submissions/recOamGIP0chX9mhu,SCF #1,SCF #1,,,,,,,,,,
DappRadar,Abandoned,Developer Tooling,https://dappradar.com/,"Integrating Soroban on DappRadar, tracking its dapps data and bringing crypto degens to the ecosystem.",$145000.00,$145000.00,,"DappRadar,DappRadar","Soroban DappRadar integration, Stellar DappRadar NFTs and DeFi tracking",https://communityfund.stellar.org/dashboard/submissions/recWPirIc6IP4v27v,https://communityfund.stellar.org/dashboard/submissions/recWPirIc6IP4v27v,"SCF #27, SCF #34 ","SCF #27, SCF #34 ","No, I don’t have a public Github",,https://discord.com/invite/4ybbssrHkm,https://x.com/dappradar,,,,,checked,Screenshot 2024-06-13 at 2.14.32 PM.png (https://v5.airtableusercontent.com/v3/u/50/50/1771855200000/mfU16K0_zrI5zO_HiBvlTw/FEnigGHRG5XXE2nbaIBmrq9lftAn7MqNk9hoiFmuZYtpJqpHiOA043YPAybNhn3lmP1XJeHyPU8NslF5bw7UGt7wDlOCPUq0wzEwuuY8PB0yhRkmEBfGWGJ14nZBx7Zmc4q8pFxQ-JH5uVtv3UyvmuyttQJ8bAmGijhf7rD6GMgIBo3REx2XFFgUCDoJOA1D/So5ZoLIOHMPsEGgDEPbVEPNdN0pSgHlT95aaisFP1Ag)
SoroBuilder,Abandoned,Developer Tooling,https://www.sorobuilder.com,"SoroBuilder is an AI-driven, browser-based environment designed to streamline Soroban smart contract development. It builds full smart contracts with tests and documentation after an initial conversation with AI. You can then iterate with AI by prompting, editing manually, compiling and seeing errors, testing, applying an LLM auditor, static analysis, and eventually deploying all in-browser.",$42500.00,$42500.00,No specific region of operation,SoroBuilder,Soroban AIssistant,"https://communityfund.stellar.org/dashboard/submissions/recgGKDnZflpuW2Ku, https://communityfund.stellar.org/dashboard/submissions/reccr8QR0TDBxQWI8",https://communityfund.stellar.org/dashboard/submissions/reccr8QR0TDBxQWI8,"SCF #31, SCF #32, SCF #29",SCF #29,"Yes, fully open-source with Github",https://github.com/luisao8/sorobuilder.git,,,https://www.linkedin.com/company/missio-ia,https://docs.google.com/document/d/1JQZ3OjoCf-2CeWvqAjcfi7JE8Gy4BukaPHN3UD1ZSIE/edit?usp=sharing,,"Missio IA

We are a multidisciplinary organization composed of mathematicians, artificial intelligence engineers, software developers, and data experts. Our mission is to leverage advanced technologies to address real-world challenges and push the boundaries of what is possible with generative AI.

Team Members

Luis Alarcón de la Lastra  
CEO of Missio.IA  
Luis is an AI engineer and full-stack developer with master's degrees in Data Science, Software Development, and Complex Problem Solving. His expertise provides a comprehensive perspective on agentic systems and solving complex problems with AI. In addition, Luis holds a master's degree in Electronic Music Composition and a degree in Business and Management, contributing to his holistic and innovative approach to expanding our vision of what is possible with technology.  
LinkedIn

Estela Falgas  
AI Engineer  
Estela leads research and development at Missio.IA. With a degree in Mathematics and master's degrees in Quantum Computing, Philosophy of Science, and Data Science, her deep understanding of diverse fields drives our R&D efforts forward.  
LinkedIn

Ignacio Satrústegui  
Sales Director  
With an MBA and a degree in Economics and a background in Investment Banking, Ignacio bridges the gap between technical solutions and business requirements, ensuring our product development aligns with market needs.  
LinkedIn

Sergio Rodríguez Valbuena  
Data Engineer  
Sergio is a Data Science & Engineer at the Carlos III University of Madrid. He specializes in building data pipelines and curating data, forming the backbone of our data operations.  
LinkedIn

Alejandro Taboada Esteban  
Cloud Solutions Architects  
Alejandro is also a Data Engineer at the Carlos III University of Madrid. He focuses on leveraging the power of the Cloud to architect optimal solutions for our projects.  
LinkedIn

Our Vision

What excites us most about this project is how it has expanded our vision of what is possible with Soroban Smart Contracts. We don't want to stop here; we aim to explore how we can bridge the gap between real-world needs and smart contract technology. Our ideas range from building no-code smart contract generators (a potential long-term goal after we learn further with our current project) to simpler solutions such as standardizing smart contract building blocks and enabling variable customization through intuitive forms, allowing users to create and deploy contracts easily with just their wallets. We are thoroughly enjoying this journey and are excited to envision the future possibilities ahead.

Some other problems we are solving with AI

-   Complex Problem Solving with AI: Developing an AI system designed to solver Complex Problems.
    
-   AI Clinic Secretary Agentic System: AI-driven agentic system that can manage administrative tasks and attend customers. Takes care of scheduling appointments, informing customers, and handing registration, improving efficiency in clinical settings.
    
-   Data Center Predictive Maintenance Reporting Automation: Reduced time from 120 hours (3 weeks full time) hours to 30 minutes. 99.7% time investment reduction now ready to employ in adding value.",checked,0d2dda29 (https://v5.airtableusercontent.com/v3/u/50/50/1771855200000/6A5GfbhGon34JJsnehpNhA/SUuWYbj9CApR5ymSzu_FsrZCDLma8jNx9MXbUwiq8WV0agK2ZscYiyWnaSRlRcnVDtfiloWNN32o5VDqO1AjwsBTRh5xk_0B0OB7okdPT2pBVo-gmdawwEKXIJUCEYGQnMbrsfblVYXFxv-RRHtHHA/05j79Sj8H2w_x6ShidSZns90fEEq5Hs65aMp-QtmNFc)
Stellarmint,Abandoned,Developer Tooling,https://stellarmint.io/,Stellar Tokens Made Easier ,$51277.94,$51277.94,,Stellarmint,Stellarmint,https://communityfund.stellar.org/dashboard/submissions/recqwxZuu8Ox6MgqP,https://communityfund.stellar.org/dashboard/submissions/recqwxZuu8Ox6MgqP,SCF #5,SCF #5,"No, I don’t have a public Github",,,,,,,,,
Stellar-Nest,Abandoned,Developer Tooling,https://github.com/Alkeops/It-s-not-another-package,Easy way to kickstart a project in Stellar with Nest.,$14800.00,$14800.00,,Stellar-Nest,stellar-nest,https://communityfund.stellar.org/dashboard/submissions/recPokqT9ma4wpqQE,https://communityfund.stellar.org/dashboard/submissions/recPokqT9ma4wpqQE,SCF #25,SCF #25,"Yes, fully open-source with Github",https://github.com/Alkeops/It-s-not-another-package,,,,,,,,92e0b2b8be43dff0750762e147817ad2.png (https://v5.airtableusercontent.com/v3/u/50/50/1771855200000/zUJFhNzD-Gx2mkhgU2TObw/91wzTXry9oJWRjQ0lD4D2jiJq7-ACwoA7TAe8t8YnkiKdtZbsMZDcZxzLfDf4co8-EyDBey33eRByUzdlej3CLNreXOP7nKFns1sAKCxWr0IXW42OdPE4IbB_el0bnw3hfY9QcFHPYXcdx6fcpZLPu5U-nbdFnLbc95hvEFKq_pq3aS30rdqzchYJJOIChYI/SdsySVg0BgKuftNazE0f1UgeDDxHYRnj8LZrdkzKX8c)
Chef,Abandoned,Developer Tooling,https://stellar-chef.github.io/stellar-chef,Chef is a tool that helps developers set up their test environments quickly,$18000.00,$18000.00,,Chef,Chef,https://communityfund.stellar.org/dashboard/submissions/recskJRJnsD63Lg4G,https://communityfund.stellar.org/dashboard/submissions/recskJRJnsD63Lg4G,SCF #22,SCF #22,,,,,,,,,,logo.jpeg (https://v5.airtableusercontent.com/v3/u/50/50/1771855200000/i7CeI3XEGilUkuTKBXOW-A/d7r1wK4oEih_7f_ukhXkL50cwsc6AzPv3XPkNciOi0fU2hHmXMnVLaYH3DNdavjqzMuGwUM9UFyyuBE41So0DnyfK4926WwA3fejovDx8leOhOWHx1fb_UmnqoSocSkzRHO8I1l7L_7UURD_Kn8JZA/Dw7V0bpp7fxvkw_rMi_6No6K2yfucDyFBC3tWSuSxv4)
Stellar Tools,Abandoned,Developer Tooling,https://stellartools.xyz,"Enhancing Stellar's ecosystem with a comprehensive suite for asset management, NFT creation, and community engagement.",$18700.00,$18700.00,,Stellar Tools,Stellar Tools,https://communityfund.stellar.org/dashboard/submissions/recL4qatBTjJgJh85,https://communityfund.stellar.org/dashboard/submissions/recL4qatBTjJgJh85,SCF #26,SCF #26,"Yes, fully open-source with Github",https://github.com/joaquinsoza/stellar-tools,https://discord.gg/Bq8qSteFSz,,https://www.linkedin.com/in/joaquinsoza/,,,,,1f1d3e35b16867392731c53d388eb7e0.png (https://v5.airtableusercontent.com/v3/u/50/50/1771855200000/jw5Y-my6nCI3Ye4gl4Rjlw/byh8k85huSJDZ0NMjoyHBhnTzyfYoKptcAai29M1h3jd2DxnqR_noABH7qsuhLA7ovraB1qNWUAWTYWCr-QhGLQKPCu4a3M9hEJdZjsdJM0pUyf2teGXy-XYRBY1KqjkJjpPAlblzLLxwftXQH1DQJzI7aqzFXn2NuwR1heWfEe906XZUdSIJdnSm68aaBzd/UpWjluQuRFL-i1xxxOU-b_Xo4g5CoEg7FMhxvucQeT0)
Elixir Stellar SDK,Abandoned,Developer Tooling,https://github.com/kommitters/stellar_sdk,Stellar support for Elixir developers.,$12000.00,$12000.00,,Elixir Stellar SDK,Elixir Stellar SDK,https://communityfund.stellar.org/dashboard/submissions/recipARqM4ji5SJK4,https://communityfund.stellar.org/dashboard/submissions/recipARqM4ji5SJK4,SCF #10,SCF #10,"Yes, fully open-source with Github",https://github.com/kommitters/elixir_xdr,,,,,,,,image.png (https://v5.airtableusercontent.com/v3/u/50/50/1771855200000/EKxDntIyw7uFbFv8g4UKUQ/6nf2XRkPbtaq_KDKqn0zfp77QypTS-4gaepucq_hvE-VFMRk-zRH1_8rTMScmkwMoyIANRuNBJ0iaRQ66mBagx7BRGdHsBr-ky5nK6XifrqByhLfw79w1TDQT-7khbyUZME4V9q0e6nu08Z-D8skDQ/vO4eTpQ85glncT2WOzdG9DDJXgt0Q_wSRneKWoBmp6I)
Pactta API,Abandoned,Developer Tooling,https://www.pactta.com,We enhance the anchor interoperability to provide a single API that enables any fintech in LatAm to offer seamless money transfers,$120700.00,$120700.00,,Pactta API,Pactta API,https://communityfund.stellar.org/dashboard/submissions/recwe0UWBi0QuT5SH,https://communityfund.stellar.org/dashboard/submissions/recwe0UWBi0QuT5SH,SCF #16,SCF #16,,,,https://twitter.com/intent/follow?screen_name=paychant,https://www.linkedin.com/company/paychant/?viewAsMember=true,,,,,image.png (https://v5.airtableusercontent.com/v3/u/50/50/1771855200000/vQwV5KPHym8MfFKc8AkzGA/JzKSvWYZdwYM_jUS4eWwEkPSYt2kEe4HgVpMIItelJXyxSiXsKspLTERtc7mnRElAOULKAphkdgYiFFbSMNn8gqYYGfYFjCgXOIH96CYuwqm3qd_bbdhAYpcdK1kioH9zkIv8UuAfWehD0XltL30uw/NsMYdobEsLZA5PcvlmJqgJyVIGolep9KLMHaUP39UB8)
sTeX,Abandoned,Developer Tooling,https://stex.xycloo.com/,"A modern cloud LaTeX editor with a google docs alike UX and UI, and a built-in Stellar decentralised documents marketplace.",$17000.00,$17000.00,,sTeX,sTeX,https://communityfund.stellar.org/dashboard/submissions/recYsvymcjyhXY4XV,https://communityfund.stellar.org/dashboard/submissions/recYsvymcjyhXY4XV,SCF #11,SCF #11,"Yes, fully open-source with Github",https://github.com/Xycloo/documents-marketplace-devenv,,,,,,,,63585b1899058725d64093f7_bannerstex.png (https://v5.airtableusercontent.com/v3/u/50/50/1771855200000/TAsDxTpGP0fJ3yDUkJQ_ag/qq4AP566pH-ClbZ_2j0bIPWD2HFmzHQj2cf7_GzewswXvt22Q-_w5X_Kk-Ft0oxOmAUG5PPA3hiZWyKfr_aaHM6H-mIvbdTaAvbATMl9v2cZTPF8BwHSVymg31mRdBwicnMWfrHHXm_YkCIvMotPr3ufs5b_LyI4hx0pY2DuXEEZ-5BIeAI6gCuHBmI3QxHx/jIqBpv5LcYGOhuaI4xaFSAz1HIHSzP3i_abO3DTurdY)
Web3 Antivirus (W3A),Abandoned,Developer Tooling, https://web3antivirus.io/   https://chrome.google.com/webstore/detail/web3-antivirus/inejiiekmjkmphgjjehhcmkpjncboodn   https://addons.mozilla.org/en-US/firefox/addon/web3-antivirus/   https://microsoftedge.microsoft.com/addons/detail/web3-antivirus/nggcakhlblakghejdigkaekbhicfkckn ,Web3 Antivirus is an open-source security browser extension that detects crypto scams and warns users before they sign anything.,$50000.00,$50000.00,,Web3 Antivirus (W3A),Web3 Antivirus (W3A),https://communityfund.stellar.org/dashboard/submissions/rec0b6xVABHxF2jRy,https://communityfund.stellar.org/dashboard/submissions/rec0b6xVABHxF2jRy,SCF #28,SCF #28,"Yes, fully open-source with Github",https://github.com/web3-antivirus/chrome-extension,https://discord.com/invite/4hJAJUQCR2,https://twitter.com/web3_antivirus/,https://www.linkedin.com/company/web3-antivirus/,,,,checked,Screenshot 2024-07-12 at 11.10.24 AM.png (https://v5.airtableusercontent.com/v3/u/50/50/1771855200000/-zV3CxaMHSbGwZRsjDsfwQ/VS0iGe_UITncnOECraVg0VUQdCa4taMWjGrbBK4qF8B2RD4skiZTDRP_g4SMNqtS6Ld5cKDuFMOonUALsvnQGOayuwsk01YfsfkBs96uXFq3knM7uVfBaQDG3-PmFZ5ksHmSPSgkELOFPbql95pOcWaCxu7stPLpC78eL9CALw5eRkK59DqlLyS5QkvafSE0/lfvqBYr_zJANIaoAXc9XVcXfhgqBAA3jbi7YbT0BS5k)
Anchor Transparency Node,Abandoned,Developer Tooling,https://www.usher.so,"Enhancing Stellar's Anchors with the T Node: Secure, verifiable, and transparent off-chain Payment Rails data verified on-chain.",$40000.00,$40000.00,,Anchor Transparency Node,Anchor Transparency Node,https://communityfund.stellar.org/dashboard/submissions/recVxyQ6OUzSnT44d,https://communityfund.stellar.org/dashboard/submissions/recVxyQ6OUzSnT44d,SCF #22,SCF #22,"Not yet, I don’t have a Github yet but my project will be open-source",https://github.com/usherlabs/stellar-transparency,https://discord.com/invite/gHDPs569NR,https://twitter.com/usher_web3,https://www.linkedin.com/company/usherlabs/,,,,checked,Screen Shot 2024-01-04 at 10.54.52 AM.png (https://v5.airtableusercontent.com/v3/u/50/50/1771855200000/FTdcZPRUvi4PaKtHx1nhBA/YD9M4lufm6lSa_un3_oL5hgtBiRC5rMToZKeDxZN8nqQcGt064QmAZsswf9psBc6oyKFLdGZ8Yz2C8tlgdUDnXSKJe-NCw8fc7LFnrepdy5qT_N_0Pge7lzQ_IPj_nnX6aB5e54BzHbPBdUlT_0fu1J2TtkXxUBX9spUDKnPWdY/65oIBlbnrzN6avG0zeFEdzrBS4G2OGtOsL-ZO3Qcjyc)
Sorobix,Abandoned,Developer Tooling,https://github.com/sorobix,"An online IDE to compile, deploy, invoke and debug Soroban Smart Contracts on-the-fly using a browser without any local setup!",$40000.00,$40000.00,,Sorobix,Sorobix,https://communityfund.stellar.org/dashboard/submissions/recgHtdnSOVB0qjp0,https://communityfund.stellar.org/dashboard/submissions/recgHtdnSOVB0qjp0,SCF #13,SCF #13,"Yes, fully open-source with Github",https://github.com/sorobix,,https://twitter.com/sorobix_ide,,,,,checked,Sorobix IDE.png (https://v5.airtableusercontent.com/v3/u/50/50/1771855200000/s-brGjW1WzAMWy87uY1vbw/WViLAFGqOUflAIQufsEK-MNbdWYPJ7rofpnJs-rpCD7H2B31iM3vWD9ECVEVyePfSuSae0ggXm98OWqNMHTAY6FjGPP0aXbtWV0jj96oj9aCGXXzk9Zk2K2iL00z2Pg9xH2N8bZbybeWGXwqLSX4UA/LoqaaHkMm5DYtAu4sNjK8tXE2tPPZV1--NCzL2DrJA8)
Sorscan,Abandoned,Developer Tooling,http://sorscan.org/,Empowering Soroban Network Exploration and Analytics,$33500.00,$33500.00,,Sorscan,Sorscan,https://communityfund.stellar.org/dashboard/submissions/rec7zAshryot9zFyx,https://communityfund.stellar.org/dashboard/submissions/rec7zAshryot9zFyx,SCF #20,SCF #20,,,,,"https://www.linkedin.com/in/ioseb-khutsishvili/, https://www.linkedin.com/in/david-khosroshvili/",,,,checked,Screenshot 2023-12-05 at 5.45.44 PM.png (https://v5.airtableusercontent.com/v3/u/50/50/1771855200000/MWKORSEwo3tGT-1u4WgIjw/RoOadT7hMBFskDUDkiwq8yh67insugBKLOUJL7YPipUB4LeYTV5uT7tcfM5mb-1atPQLh1t6S7F7yQ4i6youqPYLOckT6FTXuV1wLDDCKYbHG3EAVnaH80COwBECLuA-JzXd8zq9LDIJ8bJpwdSUktWTic0KnOXwWRn4xPn18Us/nzJF0h1HAHUfPs-eDJXjkpJXuBPFRRD7oLTbMKeCePM)
Mimoto,Abandoned,Developer Tooling,https://github.com/nkoorty/Mimoto,"Mimoto uses ZK proofs for swift, secure identity verification in payments, protecting user privacy and financial safety.",$30000.00,$30000.00,,Mimoto,Mimoto: ZKP for Payments,https://communityfund.stellar.org/dashboard/submissions/recvAM8g3CmmFQM1p,https://communityfund.stellar.org/dashboard/submissions/recvAM8g3CmmFQM1p,SCF #26,SCF #26,"Yes, fully open-source with Github",https://github.com/nkoorty,,,,,,,checked,11b2263d16d4c78692444f0c7ca008f8.png (https://v5.airtableusercontent.com/v3/u/50/50/1771855200000/QCLwfjEg-EamHxaAyeImBA/7ZMTe0NuyDkIt5bmyDT-vNoi7E7ScsiSYcYuhIn12OQm3Z7FaP4JhbKyZEtyQiGdC_TyHqgHq6QIbe13pE7gmu-uifcUZYNLg4rrZqvmr-Ij2KjT5ayROeBpY3ONn9cLnO3HvDrMK1D8TgytQbCxobciivWHWMyg1QsjKSUjixqlHsz6B4R0qWVM4fSMQ9jt/sXSpHLIvD073RFG2mPzKx6S39rSFx2_1zzXAuSpxgj0)
SorobanMath,Abandoned,Developer Tooling,https://github.com/rahul-soshte/soroban-math,Fixed-Point Math Library for soroban smart contracts with advanced math and high precision,$40000.00,$40000.00,,SorobanMath,SorobanMath,https://communityfund.stellar.org/dashboard/submissions/recLrZzcvzjqBngsh,https://communityfund.stellar.org/dashboard/submissions/recLrZzcvzjqBngsh,SCF #20,SCF #20,"Yes, fully open-source with Github",https://github.com/rahul-soshte/soroban-math,,twitter.com/RahulSoshte,,,,,checked,
Walletban,Abandoned,Developer Tooling,https://walletban.xyz,"Walletban is an effortless, walletless onboarding solution for devs, allows you to deploy SACs, and interact with chain via REST!",$20000.00,$20000.00,,Walletban,Walletban,https://communityfund.stellar.org/dashboard/submissions/recdrPETj4S6sFkPc,https://communityfund.stellar.org/dashboard/submissions/recdrPETj4S6sFkPc,SCF #20,SCF #20,"Yes, fully open-source with Github",https://github.com/walletban/walletban,,,,,,,checked,image.png (https://v5.airtableusercontent.com/v3/u/50/50/1771855200000/oXmW7I5maqn5113S2kmP-w/Z-fyihZJVFolQt7W6t8YQQcAEHTolt9ewT4ZYdaugDFeDSQggDxC3fdf-IjcBIFRQBW-AuGPqZJE-nvmXQEcP5uS9FF-C6xtTY8oC9ptmPXLwJE6peZI8U4Jh42W7gxARvl3jmJbhT3F1KF6bhqDSQ/7khw6Y3ZjTLEHEGExbZhtXRR1CtD3rs7ulqTtnmncpA)
Soroban Pre-Order Contract,Abandoned,Developer Tooling,https://github.com/aolieman/soroban-pre-order,"Develops a novel Soroban contract that helps to fairly manage ""first come, first served"" sales processes. SPOC aims to provide a fair solution for both buyers and sellers. It asks the buyer to commit to their order of a product or service by providing an up-front payment for it. This gives the seller a specified amount of time to produce or procure the pre-ordered product. The Soroban contract itself serves as an escrow for payments and ensures that all specified terms are followed by both the buyer and the seller. The payment is either unlocked for the seller upon successful delivery, or is refundable to (and by) the buyer when the order expires, and also if the seller needs to cancel orders because their fulfillment isn't possible anymore.",$1000.00,$1000.00,,Soroban Pre-Order Contract,Soroban Pre-Order Contract,https://communityfund.stellar.org/dashboard/submissions/recROR4Y8QHKD5rDF,https://communityfund.stellar.org/dashboard/submissions/recROR4Y8QHKD5rDF,SCF #12,SCF #12,"Yes, fully open-source with Github",https://github.com/aolieman/soroban-pre-order,,,,,,,checked,image.png (https://v5.airtableusercontent.com/v3/u/50/50/1771855200000/ahLJciNYiAkEgCM416OJNg/KD42jAKRsRK44SpAMuOQeNhCWuzLQTqrmIyZHoemGV5swmqKAK-LRIX-dCLe-B5JUnUSmaVl-CfxCEiashi0sPFClN0RmfB17lZ7ncRwSwCXXIzAVJp7tK_xlKkYQuLQfakTOKaF_9ynLiTB6LgBKQ/90XIC03EUyGa7N3Q8hPZIhZlSw-PjGGcRYpS39k637k)
Open GameFi SDK ,Abandoned,Developer Tooling,https://github.com/yanis7774/Stellar-GameFi-integration/tree/main,Strengthening Stellar's ecosystem with open-source tools for GameFi integration.,$39000.00,$39000.00,,Open GameFi SDK ,Open GameFi SDK ,"https://communityfund.stellar.org/dashboard/submissions/recchyWjFSmOPmvZl, https://communityfund.stellar.org/dashboard/submissions/rec1QG9JwYT5gqyX9, https://communityfund.stellar.org/dashboard/submissions/recCp8kZUcCojTOUL",https://communityfund.stellar.org/dashboard/submissions/recchyWjFSmOPmvZl,"SCF #28, SCF #30, SCF #31",SCF #28,"Yes, fully open-source with Github",https://github.com/yanis7774/Stellar-GameFi-integration/tree/main,,,,,,,checked,379f44eaf1eff73dbf09e1bfdf6a5e39.png (https://v5.airtableusercontent.com/v3/u/50/50/1771855200000/sJYuJkDtna1BPmSp_qJaJw/QpnEUOHQHBctFiF6pM_BzhKemmgbU8p7zyx_tlqAL-UlCc0Mn6kuLBl6zesp0rRgeg_5lrR2MGg7c_Rnz00zGowlS5jlk6b8hMW1QkWXrNM_V5BD4twX5qA3_W-ZiATbO1dTUmHbLifUfjNaOsINqQyNztw9_3xhOnFpAT-uBq6rzst6BLgKQZjuP2PxXtx2/RDS2uRWWMdakdguTgRuekej-w5KOzJOa9BqNH6MtObw)
MultiClique,Abandoned,Developer Tooling,https://multiclique.org/,A policy and workflow framwork for multisignature accounts,$97500.00,$97500.00,,MultiClique,MultiClique,https://communityfund.stellar.org/dashboard/submissions/recRZEosG6FWORKcP,https://communityfund.stellar.org/dashboard/submissions/recRZEosG6FWORKcP,SCF #19,SCF #19,"Yes, fully open-source with Github",https://github.com/deep-ink-ventures/multiclique-protocol,https://discord.com/channels/897514728459468821/1159218967890624584,https://twitter.com/Multiclique_org,,,,,checked,Screenshot 2023-10-13 at 16.25 1.png (https://v5.airtableusercontent.com/v3/u/50/50/1771855200000/Qz9FqA0_hrCGjxzcJBHOVw/1PBCBK4LOBS7iXWKri_PoHucaKWlMK9jfMEPNv67XkUnmtVOQtF7m130IP_E-UeBfTDq6mGKFUFzeyvBPcojzR1G2rjblTY-i_XQjyqv9hVIqhMepgo10aK56FumkdbCyTl_EBRYps-sOiQc1qZX-4PGkiQKOPCTQf1tnrvTUBA/3VzWrcZeJ5zt_cm5rZp7Zkm5RpRaOXI6k9SOyOFAk30)
BTQ,Abandoned,Education & Community,https://www.btq.com/,Offers a scaling solution to improve transaction verification speed and cost savings by leveraging zero-knowledge proofs.,$10000.00,$10000.00,,BTQ,An Efficient Scaling Mechanism for Lattice-based Post-quantum Signatures,https://communityfund.stellar.org/dashboard/submissions/rec8aXet5GgcZpRYc,https://communityfund.stellar.org/dashboard/submissions/rec8aXet5GgcZpRYc,SCF #14,SCF #14,,,,,,,,,checked,image.png (https://v5.airtableusercontent.com/v3/u/50/50/1771855200000/wCaHhgw7YWenX5B8gwW3CQ/f9pJa6o-NVlGHQyCJAGEBPAlyeSoePtQp6TM0tbzp70DsBDe3bNLplbGKMQNhrAoGQQp6qG3mMAS4EwKgc3HoRRuZhOwzDf4O0YMyKVgglNUdQDq-b2Q02Sy2jVGYrJt9tFTk7CXQ0UExgPnmfIbkA/fncEAq3_EttYs-oChc9kJmHTdTFvngnnQaKe_M7xYvI)
Stellar Update,Abandoned,Education & Community,,Dedicated Blog about everything Stellar,$56319.82,$56319.82,,Stellar Update,Stellar Update - Dedicated Blog about everything Stellar,https://communityfund.stellar.org/dashboard/submissions/recZNvq8ujTrxpxgJ,https://communityfund.stellar.org/dashboard/submissions/recZNvq8ujTrxpxgJ,SCF #5,SCF #5,,,,,,,,,,
Stellarscam.report,Abandoned,Education & Community,https://stellarscam.report,Collect scam reports and assist with taking site down and spreading info,$5445.00,$5445.00,,Stellarscam.report,Stellarscam.report,https://communityfund.stellar.org/dashboard/submissions/recGmQ4CAX2gjf7qz,https://communityfund.stellar.org/dashboard/submissions/recGmQ4CAX2gjf7qz,SCF #6,SCF #6,,,,,,,,,,
Stellar Talent Platform,Abandoned,Education & Community,https://techfiesta.dev/,"Educate, validate, onboard and pay talent on Stellar via techfiesta.dev",$41000.00,$41000.00,,Stellar Talent Platform,Stellar Talent Platform,"https://communityfund.stellar.org/dashboard/submissions/recLvmSw4cVbIKjHx, https://communityfund.stellar.org/dashboard/submissions/rectqAZKE9rnwtqwc",https://communityfund.stellar.org/dashboard/submissions/recLvmSw4cVbIKjHx,"SCF #27, SCF #31",SCF #27,"Partly, I do have a public Github",https://github.com/Ekolance-Official,,,,,,,,1080 (https://v5.airtableusercontent.com/v3/u/50/50/1771855200000/jQPfiNIMfhA8O4KIAi9mZQ/_9kMnw8Jn_AvYLrRifgK7o9zQkK6u2MGxQj62XVJVRnJwvgbDCKybSKc0Afj_gwlo5GMgoaJawkwS7YLLQhb0__JSCr-lWgaMJYOoWYnv_8_BCaWaFR_VSYSxUx8RXtCactHiBeDDEWCTH_7shMBYQ/bITYVo68Hx_gSCfzKHFMBOfXsV8L3PDMT2gdFilrclU)
BARCELONA BLOCKCHAIN BUSINESS HACKATHON,Abandoned,Education & Community,,,$0.00,$0.00,,,,,,,,,,,,,,,,,
Stellar Community Forum,Abandoned,Education & Community,,,$21509.98,$21509.98,,Stellar Community Forum,Stellar Community Forum,"https://communityfund.stellar.org/dashboard/submissions/receQ7xIMdPbzPK31, https://communityfund.stellar.org/dashboard/submissions/rectmlbZTN8vBEm4G",https://communityfund.stellar.org/dashboard/submissions/receQ7xIMdPbzPK31,"SCF #1, SCF #30, Liquidity Award - '24 Q1",SCF #1,,,,,,,,,,
OptionBlox & YieldBlox,Abandoned,Financial Protocols,https://www.script3.io/,,$320972.00,$320972.00,,OptionBlox & YieldBlox,OptionBlox & YieldBlox - DeFi Protocols for Financial Derivatives and Lending,https://communityfund.stellar.org/dashboard/submissions/rec5uH1bD72BKoRPI,https://communityfund.stellar.org/dashboard/submissions/rec5uH1bD72BKoRPI,SCF #7,SCF #7,,,,,,,,,,
FX Swap by Hedgehog,Abandoned,Financial Protocols,https://www.hedgeeffective.com/hedgehog,An efficient and alternative way of foreign currency borrowing or investing. ,$42450.00,$42450.00,,FX Swap by Hedgehog,FX Swap by Hedgehog,https://communityfund.stellar.org/dashboard/submissions/rec5LpAd2YYGkMTnZ,https://communityfund.stellar.org/dashboard/submissions/rec5LpAd2YYGkMTnZ,"SCF #20, SCF #21",SCF #21,,,,,,,,,checked,logo-2.pdf (https://v5.airtableusercontent.com/v3/u/50/50/1771855200000/Lp5-yWZfwtmJ7A0qzOTBlw/NYc5nPBEO12-QDr6aO11aC4d1gyAUykjhZPQcWjDA6K8w6no1rXRBUcYNH7LB93uJ4Z2lf9OBnyhsxrQAyIWIQlbI4FKbpJgenzosKNwulBRWR85ggbuj-dizSrhGPyyrvBcFhBXFtgwi6J25oHmdA/UuhgTR2w3NYIPv58yMOnxcGnS2g3pBmGTyvX_fCt3S4)
Plutus,Abandoned,Financial Protocols,http://plutus.rentals/,"Build infrastructure and sample application for conditional NFT ownership to enable use cases like rental, mortgage, and lending.",$98600.00,$98600.00,,Plutus,Plutus,https://communityfund.stellar.org/dashboard/submissions/recUIdWohR9eqJIg8,https://communityfund.stellar.org/dashboard/submissions/recUIdWohR9eqJIg8,SCF #17,SCF #17,"Yes, fully open-source with Github",https://github.com/arbach/stelien,,,,,,,checked,image.png (https://v5.airtableusercontent.com/v3/u/50/50/1771855200000/iyXZNxOe-_0HzH8SVBF_rA/NFp_ouvh0aUbdR5WHzNc8qW8QuFskHsH1JK4zxbOlgHnIJyAAM3_J3obZu0hf-EQbGI1gu-RP2241tzgj3LbVqLBHbOw48c2VVpevqLApQNu9dOF_nxt5B5HcD1MdJLZf3KPfMyRq2C3SPV33uuTgw/KJkHGBBzuV63EFuWemIdmK_FzYGJ_NokkIwQJyYJr3w)
AssetDesk,Abandoned,Financial Protocols,https://assetdesk.xyz/,"AssetDesk on Soroban is a decentralized non-custodial liquidity protocol where users can participate as depositors or borrowers and utilise margin and limit position inside the protocol. Depositors provide liquidity to the market to earn a passive income, while borrowers are able to borrow in an overcollateralized (perpetually) or undercollateralized (one-block liquidity) fashion.",$77000.00,$77000.00,,AssetDesk,AssetDesk,"https://communityfund.stellar.org/dashboard/submissions/rec6pAYRxRQmNDwFm, https://communityfund.stellar.org/dashboard/submissions/recWt2SLtAue4d8xA",https://communityfund.stellar.org/dashboard/submissions/rec6pAYRxRQmNDwFm,"SCF #19, SCF #31",SCF #19,"Yes, fully open-source with Github",https://github.com/orgs/AssetDesk,,https://twitter.com/AssetDesk,,,,,checked,image.png (https://v5.airtableusercontent.com/v3/u/50/50/1771855200000/Up6GyzNufRgf7LtbRtDM_g/frR9DNYbYcbO0viumKhR7HGnBLHTRNTUwLqTsd12uNPVQKvuMQBkXJ7uihg4hYdii6_P1krlt0bBoL_0yuMa9auvYZxJPHBRaI7rr84dZsA6DWe0LnyazAE3sEgKHiF1zB-VJndWq8M67Cl-Ldyt1w/orTnxNecEZK0-UoX7hj5Ylmd2NasGPBv91m4rd323W8)
Amber - RWA Tokenization on Stellar,Abandoned,Financial Protocols,https://docs.google.com/document/d/1lehK5xGOLp_SpnYvv0JQgHbU0ans36_Uek6IxaAtQRo/edit,Amber aims to launch a protocol to tokenize real world assets on Stellar network. ,$50000.00,$50000.00,,Amber - RWA Tokenization on Stellar,RWA Tokenization on Stellar,https://communityfund.stellar.org/dashboard/submissions/recXjFURUH3LkyzQA,https://communityfund.stellar.org/dashboard/submissions/recXjFURUH3LkyzQA,SCF #20,SCF #20,"Partly, I do have a public Github",,,,linkedin.com/in/kenneth-yeo-61238b9,,,,,image.png (https://v5.airtableusercontent.com/v3/u/50/50/1771855200000/QIgs6k5oXI36ckLm64TOhQ/X_juT0L144QGDiGwiDCQnHOPFq7p3kEc4ZtUa4FMG38xaCuvRkx009J5uDXkenqgCGX029wnoI8V1l6BhYfYChfJmWrV8Rl0u4oAzU2J5r65QIV0be7cGLVhiWDkvTvQeKWXYmUyeec_dUMWrHJvqw/50ClV59pba2CQ-ewDVV6enohpdHCMCEjM6aMVNPMFIc)
CLOB,Abandoned,Financial Protocols,https://ideasoft.io/,"Revolutionizing DEXs: Stellar's CLOB combines decentralized assets with a centralized orderbook, redefining trading efficiency.",$86811.10,$86811.10,,"CLOB,CLOB","CLOB (A Central Limit Order Book), CLOB DEX",https://communityfund.stellar.org/dashboard/submissions/recyjcPV4GrExiwhR,https://communityfund.stellar.org/dashboard/submissions/recyjcPV4GrExiwhR,"SCF #20, SCF #29","SCF #20, SCF #29","Yes, fully open-source with Github",https://github.com/orgs/dCLOB,,,,,,,checked,stellar_automated_orderbook_-_op_-_v1.1_ (1).png (https://v5.airtableusercontent.com/v3/u/50/50/1771855200000/g1CSajXG7OCg38KHJBJWJg/voTYPc0qbE6t59KYD1vRdIGLzEmywrH8Fh5laA8jn2QcDqiftscgH9OnjfK6qRX7e46TyagvxfmDHvtHCG8NB2rbf5169fJmpKdkbJu6Xg1EoB-_4wEZlx4NH95XsaDhY5hGvq4JFl5nH993dcq9n6x6ZO_7vGfQru_T3Y5ALklFq2R6o7bzLQSMrphzEoRA/9bYIvCXmAVebqPbFORCiFHFVl1KJi4fwPSUukxzUMYg)
Pluto Loans B2B,Abandoned,Financial Protocols,https://www.plutoloans.com/en/plutoloans_en/,Self-repaying loans: Spend your future yield today,$141180.00,$141180.00,,"Pluto Loans B2B,Pluto Loans B2B","Pluto Loans, Pluto Loans B2B","https://communityfund.stellar.org/dashboard/submissions/reccHsP7ESotRVcIv, https://communityfund.stellar.org/dashboard/submissions/recVYQzThUCdFa0N5","https://communityfund.stellar.org/dashboard/submissions/reccHsP7ESotRVcIv, https://communityfund.stellar.org/dashboard/submissions/recVYQzThUCdFa0N5","SCF #10, SCF #15","SCF #10, SCF #15","Yes, fully open-source with Github",https://github.com/PlutoDAO,https://discord.gg/9hkx2AVhpc,,https://www.linkedin.com/company/plutodao/,,,,checked,image.png (https://v5.airtableusercontent.com/v3/u/50/50/1771855200000/2BUu7Ccy3bXX_IeISaYvZw/UDajQ7xdNXCH6xNVgJIbX4iVTkjV_6CEWpSz_N8peDC2zCwUq7xPZRE2poD9srDVJClnTwDA5uRxXTPzpMb73o-42cSeA5Ej0d2Q8imsrg7kEnzCm56kvMS9S1W6sEzX06eIc83haZuXFUQATCVYDg/KeKZpXngyKrDRzJOr10b3tOcApfZ8K7alH8zUwV2zL0)
Zentra,Abandoned,Financial Protocols,https://tide-soroban-contract-frontend.vercel.app/,We are building a payment streaming app on Soroban to allow users to make payments over a fixed period of time.,$18200.00,$18200.00,,Zentra,Tide Stream Payment,https://communityfund.stellar.org/dashboard/submissions/recTmMM8Qbio6zNHx,https://communityfund.stellar.org/dashboard/submissions/recTmMM8Qbio6zNHx,SCF #23,SCF #23,"Yes, fully open-source with Github",https://github.com/TosinShada/tide-streaming,,,,,,,checked,ZENTRA_Soroban2.jpg (https://v5.airtableusercontent.com/v3/u/50/50/1771855200000/XEbPq3aKyf1Apnn0rnCRcw/chI7HwvmWfCFE1iX_-jy9E8fVtrxKDm8g1XJmyW48HQR22p4Ra_BpbMZzL-69Fscv-sqaXSP8wPEVbgsuj7ci3V1w-ul8Zbxt9E5sQ7PzBYoW-ZwKFrnPrlRss_QM-AZAitic7auvY3rQ5pKjlz0pA/lTFMp6V6ueoo0fG1WOuAWGibBy0nswwMDfeosSvoMGU)
Mystic Finance,Abandoned,Financial Protocols,https://mysticfinance.xyz,"Mystic is building a lending market for RWAs, which lets borrowers take out stablecoins using their tokenized real-world assets.",$47000.00,$47000.00,,Mystic Finance,Mystic - RWA lending market,https://communityfund.stellar.org/dashboard/submissions/recqCzftyJOhfSKmB,https://communityfund.stellar.org/dashboard/submissions/recqCzftyJOhfSKmB,SCF #29,SCF #29,"Not yet, I don’t have a Github yet but my project will be open-source",,,https://twitter.com/mystic_finance,,,,,checked,1080 (https://v5.airtableusercontent.com/v3/u/50/50/1771855200000/nG5qjdO4hoiIuK1XgOiH5g/0P7RJHoqPeW_jwwUrNXILR0bnOleeD-eG8LBkfCpfd3kfDHP4mkHPjv-LRv5Ci_SgSAczc4elINzOCmxpqtNQmDlhrqRAZzTvfO3qb0iLXVUyUVDZD5wAuI6KoZbES8y2BxleTEA_xyB5pjAgUssqw/h_3ksOG0O7kOIRobhR6AS2JgHqGR_iNpjzQKbG-G4iQ)
ClickPesa Debt Fund,Abandoned,Financial Protocols,https://clickpesadebtfund.com,We provide Web3 end-to-end transparency and accountability promoting access to funding for SMEs and women-owned businesses,$125000.00,$125000.00,,"ClickPesa Debt Fund,ClickPesa Debt Fund","Making DeFi finance work, Making DeFi Finance work #2","https://communityfund.stellar.org/dashboard/submissions/recLlGrfUZ3BXOFcw, https://communityfund.stellar.org/dashboard/submissions/recEgzZZ8W6tacMCS","https://communityfund.stellar.org/dashboard/submissions/recLlGrfUZ3BXOFcw, https://communityfund.stellar.org/dashboard/submissions/recEgzZZ8W6tacMCS","SCF #26, SCF #28","SCF #26, SCF #28","Yes, fully open-source with Github",https://github.com/ClickPesa-Debt-Fund/cdf-pool-ui,,,,,https://amp.runtimeverification.com/public-report/clickpesa,,checked,2f58bc21a9e85f099463565a892fa4e7.jpeg (https://v5.airtableusercontent.com/v3/u/50/50/1771855200000/iLsGTH9Uo9AeYABHhijhKA/L4TM3KG-gbxzhs_JsHpXyCYbHeSqhyELRlvCZsEGYIXWXmusWrMjymcru0766fAwvDUcFyiDsNiIczAhLUCncsuk7yTWwBk4Bn_Xf3dtrwma_-thMaxTNrB4L-wGSjW5afsfpX9rRNyXdu9Sq8VDAseyj7gRFpWSJQBa16NYxWY7O6SO2d6JNfh03xUS29aK/c7303M9l4XVGsWICRWEJCjyRDSMkDsntNf_eqRmTypU)
RAMM: Global Retail Commerce,Abandoned,Financial Protocols,https://WWW.RAMM.ai,"A novel DEX/AMM where brands sell direct to consumers w/out the high selling fees of Amazon/eBay, while keeping all customer data",$38500.00,$38500.00,,RAMM: Global Retail Commerce,RAMM: Global Retail Commerce,https://communityfund.stellar.org/dashboard/submissions/rec3MBR9xIV3XOJw1,https://communityfund.stellar.org/dashboard/submissions/rec3MBR9xIV3XOJw1,"SCF #22, SCF #36",SCF #22,"Partly, I do have a public Github",https://github.com/jamiels/ramm.ai,,,,,,,checked,Screen Shot 2024-01-04 at 12.15.40 PM.png (https://v5.airtableusercontent.com/v3/u/50/50/1771855200000/5uHY6bvlaBTAx_EfD5v4Rw/fxncg3S5DzQ1eFEDsdr35Ma1LItNvR1Rp0aXuZ4wK6v2fAq_0mA-_t_4tDsvi3hoUZFAui2R2PVe0KDD-ToV3guS7-FOAN8jrdq-pL_8prnnzWlJ8MfM99LT05Xxj2znRQliH6G2ZwRhsy8wB7rGXQao1oUEYmvyDnlZldb0Lq8/NZ5rwmpph44PZkQC6xsj5wusss4-q8-Y8HxuArx10yg)
Chrysalis,Abandoned,Financial Protocols,https://raum.network,"Chrysalis - turn Stellar assets into fluid opportunities, offering seamless liquidity and staking rewards on one dynamic platform.",$49040.00,$49040.00,No specific region of operation,Chrysalis,Chrysalis,"https://communityfund.stellar.org/dashboard/submissions/reclPkvuD4iqLs6E5, https://communityfund.stellar.org/dashboard/submissions/recKFqIKbvMwtGktM",https://communityfund.stellar.org/dashboard/submissions/reclPkvuD4iqLs6E5,"SCF #29, SCF #30, SCF #31, SCF #32, SCF #35",SCF #29,"Yes, fully open-source with Github","https://github.com/Raum-Network/raum-chrysalis-stellarcontract, https://github.com/Raum-Network/raum-chrysalis-cctpintegration, https://github.com/Raum-Network/raum-chrysalis-ccipintegration",https://discord.gg/3TRy4pzzHn,https://x.com/ChrysalisFi,,https://raum.network,,-,checked,663ccd0e (https://v5.airtableusercontent.com/v3/u/50/50/1771855200000/qmmkwgvHf6bbIOK-rglTZA/WR9tiFZZJXf49tCcRuhVWszNgAgI-F6zoh1TQMRELScAlSH4jscxo7qSAdGNj64WKeo2_Pn9W4P_o77r8VUfcZFlTCDo85LR4PCp9W5VwD8vTKZk6nkRTc9FSg36AfSeNcXobJy1JwIccbRXLro18w/2Q3mVjD2qJhEnYmtSqUO8aRmfZ6F--BX9_aXkBv-Isk)
"Fixed Rate ""Fixie""",Abandoned,Financial Protocols,https://jetprotocol.io,CLOB-based fixed rate fixed term lending,$4900.00,$4900.00,,"""""""Fixed Rate """"""""Fixie""""""""""""""","Polaris Lend (Former ""fixie"")",,,SCF #21,SCF #21,"Yes, fully open-source with Github",https://github.com/jet-lab,,https://twitter.com/JetProtocol,,,,,checked,image.png (https://v5.airtableusercontent.com/v3/u/50/50/1771855200000/vrt4DDKKsof_YURC8dCsbw/tJgP-VjQIg0I_SrXWMoMHjshI0bN4RucpWcm-TzDO78u-ZGdL7MT5TMeZ9Dzm7Ttb5YnfhjUcObN16Nfuy0Jzw40ySC_3tezY6nbsdBw0BW4MCWGvFSytEnEK1fGDQQIv_qGvve-r4Q84SN0RbIk4Q/J8lpp_WTz9yesuHZMap9xlhPPtpByCXn6zkDeL03xh0)
Soroban  Polygon - Interop,Abandoned,Financial Protocols,https://entethalliance.github.io/crosschain-interoperability/draft_dlt-interop_techspec.html,"Crosschain asset transfers between Soroban and Polygon, leveraging the Enterprise Ethereum Alliance DLT Interoperability spec.",$42755.00,$42755.00,,Soroban  Polygon - Interop,Soroban  Polygon - Interop,https://communityfund.stellar.org/dashboard/submissions/recgndGyFwfROKd6B,https://communityfund.stellar.org/dashboard/submissions/recgndGyFwfROKd6B,SCF #27,SCF #27,"Yes, fully open-source with Github",https://github.com/QualitaX/Stellar-EEA-Compliant-Interoperability,,,,,,,checked,1080 (https://v5.airtableusercontent.com/v3/u/50/50/1771855200000/ENIa6gxZCaSBXOl1VVjErQ/x7V6HSIrwWI9oXFELbGfDQkKYEWzlJ-SrNwrJ7pKBkn11eiSjUF6F0A9JQIlveiBxeINlWLWw0hQi3luCsuwu4oW0Jg1JyrdIVpTgZ6eK6799GDpLDWhkJY0eoTkScQVoYmqPBnulcJNa_NJq-3Eag/74hkiLiYRObfuADjRXutJhfmUfthdXwMDyhHdKGWkuA)
Spacewalk,Abandoned,Financial Protocols,https://pendulumchain.org/spacewalk,The first bridge to Polkadot: giving Stellar users more access to the DeFi world.,$100000.00,$100000.00,,Spacewalk,Spacewalk,https://communityfund.stellar.org/dashboard/submissions/recY3x0bUhYwPUUSY,https://communityfund.stellar.org/dashboard/submissions/recY3x0bUhYwPUUSY,SCF #11,SCF #11,"Yes, fully open-source with Github",https://github.com/pendulum-chain/spacewalk,,,,,,,,image.png (https://v5.airtableusercontent.com/v3/u/50/50/1771855200000/gVHwOO0gxEO0nZ1xLn39KA/0iba66BRqvbvW9emUxjCgIPKqiQGfku4Xivw78Ll6PmyXP0Umt4W7IG-1_M-hIyB81Ujkid7XhIAoiJw8Sc82kRHRPlqTpLrGP_IM5P2uUSwjsHnCXckBZjT_sS9OMKyt5gWEkcfXTnCzJ_CEQ9glA/5kZp5zi92QVISoMRYH2kQHmkRMLaXVAGli2q5ADtWog)
XycLoans,Abandoned,Financial Protocols,https://xycloo.com/,"XycLoans is a decentralized flash loans protocol that runs on Soroban. It manages its own liquidity being structured in liquidity pools for each supported token. Borrowers can borrow from these pools any available amount through flash loans and lenders can provide liquidity to earn healthy and risk-free yields (as flash loans never lose liquidity by design). XycLoans is a flash loans-only protocol, making it extremely safe in terms of security and investment opportunities. ",$81800.00,$81800.00,,XycLoans,"XycLoans, xycLoans","https://communityfund.stellar.org/dashboard/submissions/recbjvBMO5YVW5op0, https://communityfund.stellar.org/dashboard/submissions/recenixBSty0Z0kdb","https://communityfund.stellar.org/dashboard/submissions/recbjvBMO5YVW5op0, https://communityfund.stellar.org/dashboard/submissions/recenixBSty0Z0kdb","SCF #13, Liquidity Award - '24 Q1","SCF #13, Liquidity Award - '24 Q1","Yes, fully open-source with Github",https://github.com/xycloo/xycloans/,https://discord.gg/gGvB2Bj2S5,https://twitter.com/xyclooLabs,,,https://ottersec.notion.site/XYC-Loans-37434c3cd4d441db8e671a331967ab5e,,checked,image.png (https://v5.airtableusercontent.com/v3/u/50/50/1771855200000/xUY9EdQF38v1hwoDmL3f4g/h3fLQoOT2-eCEZFex_mejBzFKOxeCHDbNVYB_wekQxPGsmbXQSQQ8j9nzkKbZwssdqqp2NBDW-D8hsOoHl89Y2SMbnE8OZoahXdp8D0VHoaueQuCmKQwpI-IZTQyy7iDBKYT7Y_nNC3ypfUyROTvBw/pQlYPsxwC7GDncAB6ypyTPLBL34nMp7iZyMYFcSN1Ls)
Comet,Abandoned,Financial Protocols,https://github.com/CometDEX,Comet is a weighted AMM protocol that offers soroban projects a flexible solution set when picking liquidity venues,$291000.00,$291000.00,,"Comet,Comet","Comet, Comet - Weighted Pool AMM","https://communityfund.stellar.org/dashboard/submissions/recG7Kj7ouwAFP2XY, https://communityfund.stellar.org/dashboard/submissions/recIRbsKDA1ayFXCF","https://communityfund.stellar.org/dashboard/submissions/recG7Kj7ouwAFP2XY, https://communityfund.stellar.org/dashboard/submissions/recIRbsKDA1ayFXCF","SCF #13, SCF #18","SCF #13, SCF #18","Yes, fully open-source with Github",https://github.com/CometDEX,,,,,https://ottersec.notion.site/Comet-f18adf3744e44ac1a9f6d51a17dd0c15,,checked,image.png (https://v5.airtableusercontent.com/v3/u/50/50/1771855200000/rBk0_WKfUqOKZpJww--2QA/PIsKALRkxHWJSmSCqz8TZ9x1AE3Yz_HwMIfWDype0AjW9rNV8YUS_GUv7HVDEODLNY75dHKMNSxFZCeKKISJYYItFu4RcdrDYDbv8oId6rjvwjZE38aQcrU1EbPHfnnpDHNLLC-N3AktCvHeAjxplw/Eocd20mGPALTTkiAABe4HmT9rXGBxCbIMkK_ZwgUYIg)
Clear,Abandoned,Financial Protocols,https://www.borderlesspayments.xyz/clear/,Asmart contract solution connecting payment companies to instant liquidity from individual guarantors for their daily operations.,$45000.00,$45000.00,,Clear,Clear - Liquidity for payments,"https://communityfund.stellar.org/dashboard/submissions/recZI6G0tdDrevSQz, https://communityfund.stellar.org/dashboard/submissions/reciM7pFYdehqC87z, https://communityfund.stellar.org/dashboard/submissions/rec416X3DVVXLsGPm",https://communityfund.stellar.org/dashboard/submissions/recZI6G0tdDrevSQz,"SCF #26, SCF #30, SCF #31",SCF #26,,,,,,,,,checked,d38800ac26af6e5e21c6aa444721a931.png (https://v5.airtableusercontent.com/v3/u/50/50/1771855200000/654SY_qKbp71uQT5exMyCw/vfCzgHry5oWhX2U2_b-KIhNTI2PJuZSZLBhbKNpxUYW6n_mUupIPypYdjNx3V_DQl2Zc569V5nZ1B1U7XtUUvtHvvq-Z7mpTeKUs0aXsYXnEupxfgyWodXrLADQZX0PQ4bbpcmpsL3igUG2MvPXD6jTiUkSxXdxRZpcwtHVMp78x54kEv1-1wQxrR9RVFY8b/X8KPHJ6Qj3O1eZRyplKXAVq9S5dRo9WiRw4__dB1UP0)
HiYield,Abandoned,Financial Protocols,https://hiyield.xyz,HiYield is building key components of onchain capital markets infrastructure to bolster liquidity. Our initial products include a tokenization protocol and a custom-built lending market ideal for onchain repurchase agreements and fixed-income collateral types.,$150000.00,$150000.00,,HiYield,HiYield,https://communityfund.stellar.org/dashboard/submissions/recjwQ8Ebg6OIV4BT,https://communityfund.stellar.org/dashboard/submissions/recjwQ8Ebg6OIV4BT,SCF #18,SCF #18,"No, my project does not need to be open-source, now or in the future",,https://discord.gg/5kgC3WYxKR,https://twitter.com/hiyield_xyz,,,https://veridise.com/audits/,,checked,Screenshot 2023-10-02 at 9.25.16 PM.png (https://v5.airtableusercontent.com/v3/u/50/50/1771855200000/VWMLT-d1rH_6zZ1CSYNXcw/StzplXHRHjSjoix2kI3Nj60C7d4UHofBndMoos3L4SQnsVjJoq-ESaTlsRiDMPjRsv09HUkjSfd-0mMu1vs6pZyZhKxicPNnFnXAeWDQeyVteh_Bj0jt2TDSTV9ZFIWJi5Ch9vWf_VR0V23kHkuF2_fL1JJ2dm7oLbXKDUsqAgM/Ggp_KMC-z4XyT0_gFWaJHoKPAFZIwCHzw5C31GWFJps)